"Legislation Number",URL,Congress,Title,"Latest Tracker Stage","Latest Summary"
"H.R. 5371",https://www.congress.gov/bill/119th-congress/house-bill/5371,"119th Congress (2025-2026)","Continuing Appropriations, Agriculture, Legislative Branch, Military Construction and Veterans Affairs, and Extensions Act, 2026","Became Law","<p><strong>Continuing Appropriations, Agriculture, Legislative Branch, Military Construction and Veterans Affairs, and Extensions Act, 2026</strong></p><p>This bill ends the government shutdown by providing FY2026 continuing appropriations for most federal agencies through January 30, 2026, and providing appropriations through the end of FY2026 for agriculture, military construction and veterans affairs, and legislative branch programs. It also extends various expiring programs and authorities.</p><p>Specifically, the bill provides continuing FY2026 appropriations to most federal agencies through the earlier of January 30, 2026, or the enactment of the applicable appropriations act. It is known as a continuing resolution (CR) and ends the government shutdown that began on October 1, 2025, because the FY2026 appropriations bills had not been enacted. The&nbsp;CR funds most programs and activities at the FY2025 levels with several exceptions that provide funding flexibility and additional appropriations for various programs.</p><p>The bill also provides back pay to all federal employees who were not paid during the government shutdown, prohibits federal agencies from taking actions related to a reduction in force (RIF) through January 30, 2026, and nullifies RIFs that were implemented by federal agencies between October 1, 2025, and the date of enactment for this bill.&nbsp;</p><p>In addition, the bill includes three regular FY2026 appropriations bills that fund the following agencies and activities though the end of FY2026:&nbsp;</p><ul><li>the Department of Agriculture,</li><li>the Food and Drug Administration,&nbsp;</li><li>Department of Defense military construction and family housing activities,</li><li>the Department of Veterans Affairs,</li><li>Congress and agencies that support Congress, and</li><li>several related and independent agencies.</li></ul><p>Finally, the bill extends several expiring authorities and programs, including authorities related to&nbsp;</p><ul><li>public health, Medicare, and Medicaid;</li><li>cybersecurity;</li><li>agriculture;</li><li>Food and Drug Administration user fees;</li><li>veterans benefits;</li><li>actions to mitigate a threat from an unmanned aircraft system (i.e.,&nbsp;drones); and</li><li>the Defense Production Act of 1950.</li></ul>"
"H.R. 5143",https://www.congress.gov/bill/119th-congress/house-bill/5143,"119th Congress (2025-2026)","District of Columbia Policing Protection Act of 2025","Passed House","<p><strong>District of Columbia Policing Protection Act</strong></p><p>This bill&nbsp;repeals restrictions on the circumstances under which law enforcement officers in the District of Columbia (DC) may engage in vehicular pursuits (i.e., police chases) of suspects fleeing in motor vehicles, and instead generally requires such pursuits in the absence&nbsp;of other means of apprehension.</p><p>Currently, pursuant to DC's Comprehensive Policing and Justice Reform Amendment Act of 2022, law enforcement officers generally may not engage in vehicular pursuits of suspects fleeing in motor vehicles unless the officer reasonably believes (1) the suspect was involved in a crime of violence or poses an immediate and serious threat to another person, (2) the pursuit is necessary to prevent that threat and is not likely to result in death or serious injury to any person, and (3) all other options have been exhausted or are unreasonable given the circumstances.</p><p>The bill repeals these restrictions and instead&nbsp;requires law enforcement officers&nbsp;to engage in vehicular pursuits of suspects fleeing in motor vehicles&nbsp;unless the officer or a higher-ranking officer reasonably believes that (1) such pursuit would be futile, (2) the pursuit would entail an unacceptable risk of harm to a person other than the suspect, or (3)&nbsp;the suspect can be apprehended more effectively or expeditiously by other means.</p><p>The bill also requires the Department of Justice to report to Congress on the costs and benefits of DC’s Metropolitan Police Department adopting technology that alerts the public of an active police pursuit in their immediate vicinity.&nbsp;</p>"
"H.R. 5140",https://www.congress.gov/bill/119th-congress/house-bill/5140,"119th Congress (2025-2026)","To lower the age at which a minor may be tried as an adult for certain criminal offenses in the District of Columbia to 14 years of age.","Passed House","<p>This bill lowers the age at which an individual may be tried as an adult for certain criminal&nbsp;offenses in the District of Columbia (DC)  to 14 years of age. </p><p>Under current DC law, an individual who is under 18 years of age is tried&nbsp;as a juvenile in family court. However, an individual who is 16 years of age or older may be tried as an adult if the individual is charged with&nbsp;murder, first-degree sexual abuse, burglary in the first degree, robbery while armed, or assault with intent to commit any such offense. Additionally, an individual who is 15 years of age or older may be tried as an adult if the individual is alleged to have committed a felony and&nbsp;it is determined that (1) it is in the interest of the public welfare to try the individual as an adult, and (2) there are no reasonable prospects for the individual's rehabilitation.</p><p>The bill lowers the minimum age to be tried as an adult in these cases to 14 years of age.</p>"
"H.R. 5125",https://www.congress.gov/bill/119th-congress/house-bill/5125,"119th Congress (2025-2026)","District of Columbia Judicial Nominations Reform Act of 2025","Passed House","<p><strong>District of Columbia Judicial Nominations Reform Act</strong></p><p>This bill terminates the District of Columbia (DC) Judicial Nomination Commission. </p><p>Currently, the commission recommends to the President nominees for judges for DC's Superior Court and Court of Appeals, who must then be confirmed by the Senate. The commission also appoints the chief judges for these courts. The bill terminates the commission's involvement&nbsp;in nominations and requires the President to appoint the chief judges.</p>"
"H.R. 5100",https://www.congress.gov/bill/119th-congress/house-bill/5100,"119th Congress (2025-2026)","To extend the SBIR and STTR programs, and for other purposes.","Passed House","<p>This bill reauthorizes through FY2026 the Small Business Innovation Research (SBIR) program, the Small Business Technology Transfer (STTR) program, and related pilot programs.</p><p>The SBIR and STTR programs are administered by various federal agencies and provide competitive awards for domestic small businesses to conduct research and development projects that have the potential for commercialization.</p>"
"H.R. 5078",https://www.congress.gov/bill/119th-congress/house-bill/5078,"119th Congress (2025-2026)","PILLAR Act","Passed House","<p><strong>Protecting Information by Local Leaders for Agency Resilience Act or the PILLAR Act</strong></p><p>This bill extends the State and Local Cybersecurity Grant Program through FY2035, expands the scope of the program,&nbsp;and imposes certain limits on the use of grant funds. (The program provides grants to states&nbsp;and Indian tribes to address cybersecurity risks to government information systems.)</p><p>The bill expands the scope of systems that may be secured using grant funds to include operational technology systems and specifies that systems using artificial intelligence are included. Such systems must be maintained, owned, or operated by or on behalf of state, local, or tribal governments.</p><p>The bill also specifies that grant funds may not be used to purchase software, hardware, or related products or services that do not align with relevant guidance provided by the Cybersecurity and Infrastructure Security Agency (CISA).</p><p>Further, the bill increases the federal share of costs available to entities that implement or enable multifactor authentication and identity and access management tools for critical infrastructure by a specified date.</p><p>The bill requires annual reports by grant recipients to include a description of recipients’ progress in assuming the cost of continuing cybersecurity programs after grant funds are fully expended.</p><p> The Government Accountability Office must periodically review the program. This effort must include a review of artificial intelligence adoption across a sample of grants.</p><p>Finally, CISA must implement an outreach plan to inform local governments, including governments in rural areas or areas with small populations, about CISA’s no-cost cybersecurity offerings.</p>"
"H.R. 4922",https://www.congress.gov/bill/119th-congress/house-bill/4922,"119th Congress (2025-2026)","D. C. Criminal Reforms to Immediately Make Everyone Safe Act of 2025","Passed House","<p><strong>DC Criminal Reforms to Immediately Make Everyone Safe Act or the DC CRIMES Act</strong></p><p>This bill limits the authority of the District of Columbia (DC) government over its criminal sentencing laws.&nbsp;</p><p>The bill eliminates the DC government’s authority to enact any act, resolution, or rule to change any criminal liability sentence in effect on the date of the bill's enactment.</p><p>The bill also (1) reduces the maximum age of a youth offender from 24 years to 18 years, and (2) repeals a provision that allows a DC criminal court to issue a sentence to a youth offender that is less than the mandatory minimum term otherwise required by law. A DC criminal court currently has the discretion to reduce or modify certain criminal sentences for a youth offender under specified circumstances. For example, a DC court may sentence a youth offender to probation in lieu of confinement. (However, this discretion does not apply to several specified violent crimes.)&nbsp;</p><p>Additionally, the bill directs the Office of the Attorney General for DC to publish, and update monthly, certain youth offender crime data on a publicly accessible website.&nbsp;</p>"
"H.R. 4553",https://www.congress.gov/bill/119th-congress/house-bill/4553,"119th Congress (2025-2026)","Energy and Water Development and Related Agencies Appropriations Act, 2026","Passed House","<p><strong>Energy and Water Development and Related Agencies Appropriations Act, 2026</strong></p><p>This bill provides FY2026 appropriations for U.S. Army Corps of Engineers civil works projects, the Department of the Interior's Bureau of Reclamation, the Department of Energy (DOE), and several independent agencies.</p><p>The bill provides appropriations for U.S. Army Corps of Engineers civil works projects, including for</p><ul><li>Investigations,</li><li>Construction,</li><li>Mississippi River and Tributaries,</li><li>Operation and Maintenance,</li><li>the Regulatory Program,</li><li>Flood Control and Coastal Emergencies,</li><li>Expenses,</li><li>the Office of the Assistant Secretary of the Army for Civil Works, and</li><li>the Water Infrastructure Finance and Innovation Program.</li></ul><p>The bill provides appropriations to the Department of the Interior for the Central Utah Project and the Bureau of Reclamation.</p><p>The bill provides appropriations to DOE for energy programs, including</p><ul><li>Energy Efficiency and Renewable Energy;</li><li>Cybersecurity, Energy Security, and Emergency Response;</li><li>Electricity;</li><li>Grid Deployment;</li><li>Nuclear Energy;</li><li>Fossil Energy;</li><li>Naval Petroleum and Oil Shale Reserves;</li><li>the Strategic Petroleum Reserve;</li><li>the Northeast Home Heating Oil Reserve;</li><li>the Energy Information Administration;</li><li>Non-Defense Environmental Cleanup;</li><li>the Uranium Enrichment Decontamination and Decommissioning Fund;</li><li>Science;</li><li>Nuclear Waste Disposal;</li><li>the Advanced Research Projects Agency—Energy;</li><li>the Title 17 Innovative Technology Loan Guarantee Program;</li><li>the Advanced Technology Vehicles Manufacturing Loan Program;</li><li>the Tribal Energy Loan Guarantee Program;</li><li>Indian Energy Policy and Programs;</li><li>Departmental Administration; and</li><li>the Office of the Inspector General.</li></ul><p>The bill also provides appropriations to DOE for</p><ul><li>Atomic Energy Defense Activities of the National Nuclear Security Administration,</li><li>Environmental and Other Defense Activities, and</li><li>the Power Marketing Administrations.</li></ul><p>The bill provides appropriations to several independent agencies, including the Federal Energy Regulatory Commission and the Nuclear Regulatory Commission.</p><p>The bill also sets forth requirements and restrictions for using funds provided by this and other appropriations acts.</p>"
"H.R. 4550",https://www.congress.gov/bill/119th-congress/house-bill/4550,"119th Congress (2025-2026)","United States Grain Standards Reauthorization Act of 2025","Passed House","<p><strong>United States Grain Standards Reauthorization Act of 2025</strong></p><p>This bill reauthorizes the U.S. Grain Standards Act (USGSA) through FY2030 and modifies&nbsp;authorities under the act.</p><p>Under the USGSA, the Department of Agriculture (USDA) establishes official marketing or quality standards for certain grains (e.g., corn, soybeans, and wheat), and the Federal Grain Inspection Service conducts and supervises official grain inspections and weighing services. Most provisions of the act are permanently authorized; however, several expire on September 30, 2025.</p><p>Specifically, the bill reauthorizes through FY2030</p><ul><li>USDA’s authority to collect and spend fees for&nbsp;inspection and weighing services;</li><li>the 30% cap on administrative and supervisory costs which may be incurred for services performed, with exceptions;</li><li>standardization and compliance activities and monitoring of foreign ports; and</li><li>the Grain Inspection Advisory Committee.</li></ul><p>The costs associated with equipment and the development of technology are excluded from the current 30% cap for administrative and supervisory costs for services.</p><p>The bill also includes a technical change<em>&nbsp;</em>that specifies&nbsp;fees are part of a&nbsp;<em>trust fund</em>, instead of the current&nbsp;<em>fund</em>.</p><p>Under the bill, USDA may inspect domestic non-export grain that is loaded or unloaded at an export port, as needed.</p><p>Further, USDA must prioritize the adoption of improved grain grading technology to provide for efficient, accurate, and consistent grading of grain.</p><p>Additional revisions include</p><ul><li>allowing USDA to work in cooperation with official agencies in a continuing research program,&nbsp;</li><li>expanding reporting requirements, and</li><li>allowing a Grain Inspection Advisory Committee member to serve until a new member is appointed.</li></ul>"
"H.R. 4490",https://www.congress.gov/bill/119th-congress/house-bill/4490,"119th Congress (2025-2026)","PARTNER Act","Passed House","<p><strong>Providing Appropriate Recognition and Treatment Needed to Enhance Relations Act or the PARTNER Act</strong></p><p>This bill authorizes the President to extend diplomatic immunities and privileges provided by the International Organizations Immunities Act, including immunity from certain lawsuits and exemption from property taxes, to specified international regional and research organizations.&nbsp;</p><p>Specifically, the bill authorizes the President to extend these immunities and privileges to</p><ul><li>the Association of Southeast Asian Nations (ASEAN), a regional organization with 10 members including Brunei, Indonesia, Singapore, and Vietnam;</li><li>the Pacific Islands Forum, a regional organization with 18 members including Australia, Fiji, New Zealand, and Papua New Guinea;</li><li>the Caribbean Community (CARICOM), a regional organization with 15 members and 6 associate members including Barbados, Grenada, Jamaica, and Saint Lucia; and</li><li>the European Organization for Nuclear Research (CERN), an international research organization focused on particle physics.</li></ul><p>The bill also authorizes the President to extend to the permanent observer mission of the African Union to the United Nations the privileges and immunities provided to permanent missions to the United Nations of member states.</p>"
"H.R. 4446",https://www.congress.gov/bill/119th-congress/house-bill/4446,"119th Congress (2025-2026)","FAST VETS Act","Passed House","<p><strong>Focused Assistance and Skills Training for Veterans' Employment and Transition Success Act or the FAST VETS Act</strong></p><p>This bill establishes conditions under which a veteran's individualized vocational rehabilitation plan (under the Veteran Readiness and Employment program) must be redeveloped. The&nbsp;program provides job training and employment-related services to veterans with service-connected disabilities.</p><p>Currently, the Department of Veterans Affairs (VA) must formulate and annually review an individualized vocational rehabilitation plan for veterans who have a serious employment handicap and have a reasonably feasible vocational goal.</p><p>The bill provides that such plan must be redeveloped with the veteran if the VA determines the achievement of the long-range rehabilitation goals for the veteran are no longer feasible due to changes in the employment handicap of the veteran and are more likely under a different plan.</p>"
"H.R. 4275",https://www.congress.gov/bill/119th-congress/house-bill/4275,"119th Congress (2025-2026)","Coast Guard Authorization Act of 2025","Passed House",
"H.R. 4233",https://www.congress.gov/bill/119th-congress/house-bill/4233,"119th Congress (2025-2026)","ARMOR Act","Passed House",
"H.R. 4216",https://www.congress.gov/bill/119th-congress/house-bill/4216,"119th Congress (2025-2026)","Made-in-America Defense Act","Passed House","<p><strong>FMS-Only List Review Act</strong></p><p>This bill requires the Department of State to conduct an annual review to identify defense articles and services eligible to be sold only through Foreign Military Sales (FMS) (i.e., U.S. government to foreign government sales) that should also be eligible to be sold through Direct Commercial Sales (DCS) (i.e., U.S. company to foreign government sales).</p><p>For each article or service identified, the review must address (1) the length of time to complete a transfer of the article or service through the FMS program as compared to the DCS process; (2) the impact of a transfer of the article or service through the DCS process on the workload of the State Department and the Department of Defense; and (3) the benefits of the transfer of the article or service through the DCS process to U.S. national security and competitiveness. &nbsp;</p><p>Within 30 days of the completion of each annual review, the State Department must report to Congress on the results of the review.</p>"
"H.R. 4215",https://www.congress.gov/bill/119th-congress/house-bill/4215,"119th Congress (2025-2026)","International Traffic in Arms Regulations Licensing Reform Act","Passed House",
"H.R. 4016",https://www.congress.gov/bill/119th-congress/house-bill/4016,"119th Congress (2025-2026)","Department of Defense Appropriations Act, 2026","Passed House","<p><strong>Department of Defense Appropriations Act, 2026</strong></p><p>This bill provides FY2026 appropriations to the Department of Defense (DOD) for military activities.</p><p>(The bill excludes military construction, military family housing, civil works projects of the Army Corps of Engineers, and nuclear warheads, which are all included in other appropriations bills.)</p><p>Within the DOD budget, the bill provides appropriations for</p><ul><li>Military Personnel;</li><li>Operation and Maintenance;</li><li>Procurement;</li><li>Research, Development, Test and Evaluation; and</li><li>Revolving and Management Funds.</li></ul><p>The bill provides appropriations for Other Department of Defense Programs, including</p><ul><li>the Defense Health Program,</li><li>Chemical Agents and Munitions Destruction,</li><li>Drug Interdiction and Counter-Drug Activities, and</li><li>the Office of the Inspector General.</li></ul><p>In addition, the bill provides appropriations for Related Agencies, including (1) the Central Intelligence Agency Retirement and Disability System Fund, and (2) the Intelligence Community Management Account.</p><p>The bill also sets forth requirements and restrictions for using funds provided by this and other appropriations acts.</p>"
"H.R. 3951",https://www.congress.gov/bill/119th-congress/house-bill/3951,"119th Congress (2025-2026)","Rural Veterans’ Improved Access to Benefits Act of 2025","Passed House","<p><strong>Rural Veterans’ Improved Access to Benefits Act of 2025</strong></p><p>This bill extends and expands the pilot program under which certain non-Department of Veterans Affairs (VA) health care professionals may be contracted to provide disability examinations to veterans, regardless of the jurisdiction of their licensure, for purposes of Department of Veterans Affairs (VA) benefits and care. Specifically, the bill (1) expands the types of health care professionals who may provide such examinations, and (2) extends the authority for such professionals to be contracted for this purpose through January 5, 2031.</p><p>Currently, such examinations may only be contracted to licensed non-VA physicians, physician assistants, nurse practitioners, audiologists, or psychologists. The bill expands the list to include qualified health care professionals who are eligible for appointment to specified positions in the Veterans Health Administration, including hospital or clinic directors, dentists, and pharmacists.</p><p>The VA must report on its use of the expanded authority under this bill.</p>"
"H.R. 3944",https://www.congress.gov/bill/119th-congress/house-bill/3944,"119th Congress (2025-2026)","Military Construction and Veterans Affairs, Agriculture, and Legislative Branch Appropriations Act, 2026","Resolving Differences","<p><strong>Military Construction and Veterans Affairs, Agriculture, and Legislative Branch Appropriations Act, 2026</strong></p><p>This bill provides FY2026 appropriations to several federal departments and agencies for activities and programs related to military construction, veterans, agriculture, and the legislative branch.</p><p>Specifically, the bill includes 3 of the 12 regular FY2026 appropriations bills:</p><ul><li>the Military Construction, Veterans Affairs, and Related Agencies Appropriations Act, 2026;</li><li>the Agriculture, Rural Development, Food and Drug Administration, and Related Agencies Appropriations Act, 2026; and</li><li>the Legislative Branch Appropriations Act, 2026.</li></ul><p>The departments, agencies, and activities funded in the bill include</p><ul><li>Department of Defense military construction and family housing activities,</li><li>the Department of Veterans Affairs,</li><li>the Department of Agriculture,</li><li>the Food and Drug Administration,</li><li>the Senate,</li><li>various agencies that support Congress, and</li><li>several related and independent agencies.</li></ul><p>(Pursuant to the longstanding practice of each chamber of Congress determining its own requirements, funds for the House of Representatives are not included in the Senate bill.)</p><p>The bill also sets forth requirements and restrictions for using funds provided by this and other appropriations acts.</p>"
"H.R. 3937",https://www.congress.gov/bill/119th-congress/house-bill/3937,"119th Congress (2025-2026)","Wabeno Economic Development Act","Passed House","<p><strong>Wabeno Economic Development Act</strong></p><p>This bill requires the Forest Service to convey approximately 14 acres of federal land, including the&nbsp;mineral rights,&nbsp;in the Chequamegon-Nicolet National Forest, Wisconsin, to Tony's Wabeno Redi-Mix, LLC, upon receiving an offer to buy the land for market value.</p><p>The Forest Service must complete an appraisal to determine the market value of the land, and the offer must be received within 180 days after federal approval of such appraisal. Tony's Wabeno Redi-Mix, LLC, must pay an amount equal to the market value of the land and all associated costs as a condition of conveyance.</p><p>Additionally, the Department of the Interior must publish a comprehensive review of the federal permitting processes for the development of stone, sand, and gravel on federal lands.</p>"
"H.R. 3854",https://www.congress.gov/bill/119th-congress/house-bill/3854,"119th Congress (2025-2026)","Modernizing All Veterans and Survivors","Passed House","<p><strong>Modernizing All Veterans and Survivors Claims Processing Act</strong></p><p>This bill requires the Department of Veterans Affairs (VA) to plan and implement certain technological improvements to its systems, particularly in relation to the processing of claims and benefits.</p><p>First, the bill requires the VA to submit to Congress its plan to make available an automation tool for processing claims. Such tool must automate the retrieval of the records of the veteran, compile evidence relevant to the determination of the claim, provide automated decision support relevant to the determination, automate information sharing between federal agencies, and assist in generating correspondence regarding the claim.</p><p>Within one year of submitting this plan, the VA must ensure that each VA program office responsible for processing claims for pension or survivor benefits has an automation tool that at least assists in generating correspondence regarding the claim.</p><p>The VA must also implement policies, processes, and technological capabilities to ensure that a claims processor is made aware of and assigned to address situations when (1) there is an increase in the amount of dependency compensation paid to a beneficiary for a child, and (2) any educational assistance is paid to the child of a veteran.</p><p>Finally, the VA must submit a plan to Congress to ensure documents in the Veterans Benefits Management System are correctly labeled when uploaded.</p>"
"H.R. 3838",https://www.congress.gov/bill/119th-congress/house-bill/3838,"119th Congress (2025-2026)","Streamlining Procurement for Effective Execution and Delivery and National Defense Authorization Act for Fiscal Year 2026","Passed House","<p><strong>Streamlining Procurement for Effective Execution and Delivery and National Defense Authorization Act for Fiscal Year 2026</strong></p><p>This bill sets forth policies&nbsp;and authorities for FY2026 for Department of Defense (DOD) programs and activities, military construction, and the national security programs of the Department of Energy and the Maritime Administration. It also authorizes appropriations for the Defense Nuclear Facilities Safety Board and the Naval Petroleum Reserves, and modifies the defense acquisition system to expedite delivery of capabilities to the Armed Forces.</p><p>Among other elements, the bill</p><ul><li>authorizes the acquisition or modification of various military items (e.g., aircraft) and sets policy for certain procurement programs;</li><li>authorizes research, development, test, and evaluation and sets policy for such&nbsp;activities;</li><li>sets active component and reserve component end-strength levels;</li><li>sets policy regarding various aspects of military health care and military compensation;</li><li>sets policy regarding acquisitions and acquisition management, including contracting authorities and small businesses;</li><li>sets policy for various matters related to DOD interactions with foreign nations, including matters concerning Israel;</li><li>sets policy for various matters related to DOD cyber activities, cyber workforce and training, cybersecurity, and artificial intelligence matters; and</li><li>authorizes the activities of the National Nuclear Security Administration, defense environmental cleanup, nuclear energy, and other defense activities.</li></ul><p>For additional information on the National Defense Authorization Act (NDAA) see</p><ul><li><a href=""https://www.congress.gov/crs-product/IF10516"">CRS In Focus IF10516, Defense Primer: Navigating the&nbsp;NDAA</a>, and</li><li><a href=""https://www.congress.gov/crs-product/IF10515"">CRS In Focus IF10515, Defense Primer: The&nbsp;NDAA Process</a>.</li></ul>"
"H.R. 3767",https://www.congress.gov/bill/119th-congress/house-bill/3767,"119th Congress (2025-2026)","Health Professionals Scholarship Program Improvement Act of 2025","Passed House","<p><strong>Health Professionals Scholarship Program Improvement Act of 2025 or the HPSP Improvement Act of 2025</strong></p><p>This bill requires, through FY2027, the Department of Veterans Affairs (VA) to ensure a participant in the Health Professionals Scholarship program receives a contract for employment within 90 days of the completion of their courses. The program provides financial assistance to students in a direct or indirect health care services discipline in exchange for service in the Veterans Health Administration.</p><p>The contract must offer employment in the full-time clinical practice of the participant’s profession at a VA facility with the highest need.&nbsp;</p>"
"H.R. 3657",https://www.congress.gov/bill/119th-congress/house-bill/3657,"119th Congress (2025-2026)","Hydropower Licensing Transparency Act","Passed House","<p><strong>Hydropower Relicensing Transparency Act</strong></p><p>This bill directs the Federal Energy Regulatory Commission to report annually to Congress on the status of the&nbsp;relicensing process for each application for a renewed hydropower dam license.</p>"
"H.R. 3633",https://www.congress.gov/bill/119th-congress/house-bill/3633,"119th Congress (2025-2026)","Digital Asset Market Clarity Act of 2025","Passed House","<p><strong>Digital Asset Market Clarity Act of 2025 or the CLARITY Act of 2025</strong></p><p>This bill establishes a regulatory framework for digital commodities, defined by the bill as digital assets that rely upon a&nbsp;blockchain for their value.</p><p>The Commodity Futures Trading Commission must generally regulate digital commodities transactions, including digital commodity exchanges, brokers, and dealers. To qualify for trade on an exchange (1) a digital commodity’s blockchain must be mature, or on a blockchain system that has achieved decentralized control as defined by the bill; or (2) the issuer of the digital commodity must file certain reports. The bill establishes requirements for trade monitoring, recordkeeping, and the commingling of customer assets. &nbsp;</p><p>The bill exempts digital commodities on mature&nbsp;blockchains (and&nbsp;digital commodities on blockchains expected to mature within certain timeframes)&nbsp;from Securities and Exchange Commission (SEC) registration requirements if annual sales fall under a certain amount and other requirements are met. The bill provides the SEC with jurisdiction over digital commodity activities and transactions engaged in by certain brokers and dealers on alternative trading systems and by national securities exchanges.&nbsp;</p><p>Digital commodity exchanges, brokers, and dealers are subject to the Bank Secrecy Act for anti-money laundering and related purposes.</p><p>The bill also sets forth requirements for alternative trading systems, previously issued digital commodities, and provisional registration until the bill is implemented. &nbsp;</p><p>For more information on this bill, see <a href=""https://www.congress.gov/crs-product/IN12583"">CRS Insight IN12583, Crypto Legislation: An Overview of H.R. 3633, the CLARITY Act</a>.</p>"
"H.R. 3579",https://www.congress.gov/bill/119th-congress/house-bill/3579,"119th Congress (2025-2026)","Veterans Readiness and Employment Program Integrity Act","Passed House","<p><strong>Veterans Readiness and Employment Program Integrity Act</strong></p><p>This bill modifies the Veteran Readiness and Employment (VR&amp;E) program of the Department of Veterans Affairs (VA). The VR&amp;E program provides job training and employment-related services to veterans with service-connected disabilities.</p><p>The bill requires veterans to submit an application to the VA in order to receive an initial evaluation to participate in the VR&amp;E program.</p><p>Further, a veteran may not receive employment assistance under the VR&amp;E program for more than 365 days.</p><p>The bill also requires the VA to report to Congress regarding the employment of veterans who participate in a vocational rehabilitation program under the VR&amp;E program, including the annual wages of veterans before and after completion of a program. Additionally, the VA must annually publish the average time between the date on which a veteran requests a vocational rehabilitation program under the VR&amp;E program and the date on which they first meet with a counselor as part of the program.</p><p>Finally, the VA must seek to enter into a contract with a non-VA entity that has expertise in vocational rehabilitation to review, report, and provide recommendations on rehabilitation programs under the VR&amp;E program.</p>"
"H.R. 3494",https://www.congress.gov/bill/119th-congress/house-bill/3494,"119th Congress (2025-2026)","VA Hospital Inventory Management System Authorization Act","Passed House","<p><strong>VA Hospital Inventory Management System Authorization Act</strong></p><p>This bill authorizes the Department of Veterans Affairs (VA) to purchase or develop and implement a cloud-based&nbsp;information technology system for the Veterans Health Administration (VHA) to manage inventory. If the VA purchases or develops such a system, the VA must implement a pilot program at one VHA facility before implementing the system throughout the entire VA to determine whether the functions of the system are satisfactory.</p>"
"H.R. 3490",https://www.congress.gov/bill/119th-congress/house-bill/3490,"119th Congress (2025-2026)","Gerald E. Connolly Esophageal Cancer Awareness Act of 2025","Passed House","<p><strong>Esophageal Cancer Awareness Act</strong></p><p>This bill requires the Government Accountability Office to report to Congress on (1) the impact of esophageal cancer-related health care spending under the Federal Employees Health Benefits Program (FEHBP) for federal employees and retirees diagnosed with esophageal cancer, and (2) how often FEHBP participants with a high risk of esophageal cancer undergo screenings according to established guidelines.&nbsp;</p>"
"H.R. 3486",https://www.congress.gov/bill/119th-congress/house-bill/3486,"119th Congress (2025-2026)","Stop Illegal Entry Act of 2025","Passed House","<p><strong>Stop Illegal Reentry Act</strong></p><p>This bill establishes or increases&nbsp;criminal penalties for certain non-U.S. nationals (<em>aliens</em> under federal law) who illegally enter the United States and then commit a felony&nbsp;or illegally reenter the United States.</p><p>The bill establishes a mandatory minimum prison term of 5 years and allows a life sentence for an individual who (1)&nbsp;improperly enters, or attempts to improperly enter, the United States; and (2) is subsequently convicted of a felony.</p><p>The bill increases the maximum term of imprisonment from 2 years to 5 years for repeated improper entry.&nbsp;</p><p>The bill also increases from 2 years to 10 years the maximum term of imprisonment for an individual who had been denied entry into or removed from the United States and who later enters or attempts to enter without prior approval. The bill increases the maximum term of imprisonment from 10 to 15 years if such an individual was convicted of three or more specified types of misdemeanors before removal.</p><p>An individual who had been denied entry or removed three or more times and who later enters or attempts to enter the United States shall be fined, imprisoned for up to 10 years, or both.</p><p>The bill establishes a mandatory minimum term of imprisonment of 10 years and allows a life sentence for an individual who was convicted of a felony before removal, or convicted of illegal reentry at least two times before removal, and who subsequently enters or tries to enter the United States.&nbsp;</p>"
"H.R. 3481",https://www.congress.gov/bill/119th-congress/house-bill/3481,"119th Congress (2025-2026)","Delivering Digitally to Our Veterans Act of 2025","Passed House","<p><strong>Delivering Digitally to Our Veterans Act of 2025</strong></p><p>This bill requires the Department of Veterans Affairs (VA) to provide a way for individuals who are entitled to VA educational assistance to electronically send and receive correspondence with the VA related to such assistance. The VA must ensure individuals are provided an opportunity to opt in to electronic correspondence.&nbsp;</p>"
"H.R. 3428",https://www.congress.gov/bill/119th-congress/house-bill/3428,"119th Congress (2025-2026)","Mid-Atlantic River Basin Commissions Review Act","Passed House","<p><strong>Mid-Atlantic River Basin Commissions Review Act</strong></p><p>This bill directs the Government Accountability Office (GAO) to review and report on the ethics policies, practices used to communicate with the public, and funding of the Mid-Atlantic River Basin Commissions. These commissions are the Susquehanna River Basin Commission, the Delaware River Basin Commission, and the Interstate Commission on the Potomac River Basin.</p><p>The GAO must submit a report to Congress on (1) the findings of the review, and (2) any recommendations to increase the transparency or congressional oversight of the commissions.</p><p>Within 90 days of the GAO submitting its report,&nbsp;and annually thereafter for five years, each commission must submit to Congress a plan detailing actions the commission has taken to comply with the recommendations contained in the GAO's report.</p>"
"H.R. 3427",https://www.congress.gov/bill/119th-congress/house-bill/3427,"119th Congress (2025-2026)","Water Resources Technical Assistance Review Act","Passed House","<p><strong>Water Resources Technical Assistance Review Act</strong></p><p>This bill directs the Government Accountability Office (GAO) to review the technical assistance authority, initiatives, and programs of the Environmental Protection Agency (EPA) that are related to clean water infrastructure.</p><p>Among other things, the review must include</p><ul><li>a description of the covered technical assistance available to states, tribes, local governments, and nongovernmental organizations, including activities and actions carried out during the previous five years;</li><li>a comprehensive review of how the EPA Water Technical Assistance (WaterTA) initiative identifies, selects, and partners with technical assistance providers to support communities; and</li><li>an assessment of the needs of economically distressed communities eligible to receive assistance under an EPA clean water infrastructure program that are not addressed through covered technical assistance.</li></ul><p>GAO must submit a report to Congress on the review, which must include any recommendations to improve covered technical assistance. Further, the EPA must submit a compliance plan to Congress annually for five years on any actions taken by the EPA to comply with GAO's recommendations.</p>"
"H.R. 3426",https://www.congress.gov/bill/119th-congress/house-bill/3426,"119th Congress (2025-2026)","Courthouse Affordability and Space Efficiency (CASE) Act of 2025","Passed House","<p><strong>Courthouse Affordability and Space Efficiency (CASE) Act of 2025</strong></p><p>This bill provides statutory authority for the General Services Administration (GSA) courtroom sharing policy and limits construction of new courthouses.&nbsp;</p><p>Under the bill, GSA must ensure courtroom sharing by magistrate, bankruptcy, and senior district judges. Specifically</p><ul><li>in courthouses with 10 or more active district judges, GSA must provide two courtrooms per 3 active district judges (except such courthouses may contain not less than 9 courtrooms for active district judges);</li><li>in courthouses with 3 or more bankruptcy judges, GSA must provide one courtroom per 2 bankruptcy judges;</li><li>in courthouses with 3 or more senior district judges, GSA must provide one courtroom per 2 senior district judges; and</li><li>in courthouses with 3 or more magistrate judges, GSA must provide one courtroom per 2 magistrate judges.</li></ul><p>GSA is prohibited from constructing a new courthouse that does not comply with the courtroom sharing requirements. Additionally, if a new courthouse will add capacity in the GSA inventory, existing space in the same courthouse complex must be fully utilized or relinquished from such inventory.</p><p>GSA must update the U.S. Courts Design Guide to reflect these requirements within 180 days after the bill's enactment.&nbsp;(The Design Guide&nbsp;sets forth the federal judiciary’s requirements for the design, construction, and renovation of court facilities and is intended for use by individuals involved in federal court construction projects.)</p>"
"H.R. 3425",https://www.congress.gov/bill/119th-congress/house-bill/3425,"119th Congress (2025-2026)","Personnel Oversight and Shift Tracking Act of 2025","Passed House","<p><strong>Personnel Oversight and Shift Tracking Act of 2025 or the POST Act of 2025</strong></p><p>The bill directs the Federal Protective Service (FPS) to improve the performance of security personnel contracted to protect federal buildings and to report on such efforts to Congress.</p><p>Within one year after the bill's enactment, FPS must establish performance testing and improvement protocols for contract security personnel. Specifically, FPS shall (1) establish standards for the collection, maintenance, and analysis of covert testing data; (2) conduct quarterly analytical reviews of covert testing data to identify trends and opportunities for operational improvement; (3) establish a mandatory, cause-specific corrective training and performance improvement plan for any individual who fails a covert test; and (4) update security training guidance to address failed covert tests, emerging threats, and best practices. FPS must&nbsp;report to Congress about implementation upon&nbsp;completion and annually thereafter.&nbsp;</p><p>Within&nbsp;180 days after the bill’s enactment, FPS must assess whether to replace or upgrade its tracking system for managing and monitoring the deployment availability of contract security personnel. FPS must&nbsp;develop (1) an implementation plan that includes a timeline for the replacement or update;&nbsp;and (2) procedures to ensure timely and accurate communication to building tenants regarding contract security personnel absences or other gaps in coverage.&nbsp;FPS must report to Congress on the assessment within one year after the bill's enactment&nbsp;and annually for the next three years.</p>"
"H.R. 3424",https://www.congress.gov/bill/119th-congress/house-bill/3424,"119th Congress (2025-2026)","SPACE Act of 2025","Passed House","<p><strong>Shared Property Agency Collaboration and Engagement Act of 2025 or the SPACE Act of 2025</strong></p><p>This bill directs the General Services Administration (GSA) to collaborate with federal agencies&nbsp;regarding the use of shared-space arrangements in federally&nbsp;leased buildings.</p><p>The GSA must (1) collaborate with tenants of federally&nbsp;leased space to better identify concerns around shared-space arrangements; (2) develop criteria that would facilitate the expanded use of space sharing; (3) identify how special-use space can be used to improve space sharing; and (4) establish measurable objectives, in consultation with tenants, to quantify the success of shared-space arrangements among federal agencies.</p><p>GSA must brief Congress on implementation of the bill within six months after the bill's enactment.</p>"
"H.R. 3423",https://www.congress.gov/bill/119th-congress/house-bill/3423,"119th Congress (2025-2026)","Facility for Runway Operations and Safe Transportation Act","Passed House","<p><strong>Facility for Runway Operations and Safe Transportation Act or the FROST Act</strong></p><p>This bill allows airport sponsors to use funds from Airport Improvement Program (AIP) grants for storage facilities for aircraft deicing equipment and fluids.</p><p>Under current law, airports may use&nbsp;AIP funds for structures and equipment that are used to deice&nbsp;aircraft, but not for the associated storage facilities.</p>"
"H.R. 3422",https://www.congress.gov/bill/119th-congress/house-bill/3422,"119th Congress (2025-2026)","Promoting Opportunities for Non-Traditional Capital Formation Act","Passed House","<p><strong>Promoting Opportunities for Non-Traditional Capital Formation Act</strong></p><p>This bill expands the functions of the Securities and Exchange Commission's Office of the Advocate for Small Business Capital Formation.</p><p>Specifically, the office must (1) provide educational resources and host (or participate in) events to promote capital-raising options for underrepresented small businesses, businesses in rural areas, and businesses affected by natural disasters; and (2) meet annually with representatives of state securities commissions to discuss opportunities for collaboration and coordination.</p>"
"H.R. 3400",https://www.congress.gov/bill/119th-congress/house-bill/3400,"119th Congress (2025-2026)","TRAVEL Act of 2025","Passed House","<p><strong>The Territorial Response and Access to Veterans' Essential Lifecare Act or the TRAVEL Act of 2025</strong></p><p>This bill authorizes the Department of Veterans Affairs (VA) to assign a physician who has been appointed in the Veterans Health Administration to serve as a traveling physician for a period of not more than one year. Such physician must provide health care to veterans at VA facilities located in American Samoa, Guam, the Northern Mariana Islands, Puerto Rico, the U.S. Virgin Islands, and any other territory or possession of the United States.</p><p>Traveling physicians must coordinate with non-VA providers when necessary to ensure high quality and coordinated care for veterans receiving hospital care and medical services.</p><p>The VA must provide a relocation or retention bonus to traveling&nbsp;physicians.</p>"
"H.R. 3395",https://www.congress.gov/bill/119th-congress/house-bill/3395,"119th Congress (2025-2026)","Middle Market IPO Cost Act","Passed House","<p><strong>Middle Market IPO Cost Act </strong></p><p>This bill requires the Government Accountability Office to study and report on the costs encountered by small- and medium-sized companies when undertaking initial public offerings.</p>"
"H.R. 3394",https://www.congress.gov/bill/119th-congress/house-bill/3394,"119th Congress (2025-2026)","Fair Investment Opportunities for Professional Experts Act","Passed House","<p><strong>Fair Investment Opportunities for Professional Experts Act</strong></p><p>This bill expands the eligibility criteria for an <em>accredited investor</em> for purposes of participating in private offerings of securities to include an individual determined by the Securities and Exchange Commission (SEC) to have qualifying professional knowledge through educational or professional experience. (Certain unregistered securities may only be offered to accredited investors.)</p><p>The bill also provides statutory authority for certain existing criteria for an accredited investor, including licensure or registration in good standing as a broker or investment adviser, specified annual salary, and specified net worth.</p><p>Further, the SEC is directed to revise the definition of <em>accredited investor</em> in Regulation D (which exempts certain offerings from SEC registration requirements) to conform to changes in this bill.</p>"
"H.R. 3382",https://www.congress.gov/bill/119th-congress/house-bill/3382,"119th Congress (2025-2026)","Small Entity Update Act","Passed House","<p><strong>Small Entity Update Act </strong></p><p>This bill requires the Securities and Exchange Commission (SEC) to study approaches to reduce the impact of SEC rules on small businesses and other small entities, make appropriate recommendations, and revise applicable rules.&nbsp;</p><p>Specifically, the bill requires the SEC to evaluate the current definition of&nbsp;<em>small entity</em> with respect to SEC rules.</p><p>Under the bill, the SEC must provide specific and detailed recommendations to Congress on how the SEC can revise the definition of <em>small entity</em> to (1) align with specified statutory goals, including reducing unnecessary burdens on small entities; and (2) expand the number of entities covered. In addition, the SEC must adjust for inflation every five years any dollar amounts used to define small entities.</p><p>The SEC must also revise the applicable rules to implement these recommendations.</p>"
"H.R. 3381",https://www.congress.gov/bill/119th-congress/house-bill/3381,"119th Congress (2025-2026)","Encouraging Public Offerings Act of 2025","Passed House","<p><strong>Encouraging Public Offerings Act of 2025</strong></p><p>This bill provides statutory authority for all issuers of securities to use certain offering procedures that are available to emerging growth companies.</p><p>Specifically, the bill allows under statute issuers of securities to communicate with potential investors to ascertain interest in a contemplated securities offering, either before or after the filing of a registration statement (i.e., <em>test the waters</em>).</p><p>Additionally, issuers are allowed under statute to submit to the Securities and Exchange Commission, with respect to an initial public offering, initial registration, or follow-on offering, a confidential draft registration statement for review prior to public filing<em></em>.</p>"
"H.R. 3357",https://www.congress.gov/bill/119th-congress/house-bill/3357,"119th Congress (2025-2026)","Enhancing Multi-Class Share Disclosures Act","Passed House","<p><b>Enhancing Multi-Class Share Disclosures Act </b></p> <p>This bill requires issuers of securities with multi-class share structures to disclose certain information in any proxy solicitation or consent solicitation material. A multi-class share structure occurs when a company issues two or more classes of shares that have different voting rights. For example, a company may issue one class of shares with no or few voting rights for the public, and another class with more voting rights for company founders and executives. </p> <p>Under the bill, the issuer must disclose certain information about each director, director nominee, named executive officer, and each beneficial owner of securities with 5% or more of the total combined voting power of all classes of securities entitled to vote in the election of directors. Specifically, the issuer must disclose (1) the number of shares of all classes of securities entitled to vote in the election of directors beneficially owned by such person, and (2) the amount of voting power held by such person.</p>"
"H.R. 3352",https://www.congress.gov/bill/119th-congress/house-bill/3352,"119th Congress (2025-2026)","HALOS Act of 2025","Passed House","<p><strong>Helping Angels Lead Our Startups Act of 2025 or the HALOS Act of 2025</strong></p><p>This bill directs the Securities and Exchange Commission (SEC) to exempt presentations and communications (e.g., product demonstrations) made at certain events from advertising and solicitation restrictions under Regulation D. (Regulation D exempts certain securities offerings from SEC registration requirements but prohibits general solicitation or general advertising with respect to such offerings.)</p><p>Under the bill, this prohibition does not apply to events where presentations or communications are made by or on behalf of an issuer, if</p><ul><li>the advertising does not refer to any specific offering of securities by the issuer;</li><li>the event sponsor does not provide investment recommendations or advice to attendees, engage in investment negotiations with attendees, charge certain fees, or receive certain compensation; and</li><li>no specific information regarding a securities offering is communicated beyond&nbsp;the type and amount of securities being offered, the unsubscribed amount, and the intended use of proceeds from the offering.</li></ul><p>Exempt events must involve participation by more than one issuer and must be sponsored by specified entity types, including <em>angel investor groups</em> unconnected to broker dealers or investment advisors. Such events generally may not be held in facilities owned or operated by a religious organization. If such an event is virtual, online participation must be limited to investors associated with the sponsor organization, accredited investors, or individuals invited to the event based on industry or investment experience.&nbsp;</p>"
"H.R. 3351",https://www.congress.gov/bill/119th-congress/house-bill/3351,"119th Congress (2025-2026)","Improving Access to Small Business Information Act","Passed House","<p><strong>Improving Access to Small Business Information Act </strong></p><p>This bill excludes from the Paperwork Reduction Act actions taken by the Office of the Advocate for Small Business Capital Formation within the Securities and Exchange Commission. Under the Paperwork Reduction Act, agencies must comply with specific procedures when gathering information from the public.</p><p>The bill establishes several exceptions. For example, the office must inform the person receiving the collection of information the reasons the information is being collected, as required under current law.</p>"
"H.R. 3343",https://www.congress.gov/bill/119th-congress/house-bill/3343,"119th Congress (2025-2026)","Greenlighting Growth Act","Passed House","<p><strong>Greenlighting Growth Act</strong></p><p>This bill limits the financial information an emerging growth company (EGC) must submit to the Securities and Exchange Commission. An EGC is a type of issuer that qualifies for reduced disclosures after its initial public offering (IPO) if its annual gross revenues are below a specific dollar amount. For example, an EGC must currently provide two years of financial statements after its IPO, rather than the three required for other companies.&nbsp;</p><p>Under the bill, an emerging growth company is not required to present certain financial statements from acquired companies. This applies to statements from the time period prior to the earliest audited period presented in connection with the EGC’s IPO. In addition, the bill provides that no issuer that was formerly an EGC is required to present financial statements older than its earliest audit performed in connection with its IPO.&nbsp;</p>"
"H.R. 3339",https://www.congress.gov/bill/119th-congress/house-bill/3339,"119th Congress (2025-2026)","Equal Opportunity for All Investors Act of 2025","Passed House","<p><strong>Equal Opportunity for All Investors Act of 2025</strong></p><p>This bill expands who may be considered an accredited investor for purposes of participating in private offerings of securities. (Certain unregistered securities may only be offered to accredited investors.)</p><p>Specifically, the bill allows an individual to qualify through an examination established by the Securities and Exchange Commission. The examination must</p><ul><li>be designed with an appropriate difficulty level such that an individual with financial sophistication or training would be unlikely to fail,</li><li>include methods to determine competency and knowledge in certain areas&nbsp;such as the disclosure requirements of different securities,&nbsp;and</li><li>be administered by a registered national securities association and offered free of charge to the public.</li></ul><p>Currently, accredited investors must satisfy certain requirements indicating their reduced exposure to financial risk, including those related to income, net worth, or knowledge and experience.</p>"
"H.R. 3301",https://www.congress.gov/bill/119th-congress/house-bill/3301,"119th Congress (2025-2026)","ELEVATE Act of 2025","Passed House","<p>This bill provides statutory authority for certain requirements related to registration statements submitted to the Securities and Exchange Commission (SEC).</p><p>First, the bill allows under statute an emerging growth company to submit profit and loss statements from the previous two years, rather than the previous three years as is required of other reporting companies. In addition, the bill allows under statute any issuer of securities to submit a draft registration statement to the SEC for confidential review prior to a public filing.</p>"
"H.R. 3095",https://www.congress.gov/bill/119th-congress/house-bill/3095,"119th Congress (2025-2026)","To direct the United States Postal Service to designate single, unique ZIP Codes for certain communities, and for other purposes.","Passed House","<p>This bill requires the U.S Postal Service to designate a single, unique ZIP Code for each of the following 74 communities:</p><ul><li>Canyon Lake, California</li><li>Eastvale, California</li><li>Hidden Hills, California</li><li>Industry, California</li><li>North&nbsp;Tustin, California</li><li>Tehachapi, California</li><li>Castle Pines, Colorado</li><li>Centennial, Colorado</li><li>Cherry Hills Village, Colorado</li><li>Greenwood Village, Colorado</li><li>Highlands Ranch, Colorado</li><li>Keystone, Colorado</li><li>Lone Tree, Colorado</li><li>Mountain Village, Colorado</li><li>Mt Crested Butte, Colorado</li><li>Severance, Colorado</li><li>Silver Cliff, Colorado</li><li>Sterling Ranch, Colorado</li><li>Superior, Colorado</li><li>Telluride, Colorado</li><li>Scotland, Connecticut</li><li>Estero, Florida</li><li>Ft&nbsp;Myers, Florida</li><li>Hollywood, Florida</li><li>Oakland Park, Florida</li><li>Lighthouse Point, Florida</li><li>Coconut Creek, Florida</li><li>Parkland, Florida</li><li>Deerfield Beach, Florida</li><li>Wilton Manors, Florida</li><li>Burr Ridge, Illinois</li><li>Carmel, Indiana</li><li>Noblesville, Indiana</li><li>Westfield, Indiana</li><li>Zionsville, Indiana</li><li>Urbandale, Iowa</li><li>Louisiana State University, Baton Rouge, Louisiana</li><li>Montz, Louisiana</li><li>Springwater Township, Minnesota</li><li>Grass Valley, Nevada</li><li>Swanzey, New Hampshire</li><li>Kinnelon, New Jersey</li><li>Mendham Township, New Jersey</li><li>Flanders, New York</li><li>Glendale, New York</li><li>Riverside, New York</li><li>Pendelton, New York</li><li>Northampton, New York</li><li>Harnett County, North Carolina</li><li>Weddington, North Carolina</li><li>Goose Creek, South Carolina</li><li>Fairview, Texas</li><li>Fate, Texas</li><li>Heath, Texas</li><li>Murphy, Texas</li><li>Northlake, Texas</li><li>Parker, Texas</li><li>Sargent, Texas</li><li>Fairlawn, Virginia</li><li>Caledonia, Wisconsin</li><li>Franklin, Wisconsin</li><li>Glendale, Wisconsin</li><li>Greenfield, Wisconsin</li><li>Village of Mount Pleasant, Wisconsin</li><li>Village of&nbsp;Somers, Wisconsin</li><li>Village of Harrison, Wisconsin</li><li>Mills, Wyoming</li><li>Hochatown, Oklahoma</li><li>North Enid, Oklahoma</li><li>Green, Ohio</li><li>Rochester, Wisconsin</li><li>Quartzite Township, Minnesota</li><li>Frederick, Colorado</li><li>Camargo, Kentucky</li></ul>"
"H.R. 3062",https://www.congress.gov/bill/119th-congress/house-bill/3062,"119th Congress (2025-2026)","Promoting Cross-border Energy Infrastructure Act","Passed House","<p><strong>Promoting Cross-b</strong><strong>order Energy Infrastructure Act</strong></p><p>This bill establishes a new process for approving or revoking permits for the construction and operation of energy infrastructure across an international border of the United States. Thus, it replaces the existing process established under specified executive orders.</p><p>The bill requires a person to obtain a certificate of crossing before constructing, connecting, operating, or maintaining a border-crossing facility for the import or export of oil or natural gas,&nbsp;or the transmission of electricity, across a U.S. border with Canada or Mexico. A certificate must be obtained from the Federal Energy Regulatory Commission (FERC) for a facility consisting of oil or natural gas pipelines or the Department of Energy (DOE) for an electric transmission facility. As a condition of issuing a certificate, DOE must require that an electric transmission facility be constructed, connected, operated, or maintained consistent with specified policies and standards.</p><p>FERC and DOE must meet a deadline for issuing a certificate as set forth by this bill. The bill also requires FERC to meet a deadline for approving applications to import or export natural gas to or from Canada or Mexico.</p><p>The bill also requires the President to obtain the approval of Congress before revoking a permit issued under executive orders for constructing, connecting, operating, or maintaining an oil or natural gas pipeline, an electric transmission facility, or a related border-crossing facility.</p>"
"H.R. 3055",https://www.congress.gov/bill/119th-congress/house-bill/3055,"119th Congress (2025-2026)","TRANSPORT Jobs Act","Passed House","<p><strong>Transitioning Retiring And New Service Members to Port Ocean Rail and Truck Jobs Act or the TRANSPORT Jobs Act</strong></p><p>This bill requires the Department of Transportation (DOT) to develop and make public the Veteran to Supply Chain Employee Action Plan. Among other elements, the plan must identify (1) barriers and challenges of members of the Armed Forces who are eligible for counseling under the Transition Assistance Program and veterans in searching or training for employment in the supply chain industry, and (2) challenges that supply chain employers face when recruiting, hiring, or retaining veterans and such members of the Armed Forces.</p><p>The plan must also recommend specific short- and long-term actions that DOT, the Department of Defense, the Department of Veterans Affairs, or the Department of Labor can take to help veterans and such members of the Armed Forces in becoming supply chain employees.</p>"
"H.R. 3015",https://www.congress.gov/bill/119th-congress/house-bill/3015,"119th Congress (2025-2026)","National Coal Council Reestablishment Act","Passed House","<p><strong>National Coal Council Reestablishment Act</strong></p><p>This bill provides statutory authority for the National Coal Council and directs the Department of Energy to reestablish the council&nbsp;in accordance with the charter that was in effect on November 19, 2021. Established in 1984, the council made recommendations to DOE on matters relating to coal and the coal industry.</p><p>In addition, the bill removes the requirement under the Federal Advisory Committee Act for the council to be re-chartered every two years.</p>"
"H.R. 2987",https://www.congress.gov/bill/119th-congress/house-bill/2987,"119th Congress (2025-2026)","CEASE Act of 2025","Passed House","<p><strong>Capping Excessive Awarding of SBLC Entrants Act or the CEASE Act</strong></p><p>This bill limits the number of for-profit small business lending companies that&nbsp;are authorized make 7(a) loans&nbsp;to not more than 16 at any time.</p>"
"H.R. 2966",https://www.congress.gov/bill/119th-congress/house-bill/2966,"119th Congress (2025-2026)","American Entrepreneurs First Act of 2025","Passed House","<p><strong>American Entrepreneurs First Act</strong></p><p>This bill revises the application requirements for the Small Business Administration's 7(a) loan and 504 loan programs.</p><p>Specifically, the bill requires applications for such loans to include (1) the applicant's date of birth; and (2) a certification that the applicant or all beneficial owners are citizens, nationals, or lawful permanent residents of the United States.</p><p>The bill specifies that certain individuals are ineligible for such loans, including (1) asylees, (2) refugees, (3) individuals issued a visa to remain in the United States, (4) individuals legally classified as nonimmigrants, (5) individuals to whom deferred action has been granted pursuant to the Deferred Action for Childhood Arrivals, and (6) individuals without lawful status under the immigration laws of the United States.</p>"
"H.R. 2931",https://www.congress.gov/bill/119th-congress/house-bill/2931,"119th Congress (2025-2026)","Save SBA from Sanctuary Cities Act of 2025","Passed House","<p><strong>Save SBA from Sanctuary Cities Act</strong></p><p>This bill requires the relocation of a regional, district, or local office of the Small Business Administration (SBA) if the SBA makes a public determination that the office is located in a sanctuary jurisdiction.&nbsp;The SBA must relocate that office, within 60 days of such determination, to a location that is not a sanctuary jurisdiction.</p><p>Under the bill, a&nbsp;sanctuary jurisdiction is a state or political subdivision thereof that prohibits or restricts any government entity or official from (1) exchanging with another government entity information regarding the citizenship or immigration status of an individual; or (2) complying with specified requests by the Department of Homeland Security.</p><p>Additionally, the SBA may not establish an office in a sanctuary jurisdiction.</p>"
"H.R. 2808",https://www.congress.gov/bill/119th-congress/house-bill/2808,"119th Congress (2025-2026)","Homebuyers Privacy Protection Act","Became Law","<p><strong>Homebuyers Privacy Protection Act</strong></p><p>This bill limits the circumstances in which credit reporting agencies may provide consumer credit reports to third parties in connection with residential mortgage transactions.&nbsp;</p><p>Specifically, the bill prohibits a credit reporting agency from providing a consumer's credit report to a third party in connection with a residential mortgage transaction unless the transaction consists of a firm offer of credit or insurance and&nbsp;(1) the third party provides documentation certifying that it has the consumer's consent; or (2) the third party has originated a mortgage on behalf of the consumer, is a current mortgage loan&nbsp;servicer to the consumer, or has a current specified banking relationship with the consumer.</p><p>These provisions take effect 180 days after the bill's enactment.</p>"
"H.R. 2721",https://www.congress.gov/bill/119th-congress/house-bill/2721,"119th Congress (2025-2026)","Honoring Our Heroes Act of 2025","Passed House","<p><strong>Honoring Our Heroes Act of 2025</strong></p><p>This bill requires the Department of Veterans Affairs (VA) to establish and implement a two-year pilot program to furnish, when requested, an appropriate headstone or burial marker to commemorate covered veterans. Covered veterans are veterans who died on or before November 1, 1990, and were released or discharged from service under conditions other than dishonorable. Currently, these benefits are only available to eligible veterans who died on or after November 1, 1990.</p><p>The bill requires the VA to update the National Cemetery Administration website with respect to the requirements for eligibility for a headstone or burial marker.&nbsp;</p>"
"H.R. 2701",https://www.congress.gov/bill/119th-congress/house-bill/2701,"119th Congress (2025-2026)","Fallen Servicemembers Religious Heritage Restoration Act","Passed House","<p><strong>Fallen Servicemembers Religious Heritage Restoration Act</strong></p><p>This bill requires the American Battle Monuments Commission (ABMC) to establish the Fallen Servicemembers Religious Heritage Restoration Program to identify deceased members of the Armed Forces who were Jewish and buried in a U.S. military cemetery located outside of the United States under a marker indicating the member was not Jewish. The program must&nbsp;contact survivors and descendants of such members.</p><p>The&nbsp;ABMC must seek to enter into a contract with a nonprofit organization to carry out the program during the first 10 fiscal years beginning after the date of enactment of the bill.</p>"
"H.R. 2659",https://www.congress.gov/bill/119th-congress/house-bill/2659,"119th Congress (2025-2026)","Strengthening Cyber Resilience Against State-Sponsored Threats Act","Passed House","<p><strong>Strengthening Cyber Resilience Against State-Sponsored Threats Act</strong></p><p>The bill creates a joint interagency task force to facilitate agency collaboration&nbsp;on efforts to respond to&nbsp;Chinese state-sponsored cyber actors, including Volt Typhoon.&nbsp;</p><p>The task force must be established and led by the Cybersecurity and Infrastructure Security Agency (CISA), an agency within the Department of Homeland Security (DHS). The task force must facilitate collaboration and coordination among the Sector Risk Management Agencies&nbsp;(SRMAs) specified in the President's National Security Memorandum- 22 (e.g.,&nbsp;the Department of Defense, the Department of Energy, and the Department of Agriculture) to detect, analyze, and respond to Chinese state-sponsored cyber actors&nbsp;by ensuring that such agencies’ actions are aligned and mutually reinforcing.</p><p>The bill directs&nbsp;DHS, CISA, the Department of Justice, the Federal Bureau of Investigation, and specified SRMAs&nbsp;to provide the task force with analysis, inspections, audits, and other relevant information necessary for&nbsp;the task force to carry out its responsibilities.&nbsp;The production and use of information must comply with all applicable statutes, regulations, and executive orders, and task force members must have appropriate security clearances to access classified information.</p><p>The task force must&nbsp;provide annual reports and briefings to Congress detailing its assessment of cyber threats and recommendations to improve the detection and mitigation of the cybersecurity threat posed by Chinese state-sponsored cyber actors.</p><p>The first report must be provided no later than 540 days after the establishment of the task force, and additional reports must be provided annually thereafter for six years.&nbsp;&nbsp;&nbsp;</p>"
"H.R. 2643",https://www.congress.gov/bill/119th-congress/house-bill/2643,"119th Congress (2025-2026)","Haiti Criminal Collusion Transparency Act of 2025","Passed House","<p><strong>Haiti Criminal Collusion Transparency Act of 2025</strong></p><p>This bill requires the President to impose visa- and property-blocking sanctions on foreign individuals and entities that are involved in or have direct ties to prominent criminal gangs in Haiti.</p><p>Specifically, the Department of State must periodically report to Congress on the ties between criminal gangs and political and economic elites in Haiti. The report must list (1) prominent criminal gangs in Haiti and the leaders thereof, and (2) Haitian political and economic elites who have direct links to criminal gangs and any organizations or entities controlled by these individuals. The President must impose sanctions on listed individuals and entities.</p><p>Under the bill, the term <em>economic elites</em> means board members, officers, and executives of groups, corporations, or other entities that exert substantial influence or control over Haiti’s economy, infrastructure, or particular industries. <em>Political elites</em> means current and former government officials and their high-level staff and political party or committee leaders.</p><p>The bill also applies civil and criminal penalties to persons that violate, attempt to violate, conspire to violate, or cause a violation of the regulations promulgated to carry out such sanctions.</p>"
"H.R. 2635",https://www.congress.gov/bill/119th-congress/house-bill/2635,"119th Congress (2025-2026)","Uyghur Policy Act of 2025","Passed House","<p><strong>Uyghur Policy Act of 2025</strong></p><p>This bill addresses human rights issues concerning the Uyghurs and other minority groups residing primarily in the Xinjiang Uyghur Autonomous Region (XUAR) in China.</p><p>The bill directs the Department of State to prioritize policies and programs to support the Uyghurs and members of other ethnic and religious minority groups in the XUAR and to lead coordination efforts for the release of certain political prisoners in the XUAR.&nbsp;</p><p>The State Department's Bureau of Educational and Cultural Affairs may make certain funds available to human rights advocates working on behalf of Uyghurs and members of other persecuted minority groups from the XUAR. The funds shall be used to facilitate the presence of such human rights advocates at public diplomacy forums to speak on issues related to the human rights and religious freedoms of persecuted minority groups in China.</p><p>The State Department must ensure that Uyghur language training is available to Foreign Service officers. It must also ensure that a Uyghur-speaking member of the Foreign Service is assigned to U.S. diplomatic and consular posts in China.</p>"
"H.R. 2625",https://www.congress.gov/bill/119th-congress/house-bill/2625,"119th Congress (2025-2026)","VERY Act of 2025","Passed House","<p><strong>Veterans Employment Readiness Yield Act of 2025 or the VERY Act of 2025&nbsp;</strong></p><p>This bill revises terminology used under the Veteran Readiness and Employment program, specifically by replacing the use of <em>employment handicap</em> with <em>employment barrier</em>.</p>"
"H.R. 2591",https://www.congress.gov/bill/119th-congress/house-bill/2591,"119th Congress (2025-2026)","Mental Health in Aviation Act of 2025","Passed House","<p><strong>Mental Health in Aviation Act of 2025</strong></p><p>This bill requires the Federal Aviation Administration (FAA) to review and update its regulations and policies on mental&nbsp;health for pilots and air traffic controllers.</p><p>The FAA must update regulations and take any other actions necessary to implement the recommendations of (1) the Aviation Workforce Mental Health Task Group, and (2) the&nbsp;Mental Health and Aviation Medical Clearances Aviation Rulemaking Committee (the ARC).</p><p>The FAA must also annually review and update, as appropriate, the applicable regulations and policies on&nbsp;mental health-related special issuance for pilots and air traffic controllers. As background, an Authorization for Special Issuance of a Medical Certificate is a discretionary document from the FAA which allows an airman with a disqualifying medical condition to fly under a restricted medical certificate.</p><p>Among other things, the review and update must</p><ul><li>reclassify and approve additional medications that may be safely prescribed to airmen to treat mental health conditions,</li><li>delegate additional authority to aviation medical examiners (AMEs) consistent with the ARC recommendations, and</li><li>improve the special issuance process for pilots and air traffic controllers.</li></ul><p>&nbsp;The bill authorizes the FAA to take actions to recruit and train additional AMEs.</p><p>The bill also authorizes an FAA public information campaign or education efforts to (1) destigmatize individuals in (or interested in joining) the aviation industry who seek mental health care, (2) broaden awareness of available supportive services, and (3) establish trust with pilots and air traffic controllers.</p>"
"H.R. 2503",https://www.congress.gov/bill/119th-congress/house-bill/2503,"119th Congress (2025-2026)","Undersea Cable Control Act","Passed House","<p><strong>Undersea Cable Control Act</strong></p><p>This bill requires the President and the Department of Commerce to take certain actions to prevent foreign adversaries from acquiring items needed to support the construction, maintenance, or operation of undersea cable projects. For the purposes of this bill, a<em> foreign adversary</em> is any foreign government or nongovernment person (entity or individual) engaged in certain conduct that significantly and adversely affects U.S. national security.</p><p>Within one year of the bill's enactment,&nbsp;the President must seek to enter into agreements with allies and partners to prevent such items from being available to foreign adversaries.</p><p>Furthermore, Commerce must determine the appropriate level of export and transfer controls for such items under the Export Administration Regulations.</p><p>The bill also requires Commerce to develop a strategy to prevent such items from being available to foreign adversaries. The President must report annually to Congress on this strategy.</p>"
"H.R. 2492",https://www.congress.gov/bill/119th-congress/house-bill/2492,"119th Congress (2025-2026)","Fire Safe Electrical Corridors Act of 2025","Passed House","<p><strong>Fire Safe Electrical Corridors Act of 2025</strong></p><p>This bill allows the Forest Service and the Bureau of Land Management (BLM) to expedite the removal of trees or other vegetation near electrical lines on their lands under certain circumstances. Specifically, the Forest Service and the BLM may include in special use permits or easements provided to electrical utilities permission to cut, remove, and sell trees or other vegetation near electrical lines on such lands without a separate timber sale if the cutting or removal is consistent with (1) any applicable land and resource management plan, and (2) other applicable environmental laws.</p><p>A special use permit or easement that includes permission for cutting and removal of trees or vegetation must include a&nbsp;requirement that, if the applicable electrical utility sells any portion of the material removed under the permit or easement, the utility must provide to the Forest Service&nbsp;or the BLM any proceeds received from the sale, less any transportation costs incurred in the sale.</p>"
"H.R. 2483",https://www.congress.gov/bill/119th-congress/house-bill/2483,"119th Congress (2025-2026)","SUPPORT for Patients and Communities Reauthorization Act of 2025","Passed Senate","<p><strong>SUPPORT for Patients and Communities Reauthorization Act of 2025</strong></p><p>This bill reauthorizes and revises Department of Health and Human Services (HHS) programs  that address substance use disorders, overdoses, and mental health. </p><p>For example, the bill reauthorizes for FY2026-FY2030&nbsp;grant and other programs&nbsp;relating to</p><p>• &nbsp; &nbsp;addressing&nbsp;substance use disorders with respect to pregnant and postpartum women,<br/>• &nbsp; &nbsp;prevention and recovery from substance use disorders for youth,&nbsp;<br/>• &nbsp; &nbsp;housing for individuals in recovery from substance use disorders,<br/>• &nbsp; &nbsp;community organizations facilitating recovery from substance use disorders,<br/>• &nbsp; &nbsp;loan repayment for certain health care providers treating substance use disorders,&nbsp;<br/>• &nbsp; &nbsp;prevention of overdoses of controlled substances,<br/>• &nbsp; &nbsp;treatment of children experiencing psychological trauma, and<br/>• &nbsp; &nbsp;mental and behavioral health education and training for medical and allied health students.</p><p>Also, the bill revises several programs,&nbsp;including by (1) expanding a program that supports resources for first responders to include the purchase of&nbsp;drugs or devices to treat non-opioid overdoses, (2) expanding a program that supports employment services for&nbsp;individuals in recovery so as to allow for the provision of related transportation services, and (3) temporarily authorizing a regional technical assistance center&nbsp;to assist the&nbsp;National Peer-Run Training and Technical Assistance Center for Addiction Recovery Support.</p><p>Additionally, the bill establishes new requirements for&nbsp;HHS, including requirements relating to</p><p>• &nbsp; &nbsp;protecting the National Suicide Prevention Lifeline program from cybersecurity threats,<br/>• &nbsp; &nbsp;establishing a Federal Interagency Work Group on Fentanyl Contamination of Illegal Drugs, and<br/>• &nbsp; &nbsp;reviewing and potentially revising the scheduling of approved products containing a combination of buprenorphine and naloxone under the Controlled Substances Act.</p>"
"H.R. 2482",https://www.congress.gov/bill/119th-congress/house-bill/2482,"119th Congress (2025-2026)","NTIA Reauthorization Act of 2025","Passed House","<p><strong>National Telecommunications and Information Administration Reauthorization Act of 2025 or the NTIA Reauthorization Act of 2025</strong></p><p>This bill reauthorizes the National Telecommunications and Information Administration (NTIA) through FY2026 and makes certain changes to its leadership structure.</p><p>Specifically, the bill promotes the head of the NTIA, currently the Assistant Secretary of Commerce for Communications and Information, to the role of Under Secretary of Commerce for Communications and Information. The bill also promotes the Deputy Assistant Secretary of Commerce for Communications and Information to Deputy Under Secretary of Commerce for Communications and Information.&nbsp;</p><p>Further, the bill provides statutory authority for two existing offices within NTIA—the Office of Spectrum Management and the Office of International Affairs.&nbsp;</p><p>The bill also repeals certain outdated or expired NTIA reporting requirements and consolidates certain remaining reporting requirements into one annual report to Congress.&nbsp;</p><p>Finally, the bill extends the obligation of the Office of the Inspector General for the Department of Commerce to audit the Connecting Minority Communities Pilot Program through FY2024.&nbsp;</p>"
"H.R. 2481",https://www.congress.gov/bill/119th-congress/house-bill/2481,"119th Congress (2025-2026)","Romance Scam Prevention Act","Passed House","<p><strong>Romance Scam Prevention Act</strong></p><p>This bill requires online dating service providers (i.e., mobile applications or websites) to provide users with&nbsp;a fraud ban notification if the user has established an account with the service and received a message through the service from a banned user of the service.</p><p>The fraud ban notification must include (1) the username or other profile identifier of the banned user and the most recent time when the user who is receiving the notification sent or received a message through the service&nbsp;to or from the banned user, (2) a statement that the banned user may have been using a false identity or&nbsp;attempting to defraud other users, (3) a statement that the user should not send cash (or another form of currency) or personal financial information to another user, (4)  information about avoiding online fraud (e.g., a link to another website or a disclosure) and (5) contact information for the provider's customer service department.</p><p>The bill provides for enforcement of these requirements by the Federal Trade Commission and state attorneys general.&nbsp;&nbsp;</p>"
"H.R. 2480",https://www.congress.gov/bill/119th-congress/house-bill/2480,"119th Congress (2025-2026)","Securing Semiconductor Supply Chains Act of 2025","Passed House","<p><strong>Securing Semiconductor Supply Chains Act of 2025</strong><strong></strong></p><p>This bill requires the SelectUSA program to solicit comments from state economic development organizations regarding federal efforts to increase foreign direct investment in semiconductor-related manufacturing and production. SelectUSA must then report to Congress on such comments and the strategies that SelectUSA may employ to increase such investment and to secure the U.S. semiconductor supply chain.</p><p>SelectUSA is a Department of Commerce program established to coordinate federal efforts to attract and retain business investment in the United States.</p>"
"H.R. 2458",https://www.congress.gov/bill/119th-congress/house-bill/2458,"119th Congress (2025-2026)","Secure Space Act of 2025","Passed House","<p><strong>Secure Space Act of 2025</strong></p><p>This bill prohibits the Federal Communications Commission (FCC) from granting satellite licenses or earth station authorizations, including U.S. market access for foreign-licensed satellites, to specified foreign entities of concern and their affiliates. (Earth stations, also commonly known as ground stations, are earth-based radio stations that communicate with satellites. A grant of U.S. market access permits one or more foreign-licensed satellites to communicate with one or more U.S.-licensed earth stations.)</p><p>Specifically, the FCC may not grant a satellite license, an earth station authorization, or market access to any entity, or an affiliate thereof, that produces or provides communications equipment or services deemed to pose an unacceptable risk to the national security of the United States. (The FCC maintains a list of such equipment and services, known as the Covered List. Providers of such equipment and services include, for example, Huawei Technologies Company and ZTE Corporation.)&nbsp;</p>"
"H.R. 2449",https://www.congress.gov/bill/119th-congress/house-bill/2449,"119th Congress (2025-2026)","FUTURE Networks Act","Passed House","<p><strong>Future Uses of Technology Upholding Reliable and Enhanced Networks Act or the FUTURE Networks Act</strong></p><p>This bill requires the Federal Communications Commission (FCC) to establish a 6G Task Force to report on industry-led efforts to set standards for sixth-generation wireless technology and the possible uses and limitations of such technology, among other topics. The task force must publish and solicit public comment on a draft of the report, and must take such comments into consideration in preparing the final report. &nbsp;</p><p>Members of the task force must include, to the extent practicable, representatives of companies in the communications industry; public interest organizations or academic institutions; and federal, state, tribal, and local governments (with at least one member representing each level of government). Members are to be selected by the chair of the FCC, and generally may not include representatives of entities owned or controlled by, or subject to the influence of, a foreign adversary, or otherwise deemed to pose a threat to U.S. national security.</p>"
"H.R. 2444",https://www.congress.gov/bill/119th-congress/house-bill/2444,"119th Congress (2025-2026)","Promoting Resilient Supply Chains Act of 2025","Passed House","<p><strong>Promoting Resilient Supply Chains Act of 2025</strong></p><p>This bill requires the Industry and Analysis office of the International Trade Administration of the Department of Commerce to monitor and respond to disruptions in critical industries and supply chains.</p><p>Specifically, the office must (1) establish the Supply Chain Resilience Working Group; (2) assess,&nbsp;map, and model critical supply chains; (3) identify high-priority supply chain gaps and vulnerabilities in critical industries; (4) identify and evaluate the effect of potential supply chain disruptions on market stability; and (5) collaborate with other governmental bodies and key international partners to identify opportunities to reduce supply chain gaps and vulnerabilities.</p><p>Additionally, the office, in consultation with the working group and specified nongovernmental entities, must&nbsp;make recommendations and implement a strategy to improve the security and resiliency of manufacturing capacity and supply chains for critical industries (including critical industries for emerging technologies).</p><p>The bill includes various reporting requirements.</p>"
"H.R. 2416",https://www.congress.gov/bill/119th-congress/house-bill/2416,"119th Congress (2025-2026)","Taiwan International Solidarity Act","Passed House",
"H.R. 2399",https://www.congress.gov/bill/119th-congress/house-bill/2399,"119th Congress (2025-2026)","Rural Broadband Protection Act of 2025","Passed House","<p><strong>Rural Broadband Protection Act of 2025</strong></p><p>This bill requires the Federal Communications Commission (FCC) to establish a process to vet applicants for certain funding programs that support affordable broadband deployment in high-cost areas, including rural communities.</p><p>Specifically, the FCC must conduct a rulemaking to develop a vetting process for applicants seeking funding under high-cost universal service programs for the deployment of a broadband-capable network and the provision of supported services over the network. The FCC must require applications for such funding to document each applicant’s technical, financial, and operational capabilities related to the proposed deployment, as well as a reasonable business plan.&nbsp;</p><p>The FCC must evaluate applications against reasonable and well-established standards and must consider each applicant’s history of compliance with the requirements of other government broadband funding programs. After the rulemaking is finalized, funds may only be awarded to applicants that satisfy the standards established therein.&nbsp;</p><p>Finally, the FCC must set financial penalties for applicants that default in some manner during the evaluation process before they are authorized to begin receiving support. &nbsp;</p>"
"H.R. 2390",https://www.congress.gov/bill/119th-congress/house-bill/2390,"119th Congress (2025-2026)","Maritime Supply Chain Security Act","Passed House","<p><strong>Maritime Supply Chain Security Act</strong></p><p>This bill authorizes the Maritime Administration&nbsp;to competitively award grants under the Port Infrastructure Development Program (PIDP) to upgrade or replace port cranes or parts of port cranes&nbsp;maintained, installed, provided, controlled, or sponsored&nbsp;by China or any of its departments, ministries, centers, agencies, or instrumentalities. The bill further specifies that grant funds may be used to upgrade or replace port cranes' hardware or software.&nbsp;</p><p>PIDP grants fund eligible projects that aim to improve&nbsp;the safety, efficiency, or reliability of the movement of goods through U.S. ports.</p>"
"H.R. 2384",https://www.congress.gov/bill/119th-congress/house-bill/2384,"119th Congress (2025-2026)","Financial Technology Protection Act of 2025","Passed House","<p><strong>Financial Technology Protection Act of 2025 </strong></p><p>This bill establishes the Independent Financial Technology Working Group to Combat Terrorism and Illicit Financing. The working group must study and report on terrorist and illicit use of digital assets and other related emerging technologies and develop proposals to improve anti-money laundering and counterterrorist financing efforts.</p><p>The working group terminates four years after the bill's enactment or after the working group completes any ongoing activities, whichever is later.</p><p>In addition, the Department of the Treasury must  (1) report on the potential use of digital assets and other emerging technologies by states, nonstate actors, and terrorist groups for the purpose of evading sanctions to threaten the national security of the United States; and (2) describe a strategy to mitigate and prevent this usage.&nbsp;</p>"
"H.R. 2351",https://www.congress.gov/bill/119th-congress/house-bill/2351,"119th Congress (2025-2026)","To direct the Commandant of the Coast Guard to update the policy of the Coast Guard regarding the use of medication to treat drug overdose, and for other purposes.","Passed House","<p>This bill&nbsp;requires the Coast Guard to provide access to naloxone (a medication to reverse opioid overdoses) at its facilities, track distribution of the medication,&nbsp;and monitor the illegal use of of controlled substances.&nbsp;</p><p>The bill directs the Coast Guard to update its policy regarding the use of medication to treat drug overdoses to require naloxone or a similar medication to be made available to members on all Coast Guard installations and in each operational environment.&nbsp;</p><p>Further, the Coast Guard must participate in the Department of Defense (DOD) tracking system for naloxone distribution and the illegal use of fentanyl and other controlled substances. (The National Defense Authorization Act for Fiscal Year 2024 directed DOD to&nbsp;establish the tracking system.) The bill requires the&nbsp;Coast Guard to finalize a memorandum of understanding with DOD to facilitate Coast Guard access to the tracking system.</p><p>The bill also specifies that laws that prohibit manufacturing or distributing controlled substances on vessels apply when controlled substances are intentionally or knowingly placed or caused to be placed on board a vessel (e.g., without the crew's knowledge or on board an unmanned vessel).&nbsp;</p><p>Further, the bill requires the Coast Guard to brief Congress within two years after the bill's enactment about the use of opioids and overdose medication at Coast Guard facilities by members and personnel. The briefing must describe the Coast Guard's progress in implementing its updated policy, the prevalence and incidence of the illegal use of controlled&nbsp; substances, and its processes to mitigate substance abuse.</p>"
"H.R. 2334",https://www.congress.gov/bill/119th-congress/house-bill/2334,"119th Congress (2025-2026)","Servicemember Residence Protection Act","Passed House","<p>This bill amends the Servicemembers Civil Relief Act to preempt state laws that establish squatter’s rights for premises owned by a servicemember in situations where the premises is occupied by a squatter during a period of military service of the servicemember.</p>"
"H.R. 2316",https://www.congress.gov/bill/119th-congress/house-bill/2316,"119th Congress (2025-2026)","Wetlands Conservation and Access Improvement Act of 2025","Passed Senate","<p><strong>Wetlands Conservation and Access Improvement Act of 2025</strong></p><p>This bill delays until FY2033 (currently, FY2026) the availability of interest earned on obligations held in the Federal Aid to Wildlife Restoration Fund (i.e., the&nbsp;Wildlife Restoration Trust Fund) for apportionment to carry out certain state wildlife conservation and restoration programs.</p>"
"H.R. 2269",https://www.congress.gov/bill/119th-congress/house-bill/2269,"119th Congress (2025-2026)","WIPPES Act","Passed House","<p><strong>Wastewater Infrastructure Pollution Prevention and Environmental Safety Act or the WIPPES Act</strong></p><p>This bill requires entities responsible for the labeling or retail packaging of certain premoistened, nonwoven wipes (e.g., baby wipes, cleaning wipes, or personal care wipes) to label such products clearly and conspicuously with the phrase <em>Do Not Flush</em> and accompanying symbol as depicted under specified industry guidelines.</p><p>The Federal Trade Commission must enforce these requirements&nbsp;and may issue regulations to implement the bill.&nbsp;</p>"
"H.R. 2261",https://www.congress.gov/bill/119th-congress/house-bill/2261,"119th Congress (2025-2026)","Strengthening Oversight of DHS Intelligence Act","Passed House","<p><strong>Strengthening Oversight of DHS Intelligence Act</strong></p><p>This bill increases privacy protections associated with Department of Homeland Security (DHS) intelligence information.&nbsp;</p><p>Specifically, the bill requires designated DHS officials to ensure that certain intelligence information is shared, stored, and disseminated in a manner consistent with the protection of civil rights, civil liberties, and privacy rights.</p><p>The bill also provides statutory authority for requirements for DHS to train intelligence personnel on civil rights, civil liberties, privacy rights, and privacy-related regulations and information practices. Such training must focus on those who disseminate information analyzed by DHS or who review such information for dissemination.</p>"
"H.R. 2255",https://www.congress.gov/bill/119th-congress/house-bill/2255,"119th Congress (2025-2026)","Federal Law Enforcement Officer Service Weapon Purchase Act of 2025","Passed House","<p><strong>Federal Law Enforcement Officer Service Weapon Purchase Act</strong></p> <p>This bill directs the General Services Administration to establish a program under which a federal law enforcement officer may purchase a retired firearm from the agency that issued the firearm to the officer.</p>"
"H.R. 2243",https://www.congress.gov/bill/119th-congress/house-bill/2243,"119th Congress (2025-2026)","LEOSA Reform Act","Passed House","<p><strong>LEOSA Reform Act of 2025</strong></p><p>This bill broadens the authority for certain law enforcement officers to carry concealed firearms across state lines.</p><p>Specifically, the bill allows qualified active and retired law enforcement officers to carry concealed firearms and ammunition (including magazines) in school zones; in national parks; on state, local, or private property that is open to the public; and in certain federal facilities that are open to the public.</p><p>Further, the bill permits states to reduce the frequency with which retired law enforcement officers must meet certain qualification standards.</p>"
"H.R. 2240",https://www.congress.gov/bill/119th-congress/house-bill/2240,"119th Congress (2025-2026)","Improving Law Enforcement Officer Safety and Wellness Through Data Act","Passed House","<p><strong>Improving Law Enforcement Officer Safety and Wellness Through Data Act of 2025</strong></p><p>This bill requires the Department of Justice to report on (1) targeted attacks on law enforcement officers, (2) the feasibility of incorporating such attacks into existing crime reporting systems, and (3) the mental health resources that are available to law enforcement officers.</p>"
"H.R. 2225",https://www.congress.gov/bill/119th-congress/house-bill/2225,"119th Congress (2025-2026)","Access to Small Business Investor Capital Act","Passed House","<p><strong>Access to Small Business Investor Capital Act </strong></p><p>This bill allows a registered investment company to exclude from the calculation of acquired fund fees and expenses those incurred indirectly from investment in a business development company. <em>Acquired fund fees and expenses</em> is a required line item on a fund's fee schedule that provides the operating expenses of the fund.</p>"
"H.R. 2215",https://www.congress.gov/bill/119th-congress/house-bill/2215,"119th Congress (2025-2026)","Salem Maritime National Historical Park Redesignation and Boundary Study Act","Became Law","<p><strong>Salem Maritime National Historical Park Redesignation and Boundary Study Act</strong></p><p>This bill redesignates the Salem Maritime National Historic Site in Massachusetts as the Salem Maritime National Historical Park. In addition, the bill directs the Department of the Interior to conduct and report on a boundary study. The study must evaluate the suitability and feasibility of including in the National Park System, as part of the Salem Maritime National Historical Park, sites and resources in the study area associated with its maritime history, coastal defenses, and military history.</p>"
"H.R. 2212",https://www.congress.gov/bill/119th-congress/house-bill/2212,"119th Congress (2025-2026)","DHS Intelligence Rotational Assignment Program and Law Enforcement Support Act","Passed House","<p><strong>DHS Intelligence Rotational Assignment Program and Law Enforcement Support Act</strong></p><p>This bill requires all components of the Department of Homeland Security (DHS) Intelligence Enterprise to participate in the Office of the Director of National Intelligence (ODNI) Intelligence Community (IC) Civilian Joint Duty Program.&nbsp;</p><p>The DHS Intelligence Enterprise is the primary mechanism to integrate DHS's intelligence programs. It is composed of the DHS Office of Intelligence and Analysis and the intelligence components of nine other DHS organizations, such as the Transportation Security Administration, the Coast Guard, and U.S. Customs and Border Protection. The IC Civilian Joint Duty Program offers federal civilian intelligence professionals the opportunity to broaden their experience by serving at a&nbsp;different IC element or relevant organization, or in certain positions within the individual's own IC element,&nbsp;for up to three years.</p>"
"H.R. 2201",https://www.congress.gov/bill/119th-congress/house-bill/2201,"119th Congress (2025-2026)","Improving VA Training for Military Sexual Trauma Claims Act","Passed House","<p><strong>Improving VA Training for Military Sexual Trauma Claims Act</strong></p><p>This bill expands training requirements and assistance provided by the Department of Veterans Affairs (VA) in relation to claims for covered mental health conditions (e.g., post-traumatic stress disorder) based on military sexual trauma.</p><p>Specifically, the bill requires VA employees who process claims for covered mental health conditions based on military sexual trauma to receive annual sensitivity training. Such training must be updated by the VA at least once a year.</p><p>The VA must annually report on (1) the training it provides, and (2) any plans to expand and update such training.</p><p>In providing assistance with such claims related to military sexual trauma, the VA must obtain the service medical record of the claimant and, if there is not credible supporting evidence of a military sexual trauma in the record, obtain the service personnel record of the claimant.</p><p>Additionally, the VA must report to Congress regarding (1) sensitivity training required for health care professionals (including schedulers) who are contracted under a VA pilot program to perform examinations of veterans who make claims related to military sexual trauma, and (2) the VA’s plan to improve such training and ensure veterans are not&nbsp;retraumatized during such an examination.</p>"
"H.R. 2170",https://www.congress.gov/bill/119th-congress/house-bill/2170,"119th Congress (2025-2026)","To name the Department of Veterans Affairs community-based outpatient clinic in Toms River, New Jersey, the Leonard G. 'Bud' Lomell, VA Clinic, and for other purposes.","Became Law","<p>This act designates the community-based outpatient clinic of the Department of Veterans Affairs in Toms River, New Jersey, as the Leonard G. “Bud” Lomell VA Clinic.</p>"
"H.R. 2096",https://www.congress.gov/bill/119th-congress/house-bill/2096,"119th Congress (2025-2026)","Protecting Our Nation’s Capital Emergency Act","Passed House","<p><strong>Protecting Our Nation's Capital Emergency Act of 2025</strong></p><p>This bill rescinds certain changes that were made in 2023 to&nbsp;District of Columbia (DC) law governing discipline of Metropolitan Police Department (MPD) officers.</p><p>First, the bill reinstates a 90-day statute of limitations (i.e., time limit) for initiating a corrective or adverse action against any MPD officer or civilian&nbsp;employee. The bill also allows officer disciplinary&nbsp;matters to be negotiated as part of a collective bargaining agreement.&nbsp; </p><p>Next, the bill eliminates the MPD police chief's&nbsp;authority to increase the police trial board's recommended&nbsp;penalty for officer misconduct.</p><p>Finally, the bill eliminates a requirement that MPD publish a schedule online of&nbsp;disciplinary&nbsp;hearings for which the proposed action is termination, including the date, time, and underlying allegations.&nbsp;</p>"
"H.R. 2056",https://www.congress.gov/bill/119th-congress/house-bill/2056,"119th Congress (2025-2026)","District of Columbia Federal Immigration Compliance Act of 2025","Passed House","<p><strong>District of Columbia Federal Immigration Compliance Act</strong></p><p>This bill&nbsp;prohibits the District of Columbia (DC) from&nbsp;limiting its cooperation with federal immigration enforcement activities, except for certain instances involving witnesses and victims of crime.&nbsp;</p><p>Specifically, the bill bars DC from adopting a law, policy, or practice prohibiting DC governmental entities from sending, receiving, maintaining, or exchanging information regarding the citizenship or immigration status of any individual with a federal, state, or local government entity.</p><p>Further, DC may not adopt a law, policy, or practice of&nbsp;not complying with lawful requests from the Department of Homeland Security (DHS) to comply with a detainer for, or notify about the release of, an individual from custody. (A detainer is a formal request from DHS that a state or locality hold an individual in custody for up to 48 hours after the individual would otherwise be released so that DHS may facilitate the individual's removal.)</p><p>The bill provides exceptions allowing DC to adopt policies of not sharing information or complying with a detainer request regarding an individual who comes forward as a victim or a witness of a crime.</p>"
"H.R. 2037",https://www.congress.gov/bill/119th-congress/house-bill/2037,"119th Congress (2025-2026)","Open RAN Outreach Act","Passed House","<p><strong>Open RAN Outreach Act</strong></p><p>This bill requires the National Telecommunications and Information Administration (NTIA) to conduct outreach and provide technical assistance to small communications network providers regarding the benefits, uses, and challenges of Open Radio Access Network (Open RAN) standards and other open network architectures. (Open RAN is a nonproprietary, standardized network deployment approach that promotes open networks with interoperable equipment and virtualized network operations.)</p><p>The NTIA must also conduct outreach and provide assistance to small providers regarding participation in the Public Wireless Supply Chain Innovation Fund,&nbsp;a competitive grant program that funds efforts to accelerate the development, deployment, and adoption of Open RAN.</p>"
"H.R. 2035",https://www.congress.gov/bill/119th-congress/house-bill/2035,"119th Congress (2025-2026)","American Cargo for American Ships Act","Passed House","<p><strong>American Cargo for American Ships Act</strong></p><p>This bill requires 100% of equipment, materials, and commodities procured, furnished, or&nbsp;financed by the Department of Transportation (DOT) and transported on ocean vessels to be transported on U.S.-flagged commercial vessels. (Current <em>cargo preference </em>laws require that a minimum percentage&nbsp;of federally financed ocean cargo be transported on U.S.-flagged commercial vessels. For civilian agencies and agricultural cargo, the minimum is generally 50%.)</p><p>Specifically, the bill imposes the requirement on DOT (for cargo it contracts for or procures for itself) and recipients of DOT funding (for cargo DOT has financed with federal funds or advanced funds for the recipient to obtain). As under current cargo preference&nbsp;laws, the requirement applies to the extent those vessels are available at fair and reasonable rates for U.S.-flagged commercial vessels,&nbsp;in a manner that will ensure fair and reasonable participation of U.S.-flagged commercial vessels by geographic area.&nbsp;</p>"
"H.R. 2034",https://www.congress.gov/bill/119th-congress/house-bill/2034,"119th Congress (2025-2026)","Edith Nourse Rogers STEM Scholarship Opportunity Act","Passed House","<p><strong>Edith Nourse Rogers STEM Scholarship Opportunity Act</strong></p><p>This bill expands eligibility for and modifies administration of the Edith&nbsp;Nourse Rogers STEM Scholarship. The scholarship allows individuals who are entitled to Post-9/11 GI Bill educational assistance and are pursuing eligible degrees in science, technology, engineering, mathematics, or health care to receive up to nine additional months of benefits (capped at $30,000).</p><p>The bill eliminates the requirement that an individual must have less than 180 days of remaining educational assistance entitlement (or no entitlement remaining) to be eligible for the scholarship.</p><p>Additionally, the bill reduces by 25% the number of credits an individual must have completed in order to be eligible for the scholarship.</p><p>In situations where there are insufficient funds available in a fiscal year, the bill authorizes the Department of Veterans Affairs to give priority to individuals who have used the most months of their educational assistance entitlement and those who are using their entitlement to pursue a program of post-secondary education in specified fields (e.g., engineering).</p><p>The bill specifies that individuals who receive the scholarship benefit may only use the benefit after they have used all of their educational assistance entitlement under the Post-9/11 GI Bill.</p>"
"H.R. 1998",https://www.congress.gov/bill/119th-congress/house-bill/1998,"119th Congress (2025-2026)","Sanction Sea Pirates Act of 2025","Passed House","<p><strong>Sanction Sea Pirates Act of 2025</strong></p><p>This bill requires the President to impose visa- and property-blocking sanctions on any foreign person (individual or entity) that the President determines knowingly engages in piracy.&nbsp;</p><p>The bill also applies civil and criminal penalties to persons that violate, attempt to violate, conspire to violate, or cause a violation of&nbsp;the regulations promulgated to carry out such sanctions.</p>"
"H.R. 1969",https://www.congress.gov/bill/119th-congress/house-bill/1969,"119th Congress (2025-2026)","No Wrong Door for Veterans Act","Passed House","<p><strong>No Wrong Door for Veterans Act</strong></p><p>This bill&nbsp;reauthorizes through FY2028 and modifies the Staff Sergeant Parker Gordon Fox Suicide Prevention Grant Program of the Department of Veterans Affairs (VA), which awards grants to eligible entities to provide or coordinate suicide prevention services for veterans and members of the Armed Forces and their families.</p><p>Among other elements, the bill</p><ul><li>adjusts the maximum amount for grants awarded under the program and provides for additional funding per individual who receives suicide prevention services provided or coordinated by a grantee;</li><li>requires the VA to provide briefings about the grant program at least once a year to certain personnel at each VA medical center located within 100 miles from the primary location of a grantee;</li><li>requires baseline mental health screenings for risk provided as suicide prevention services under the program to use a protocol selected by the VA; and</li><li>modifies eligibility requirements for entities seeking grants, including by authorizing applications from health care providers.</li></ul><p>In subsequent applications, grantees who have previously received funds under the program must include evidence that previously awarded funds served a significant number of veterans.</p><p>The bill requires grantees to notify (1) eligible individuals that they may receive emergent suicide care furnished or paid for by the VA, and (2) the VA if eligible individuals request emergent suicide care.</p>"
"H.R. 1968",https://www.congress.gov/bill/119th-congress/house-bill/1968,"119th Congress (2025-2026)","Full-Year Continuing Appropriations and Extensions Act, 2025","Became Law","<p><strong>Full-Year Continuing Appropriations and Extensions Act, 2025</strong></p><p>This bill provides continuing FY2025 appropriations for federal agencies and extends various expiring programs and authorities.&nbsp;</p><p>Specifically, the bill provides continuing FY2025 appropriations to federal agencies for the remainder of FY2025. It is known as a continuing resolution (CR) and prevents a government shutdown that would otherwise occur if the FY2025 appropriations bills have not been enacted when the existing CR expires on March 14, 2025.&nbsp;</p><p>The CR funds most programs and activities at the FY2024 levels. It also includes several additional provisions that increase or decrease funding for various programs compared to FY2024 levels.&nbsp;</p><p>In addition, the bill extends several expiring programs and authorities, including</p><ul><li>several public health, Medicare, and Medicaid authorities and programs;</li><li>the National Flood Insurance Program;</li><li>authorities related to the Commodity Futures Trading Commission whistleblower program;</li><li>the Department of Homeland Security (DHS) National Cybersecurity Protection System;</li><li>authorities for DHS and the Department of Justice to take certain actions to mitigate a credible threat from an unmanned aircraft system;</li><li>the Temporary Assistance for Needy Families (TANF) program;</li><li>several immigration-related programs and authorities;&nbsp;</li><li>the special assessment on nonindigent persons or entities convicted of certain offenses involving sexual abuse or human trafficking;</li><li>the temporary scheduling order issued by the Drug Enforcement Administration to place fentanyl-related substances in Schedule I of the Controlled Substances Act;</li><li>the authorization for the U.S. Parole Commission; and</li><li>the Department of Agriculture livestock mandatory price reporting program.</li></ul>"
"H.R. 1948",https://www.congress.gov/bill/119th-congress/house-bill/1948,"119th Congress (2025-2026)","To authorize the International Boundary and Water Commission to accept funds for activities relating to wastewater treatment and flood control works, and for other purposes.","Passed House","<p>This bill authorizes the U.S. Section of the International Boundary and Water Commission, United States and Mexico&nbsp;(USIBWC) to accept funds to study, design, construct, operate, or maintain wastewater treatment works, water conservation projects, or flood control works, and related structures. The USIBWC is a federal government agency and the U.S. component of the International Boundary and Water Commission, which applies the boundary and water treaties of the United States and Mexico and settles differences that may arise in their application.</p><p>The USIBWC may not provide credit towards the nonfederal share of project costs, or reimbursement, to nonfederal entities in an amount that exceeds $5 million in any fiscal year.</p><p>Further, the&nbsp;USIBWC may not accept funds from any nonfederal entity that (1) is domiciled in, headquartered in, or organized under the laws of a foreign country of concern (e.g., China, North Korea, Russia, or Iran); or (2) has in place any agreement with a foreign country of concern.</p><p>Any funds accepted by the USIBWC must be deposited into the account titled <em>International Boundary and Water Commission, United States and Mexico</em>.</p>"
"H.R. 1919",https://www.congress.gov/bill/119th-congress/house-bill/1919,"119th Congress (2025-2026)","Anti-CBDC Surveillance State Act","Passed House","<p><strong>Anti-CBDC Surveillance State Act&nbsp; </strong></p><p>This bill prohibits a Federal Reserve bank from offering products or services directly to an individual, maintaining an account on behalf of an individual, or issuing a central bank digital currency (i.e., a digital dollar). Further, the Board of Governors of the Federal Reserve System is prohibited from using a central bank digital currency to implement monetary policy or from testing, studying, creating, or implementing a central bank digital currency, with exceptions as provided by the bill.</p>"
"H.R. 1917",https://www.congress.gov/bill/119th-congress/house-bill/1917,"119th Congress (2025-2026)","Great Lakes Mass Marking Program Act of 2025","Passed House","<p><strong>Great Lakes Mass Marking Program Act of 2025</strong></p><p>This bill provides statutory authority for a program of the U.S. Fish and Wildlife Service (FWS) for the mass marking of hatchery-produced fish in the Great Lakes basin. Mass marking is the practice of tagging large numbers of hatchery-produced fish in order to distinguish them from the wild fish population. The FWS initiated the program in 2010 on a limited scale. Under the existing program, the FWS (1) tags hatchery-produced fish stocked in the Great Lakes, and (2) produces data used by state and tribal fish management agencies to make management decisions regarding Great Lakes fisheries.</p><p>This bill allows the FWS, in carrying out the program, to (1) purchase items to support and carry out tagging and tag recovery operations on a greater scale, and (2) hire additional personnel.</p><p>The FWS must make the data collected under the program available to applicable federal, state, and tribal fish management agencies to</p><ul><li>increase the understanding of the outcomes of management action;</li><li>assist in meeting the restoration objectives of the Great Lakes;</li><li>assist in balancing predators and prey;</li><li>support and improve the economic status of tribal, recreational, and commercial fisheries; and</li><li>assist in evaluating the effectiveness of habitat restoration efforts in the Great Lakes.</li></ul>"
"H.R. 1912",https://www.congress.gov/bill/119th-congress/house-bill/1912,"119th Congress (2025-2026)","Veteran Fraud Reimbursement Act of 2025","Passed House","<p><strong>Veteran Fraud Reimbursement Act of 2025</strong></p><p>This bill modifies the procedures by which the Department of Veterans Affairs (VA) reissues misused benefits to a beneficiary, including by requiring the VA to establish methods and timing with respect to determining whether an instance of misuse by a fiduciary is the result of negligence by the VA. The bill also provides that if a beneficiary predeceases a&nbsp;reissuance, the VA must pay the amount to a surviving beneficiary in the same method as certain other VA benefits are paid upon the death of a beneficiary.</p><p>Under the bill, the VA may not withhold the reissuing of a benefit payment by reason of a pending determination regarding the VA's negligence in relation to the instance of misuse by a fiduciary. Additionally, the VA is not required to make a determination regarding its negligence for each instance of misuse by a fiduciary of all or part of an individual's benefit paid to such fiduciary.</p>"
"H.R. 1860",https://www.congress.gov/bill/119th-congress/house-bill/1860,"119th Congress (2025-2026)","Women Veterans Cancer Care Coordination Act","Passed House","<p><strong>Women Veterans Cancer Care Coordination Act</strong></p><p>This bill requires the Department of Veterans Affairs (VA) to hire or designate a Regional Breast Cancer and Gynecologic Cancer Care Coordinator for each Veteran Integrated Services Network (i.e., regional VA health care administrative areas). Among other duties, such coordinators must ensure the coordination of care between VA clinicians and breast and gynecologic cancer community care providers.</p><p>Under the bill, veterans are eligible for such&nbsp;care coordination if they are diagnosed with a breast or gynecologic condition and are eligible for health care through the Veterans Community Care Program.</p>"
"H.R. 1829",https://www.congress.gov/bill/119th-congress/house-bill/1829,"119th Congress (2025-2026)","Apache County and Navajo County Conveyance Act of 2025","Passed House","<p><strong>Apache County and Navajo County Conveyance Act of 2025</strong></p><p>This bill requires the Forest Service to convey certain lands within the Apache-Sitgreaves National Forest to Navajo County and Apache County, Arizona. The counties must use the land as cemeteries.</p><p>As a condition of each conveyance, the counties must pay all associated costs, including the costs of surveys and environmental analyses.</p>"
"H.R. 1823",https://www.congress.gov/bill/119th-congress/house-bill/1823,"119th Congress (2025-2026)","VA Budget Shortfall Accountability Act","Passed House","<p>This bill requires the Government Accountability Office (GAO) to review and report on the circumstances and causes of the shortfall in funding of the Veterans Benefits Administration for FY2024 and the expected shortfall in funding of the Veterans Health Administration in FY2025. The Department of Veterans Affairs must submit such GAO report to Congress.</p>"
"H.R. 1816",https://www.congress.gov/bill/119th-congress/house-bill/1816,"119th Congress (2025-2026)","WOSB Accountability Act","Passed House","<p><strong>WOSB Accountability Act</strong></p><p>This bill requires that only women-owned small businesses that have been certified by a federal agency, state government, or national certifying entity approved by the Small Business Administration (SBA) are included when calculating whether a federal agency has met its contracting goals with respect to such businesses during a fiscal year.</p><p>Certain self-certified, women-owned small businesses that have filed an application for certification are deemed to have been certified until the SBA or national certifying entity makes a determination with respect to the certification of such business.</p><p>The SBA must provide a briefing each quarter about specified aspects of the process of certifying women-owned small businesses and implementing the requirements of the bill.</p>"
"H.R. 1815",https://www.congress.gov/bill/119th-congress/house-bill/1815,"119th Congress (2025-2026)","VA Home Loan Program Reform Act","Became Law","<p><strong>VA Home Loan Program Reform Act</strong></p><p>This bill authorizes the Department of Veterans Affairs (VA) to take certain actions in cases of default on home loans under the VA home loan program and establishes a partial claim program.</p><p>First, the bill authorizes the VA to pay the holder of a loan guaranteed by the VA an amount necessary to avoid the foreclosure of the loan, provided that the holder of the loan and the veteran obligated on the loan execute documents to ensure the VA obtains a secured interest in the property covered by the loan.</p><p>The VA must prescribe loss mitigation procedures to help prevent the foreclosure of such a home loan. The VA may not take specified administrative actions (e.g., consent to the modification of loan terms) until the sequence of mitigation options has been completed.</p><p>Next, the bill establishes a five-year Partial Claim Program under which the VA may make a partial claim (purchase a&nbsp;portion of the indebtedness) on VA loans for primary residences that are in default or at imminent risk of default. Individuals who default on loans for which the VA has made a partial claim under this program must be liable to the VA for any loss resulting from the default.</p><p>Finally, the VA must report to Congress on its strategy to ensure that veterans who purchase homes under the VA home loan program are not at a disadvantage when attempting to secure representation by a real estate agent or broker.</p>"
"H.R. 1804",https://www.congress.gov/bill/119th-congress/house-bill/1804,"119th Congress (2025-2026)","7(a) Loan Agent Oversight Act","Passed House","<p><strong>7(a) Loan Agent Oversight Act</strong></p><p>This bill requires the Small Business Administration (SBA) to submit an annual report containing specified information related to 7(a) loan agents. These agents provide fee-based referral and loan application services related to the SBA's 7(a) Program. Under the 7(a) Program, the SBA provides loans and loan guarantees to small business borrowers who cannot obtain credit elsewhere on reasonable terms and conditions.</p><p>The required report must include (1) the number and type of agents assisting applicants for 7(a) loans, (2) the number of fraudulent loans made for which an applicant used the services of a 7(a) agent, (3) the purchase rate of loans for which an applicant used the services of a 7(a) agent,&nbsp;and (4) the number and aggregate dollar value of referral fees paid to 7(a) agents.</p>"
"H.R. 1800",https://www.congress.gov/bill/119th-congress/house-bill/1800,"119th Congress (2025-2026)","Solidify Iran Sanctions Act of 2025","Passed House","<p><strong>Solidify Iran Sanctions Act of 2025</strong></p><p>This bill eliminates a sunset clause in the Iran Sanctions Act of 1996, thereby making the act permanent.</p><p>The Iran Sanctions Act requires the President, with some exceptions, to impose sanctions on certain individuals or entities engaged in specified transactions related to Iran's energy sector or Iran's efforts to acquire or develop certain weapons (such as chemical, biological, or nuclear weapons).</p>"
"H.R. 1770",https://www.congress.gov/bill/119th-congress/house-bill/1770,"119th Congress (2025-2026)","Consumer Safety Technology Act","Passed House","<p><strong>Consumer Safety Technology Act</strong></p><p>This bill (1) establishes a pilot program to explore the use of artificial intelligence to support the Consumer Product Safety Commission (CPSC), and (2) requires reports related to&nbsp;blockchain technology and digital tokens.</p><p>Specifically, the CPSC must consult with relevant stakeholders, such as data scientists and product manufacturers, and use artificial intelligence for a least one of the following purposes: (1) tracking trends in injuries involving consumer products, (2) identifying consumer product hazards, (3) monitoring the sale of recalled consumer products, or (4) identifying consumer products that do not meet specified importation requirements related to product safety.</p><p>The bill also requires (1) the Department of Commerce to report on existing and emerging uses of blockchain technology for consumer protection, and (2) the Federal Trade Commission to report on its efforts to prevent unfair or deceptive practices relating to digital tokens.</p>"
"H.R. 1767",https://www.congress.gov/bill/119th-congress/house-bill/1767,"119th Congress (2025-2026)","Awning Safety Act of 2025","Passed House","<p><strong>Awning Safety Act of 2025</strong></p><p>This bill requires the Consumer Product Safety Commission (CPSC) to issue a consumer product safety standard for fixed and freestanding retractable awnings. Specifically, the CPSC must issue a standard to protect against the risk of death or serious injury associated with the awnings, including the risk of death or serious injury related to the awning unexpectedly opening and striking a person while removing the&nbsp;bungee tie-downs for the cover of the awning.&nbsp;</p>"
"H.R. 1766",https://www.congress.gov/bill/119th-congress/house-bill/1766,"119th Congress (2025-2026)","NTIA Policy and Cybersecurity Coordination Act","Passed House","<p><strong>NTIA Policy and Cybersecurity Coordination Act</strong></p><p>This bill establishes an Office of Policy Development and Cybersecurity within the National Telecommunications and Information Administration (NTIA) to analyze and develop policies related to internet and communications technologies.</p><p>Specific activities of the office include, for example, developing policies that promote (1) innovation, competition, and other elements of the communications, media, and technology markets; (2) security and resilience to cybersecurity incidents while fostering innovation; and (3) commercialization of communications technologies.</p><p>The existing Associate Administrator for Policy Analysis and Development within NTIA must be redesignated as Associate Administrator for Policy Development and Cybersecurity, and must serve as head of the office.&nbsp;</p>"
"H.R. 1765",https://www.congress.gov/bill/119th-congress/house-bill/1765,"119th Congress (2025-2026)","Promoting United States Wireless Leadership Act of 2025","Passed House","<p><strong>Promoting United States Wireless Leadership Act of 2025</strong></p><p>This bill requires the National Telecommunications and Information Administration (NTIA) to encourage companies and other relevant stakeholders to participate in organizations that set standards for wireless communications networks and equipment. NTIA must also offer technical assistance to facilitate such participation.&nbsp;</p><p>NTIA may not encourage or facilitate participation by companies and stakeholders determined to pose a threat to U.S. national security.&nbsp;</p><p></p>"
"H.R. 1764",https://www.congress.gov/bill/119th-congress/house-bill/1764,"119th Congress (2025-2026)","Aligning SEC Regulations for the World Bank’s International Development Association Act","Passed House","<p><strong>Aligning SEC Regulations for the World Bank's International Development Association Act </strong></p><p>This bill exempts from securities regulations any securities issued by the International Development Association (IDA)&nbsp;of the World Bank. The association provides loans and grants to developing countries. The Securities and Exchange Commission may suspend this exemption at any time.</p><p>The bill does not apply if, before the bill's date of enactment, the Department of the Treasury reports that IDA is providing financial support to a country whose government has repeatedly provided support for acts of international terrorism, as determined by the Department of State.&nbsp;</p>"
"H.R. 1737",https://www.congress.gov/bill/119th-congress/house-bill/1737,"119th Congress (2025-2026)","To direct the Secretary of Commerce to submit to Congress a report containing an assessment of the value, cost, and feasibility of a trans-Atlantic submarine fiber optic cable connecting the contiguous United States, the United States Virgin Islands, Ghana, and Nigeria.","Passed House","<p>This bill requires the National Telecommunications and Information Administration to submit a report to Congress that assesses the feasibility, value, cost, and security implications&nbsp;of a submarine fiber optic cable to connect the contiguous United States, the U.S. Virgin Islands, Ghana, and Nigeria.&nbsp;The report must include, among other topics, an assessment of the potential establishment of a data center and high-security cloud services facility in the U.S. Virgin Islands for certain national security communications.</p>"
"H.R. 1729",https://www.congress.gov/bill/119th-congress/house-bill/1729,"119th Congress (2025-2026)","Bolts Ditch Act","Passed House","<p><strong>Bolts Ditch Act</strong></p><p>This bill allows additional entities—the Eagle River Water and Sanitation District and the Upper Eagle Regional Water Authority—to access and use the Bolts Ditch and its headgate within the Holy Cross Wilderness in Colorado for the purposes of the diversion of water and use, maintenance, and repair of such ditch and headgate.</p>"
"H.R. 1724",https://www.congress.gov/bill/119th-congress/house-bill/1724,"119th Congress (2025-2026)","No Dollars to Uyghur Forced Labor Act","Passed House","<p><strong>No Dollars to Uyghur Forced Labor Act</strong></p><p>This bill prohibits the Department of State and the U.S. Agency for International Development from spending funds on a policy, program, or contract that knowingly uses goods from China's Xinjiang Uyghur Autonomous Region (XUAR) or produced by entities associated with forced labor in XUAR.</p><p>This prohibition includes goods from (1) the XUAR; (2) entities that source materials from the XUAR; or (3) entities involved with forced labor from the XUAR, such as entities in the XUAR that manufacture goods with forced labor or entities working with the XUAR government to transport forced laborers.</p><p>The State Department may waive this prohibition, after notifying Congress, if it obtains written assurance that the relevant program partner (1) will not use goods produced in the XUAR for the program, and (2) will develop a system to ensure compliance with the bill's prohibitions.</p>"
"H.R. 1721",https://www.congress.gov/bill/119th-congress/house-bill/1721,"119th Congress (2025-2026)","Critical Infrastructure Manufacturing Feasibility Act","Passed House","<p><strong>Critical Infrastructure Manufacturing Feasibility Act</strong></p> <p>This bill requires the Department of Commerce to study and report on products that are in high demand across the critical infrastructure sectors. Critical infrastructure sectors are those whose assets, systems, and networks are vital to national security, the economy, public health or safety, or any combination of those matters.</p> <p>The study must (1) identify the products in high demand across those sectors that are being imported due to manufacturing, material, or supply chain constraints; and (2) analyze the costs, benefits, and feasibility of manufacturing those products in the United States.</p>"
"H.R. 1717",https://www.congress.gov/bill/119th-congress/house-bill/1717,"119th Congress (2025-2026)","Communications Security Act","Passed House","<p><strong>Communications Security Act</strong></p><p>This bill provides statutory authority for a council established by the Federal Communications Commission (FCC) to provide advice regarding the security, reliability, and interoperability of communications networks. (This advice is currently provided by the FCC’s Communications Security, Reliability, and Interoperability Council.)</p><p>The bill specifies that the FCC may designate an existing advisory committee to fulfill this role, provided the committee’s membership is modified, as necessary, to comply with membership requirements set forth in the bill.&nbsp;</p><p>Specifically, the bill requires the council to include, to the extent practicable, representatives of companies in the communications industry; public interest organizations or academic institutions; and federal, state, tribal, and local governments (with at least one member representing each level of government). Members are to be selected by the FCC's chair&nbsp;and generally may not include representatives of entities owned or controlled by, or subject to the influence of, a foreign adversary, or otherwise deemed to pose a threat to U.S. national security.&nbsp;</p><p>Under current law, federal advisory committees&nbsp;must generally terminate after two years unless they are renewed or a statute specifies a different termination date. However, the bill exempts the council from this requirement.</p>"
"H.R. 1716",https://www.congress.gov/bill/119th-congress/house-bill/1716,"119th Congress (2025-2026)","Taiwan Conflict Deterrence Act of 2025","Passed House","<p><strong>Taiwan Conflict Deterrence Act of 2025</strong></p><p>This bill, in the event of a threat to U.S. interests by China, (1) requires additional reporting on the domestic and foreign financial activity of specified Chinese officials, and (2) prohibits certain financial transactions with specified Chinese officials.</p><p>Upon a determination by the President that such a threat exists, the bill requires the Department of the Treasury to (1) report to Congress on funds held by certain members of the Chinese Communist Party, including the total amount of funds, a description of the funds, and a list of related financial institutions; and (2) brief Congress on how these funds were acquired and any illicit or corrupt means employed to acquire or use the funds.&nbsp;These requirements are subject to specified exemptions and waivers.</p><p>After such a report is made, Treasury must prohibit significant transactions between U.S. financial institutions and these individuals (and their immediate family, if appropriate). The bill provides exceptions for intelligence, law enforcement, and national security activities. The President may waive the prohibition under certain circumstances.</p>"
"H.R. 1713",https://www.congress.gov/bill/119th-congress/house-bill/1713,"119th Congress (2025-2026)","Agricultural Risk Review Act of 2025","Passed House","<p><strong>Agricultural Risk Review Act of 2025</strong></p><p>This bill makes changes to the Committee on Foreign Investment in the United States (CFIUS), including by requiring CFIUS to determine whether a national security review is necessary for reportable agricultural land transactions that are referred by the Department of Agriculture (USDA). (CFIUS oversees the national security risks of certain foreign investment in the United States. CFIUS has the authority to review covered transactions, which include&nbsp;mergers, acquisitions, and takeovers that could result in foreign control of a U.S. business; certain investments in businesses involved in critical technologies, critical infrastructure, or sensitive personal data; and certain real estate transactions.)</p><p>Specifically, the bill directs CFIUS to, after receiving notification from USDA, determine (1) whether a reportable agricultural land transaction is a covered transaction, and (2) whether CFIUS should initiate a national security review or take another action with respect to the transaction.&nbsp;</p><p><em>Reportable</em><em> agricultural land transaction</em> means a transaction (1) that USDA has reason to believe&nbsp;is a covered transaction, based on information from or in cooperation with&nbsp;the intelligence community; (2) that involves the acquisition of an interest in agricultural land by a foreign person of China, North Korea, Russia, or Iran; and (3) with respect to which a foreign person is required to submit a report to USDA regarding their agricultural land transactions.</p><p>The bill also expands CFIUS to include the Secretary of Agriculture for covered transactions that involve agricultural land, agricultural biotechnology, or the agriculture industry (e.g., agricultural transportation, storage, and processing).</p>"
"H.R. 1709",https://www.congress.gov/bill/119th-congress/house-bill/1709,"119th Congress (2025-2026)","Understanding Cybersecurity of Mobile Networks Act","Passed House","<p><strong>Understanding Cybersecurity of Mobile Networks Act</strong></p><p>This bill requires the National Telecommunications and Information Administration to examine and report on the cybersecurity of mobile service networks and the vulnerability of these networks and mobile devices to cyberattacks and surveillance conducted by adversaries.</p><p>The report must include, among other items,&nbsp;(1) an assessment of the degree to which mobile service providers have addressed certain cybersecurity vulnerabilities; (2) a discussion of the degree to which these providers have implemented cybersecurity best practices and risk assessment frameworks; and (3) an estimate of the prevalence and efficacy of encryption and authentication algorithms and techniques.</p>"
"H.R. 1701",https://www.congress.gov/bill/119th-congress/house-bill/1701,"119th Congress (2025-2026)","Strategic Ports Reporting Act","Passed House","<p><strong>Strategic Ports Reporting Act</strong></p><p>This bill requires the Department of State to conduct a study&nbsp;and submit a report to Congress on strategic ports.</p><p>The report shall contain various&nbsp;elements related to such ports, including (1) a detailed list of all strategic ports owned, operated, or controlled by China or a foreign person of China; (2) a detailed list of all strategic ports owned, operated, or controlled by the United States or a U.S. person; (3) an assessment of the national security and economic interests relevant to each such port; (4) an analysis of actions by China to gain control or ownership of strategic ports; and (5) courses of action to protect strategic ports and maritime infrastructure from Chinese control.</p><p>The bill also requires the State Department to develop and provide to Congress a global mapping of foreign and domestic ports of importance to the United States because of a capability to provide military, diplomatic, economic, or resource exploitation superiority.</p>"
"H.R. 1692",https://www.congress.gov/bill/119th-congress/house-bill/1692,"119th Congress (2025-2026)","PATHS Act","Passed House","<p><strong>Producing Advanced Technologies for Homeland Security Act or the PATHS Act</strong></p><p>This bill extends through FY2028 the authority of the Department of Homeland Security (DHS) to use other transactions (OT) to carry out research and prototype projects when the use of contracts, grants, and cooperative agreements is not feasible or appropriate. (OTs, in contrast to traditional procurement contracts, are exempt from many federal procurement laws and regulations.) DHS must notify Congress within 72 hours of using or extending this authority&nbsp;for research and development projects related to artificial intelligence technology and must offer to brief Congress on the rationale for such a decision.&nbsp;</p><p>The bill also lowers from $4 million to $1 million the minimum value of contract awards that DHS must publicly report on its website.</p>"
"H.R. 1682",https://www.congress.gov/bill/119th-congress/house-bill/1682,"119th Congress (2025-2026)","BELO’S Act","Passed House","<p><strong>Benefits that Endure for Lifetimes Of Service Act or BELO’S Act</strong></p><p>This bill extends&nbsp;eligibility for a free lifetime National Parks and Federal Recreational Lands Pass to any individual who is a survivor to a member of the Armed Forces whose death entitles the survivor to (1) a death gratuity (e.g., the servicemember died while on active duty or during inactive duty training), or (2) dependency and indemnity compensation.&nbsp;</p>"
"H.R. 1679",https://www.congress.gov/bill/119th-congress/house-bill/1679,"119th Congress (2025-2026)","Global Investment in American Jobs Act of 2025","Passed House","<p><strong>Global Investment in American Jobs Act of 2025</strong></p><p>This bill requires the Department of Commerce and the Government Accountability Office to conduct an interagency review of the global competitiveness of the United States in attracting foreign direct investment from responsible private-sector entities based in trusted countries and addressing foreign trade barriers that firms in advanced technology sectors face in the global digital economy.</p><p>Among other elements, the review shall include an assessment of (1) the current economic impact of foreign direct investment in the United States, (2) trends in global cross-border investment and data flows, (3) federal government policies that facilitate foreign direct investment, and (4) the adequacy of federal government efforts to encourage and facilitate foreign direct investment in the United States.</p><p>Commerce must report the findings of such review and include recommendations for increasing the global competitiveness of the United States in attracting foreign direct investment.</p>"
"H.R. 1664",https://www.congress.gov/bill/119th-congress/house-bill/1664,"119th Congress (2025-2026)","Deploying American Blockchains Act of 2025","Passed House","<p><strong>Deploying American Blockchains Act of 2025</strong></p><p>This bill requires the Department of Commerce to support the leadership of the United States in the use of blockchain technology and other distributed ledger technology, tokens, and tokenization. Generally, blockchain technology is a distributed digital ledger that uses cryptography to share verified information across a network of computers. Tokens refer to the transferrable, digital representation of information recorded on blockchain technology and tokenization is the process of creating a token.</p><p>Specifically, Commerce must advise the President on policies related&nbsp;to the deployment and use of blockchain technology and other distributed ledger technology, applications built on blockchain technology or other distributed ledger technology, tokens, and tokenization. Commerce also must establish advisory committees to support the adoption of blockchain technology to facilitate the development of best practices with respect to blockchain technology, applications built on blockchain technology, tokens, and tokenization.</p><p>Commerce must report annually on the activities under this bill and provide any recommendations for additional legislation to strengthen U.S. competitiveness with respect to blockchain technology.</p>"
"H.R. 1642",https://www.congress.gov/bill/119th-congress/house-bill/1642,"119th Congress (2025-2026)","Connecting Small Businesses with Career and Technical Education Graduates Act of 2025","Passed House","<p><strong>Connecting Small Businesses with Career and Technical Education Graduates Act of 2025</strong></p><p>This bill requires Small Business Development Centers and Women's Business Centers to provide educational information to small businesses about hiring graduates of career and technical education programs.</p><p>This includes, as appropriate, connecting small businesses with career and technical education programs to assist students and graduates of such programs with identifying career opportunities.</p>"
"H.R. 1634",https://www.congress.gov/bill/119th-congress/house-bill/1634,"119th Congress (2025-2026)","ThinkDIFFERENTLY About Disability Employment Act","Passed House","<p><strong>ThinkDIFFERENTLY About Disability Employment Act</strong></p><p>This bill requires the Small Business Administration (SBA) to (1) provide assistance to individuals with disabilities who desire to become entrepreneurs or to be self-employed, (2) help individuals with disabilities find employment at small businesses; and (3) assist small businesses with hiring such individuals and with accessibility issues applicable to such individuals.</p><p>The SBA must conduct outreach and education about such activities.</p><p>The bill establishes reporting requirements with respect to these activities.</p>"
"H.R. 1621",https://www.congress.gov/bill/119th-congress/house-bill/1621,"119th Congress (2025-2026)","Entrepreneurs with Disabilities Reporting Act of 2025","Passed House","<p><strong>Entrepreneurs with Disabilities Reporting Act of 2025</strong></p><p>This bill requires the Small Business Administration to assess and report on the challenges that entrepreneurs with a disability encounter in starting and operating a business, including any recommendations for legislative actions to address those challenges.</p>"
"H.R. 1618",https://www.congress.gov/bill/119th-congress/house-bill/1618,"119th Congress (2025-2026)","Precision Agriculture Satellite Connectivity Act","Passed House","<p><strong>Precision Agriculture Satellite Connectivity Act</strong></p><p>This bill requires the Federal Communications Commission (FCC) to review and recommend changes to its satellite rules to promote precision agriculture. Precision agriculture is a general term describing various crop management tools and practices that leverage technology like Global Positioning System (GPS) equipment&nbsp;and uncrewed aircraft systems (commonly known as drones)&nbsp;to optimize production and sustainability.</p><p>In conducting its review, the FCC must consult with the Task Force for Reviewing the Connectivity and Technology Needs of Precision Agriculture, which advises the FCC on methods to assess and advance broadband internet on unserved agricultural land and promote precision agriculture.&nbsp;</p>"
"H.R. 1612",https://www.congress.gov/bill/119th-congress/house-bill/1612,"119th Congress (2025-2026)","Flatside Wilderness Additions Act","Passed House","<p><strong>Flatside Wilderness Additions Act</strong></p> <p>This bill adds specified lands to the Flatside Wilderness in the Ouachita National Forest in Arkansas. The bill also redesignates the wilderness as the Flatside-Bethune Wilderness.</p>"
"H.R. 1608",https://www.congress.gov/bill/119th-congress/house-bill/1608,"119th Congress (2025-2026)","Department of Homeland Security Vehicular Terrorism Prevention and Mitigation Act of 2025","Passed House","<p><strong>Department of Homeland Security Vehicular Terrorism Prevention and Mitigation Act of 2025</strong></p><p>This bill directs the Department of Homeland Security (DHS) to submit a report to Congress on the department's efforts to prevent, deter, and respond to vehicular terrorism (i.e., an action that utilizes automotive transportation to commit terrorism). DHS must submit the report in coordination with the Transportation Security Administration and the Cybersecurity and Infrastructure Security Agency.</p><p>Among other things, the report on vehicular terrorism must include</p><ul><li>an assessment of the current and emerging threats;</li><li>a review of higher-risk locations and events that may be vulnerable, including critical infrastructure sites&nbsp;(e.g., airports and government facilities);</li><li>a description of DHS’s coordination efforts with federal, state, local, tribal, and territorial law enforcement agencies related to prevention; and</li><li>recommendations for the research, development, and deployment of technologies to detect, deter, and mitigate vehicular terrorism.</li></ul><p>DHS must submit a classified report to Congress, but may include an unclassified executive summary. DHS must publish the executive summary on the department's&nbsp;website.</p><p>In addition,&nbsp;DHS must&nbsp;brief Congress on the report's findings, conclusions, and recommendations.</p>"
"H.R. 1578",https://www.congress.gov/bill/119th-congress/house-bill/1578,"119th Congress (2025-2026)","Veterans Claims Education Act of 2025","Passed House","<p><strong>Veterans Claims Education Act of 2025</strong></p><p>This bill requires the Department of Veterans Affairs (VA) to, upon receipt of an initial claim for benefits from a claimant that is not represented by an accredited person (i.e., a veterans service organization, attorney, or agent recognized by the VA), provide (1) notice that an accredited person may assist the claimant, (2) notice that a veterans service organization may represent the claimant for free, (3) information regarding a search tool to find an accredited person to assist in the filing of claims, and (4) information on how and where to report a person who is not accredited and charged a fee to assist with a claim.</p><p>In its web portal, the VA must provide a warning regarding fees an agent or attorney may charge for assistance in filing benefits claims. (Under current law, fees are generally prohibited for filing an initial claim.)</p>"
"H.R. 1550",https://www.congress.gov/bill/119th-congress/house-bill/1550,"119th Congress (2025-2026)","Strengthening America’s Turning Point Act","Passed House","<p><strong>Strengthening America’s Turning Point Act</strong></p><p>This bill renames the Saratoga National Historical Park, located in Stillwater, New York, as Saratoga National Battlefield Park.&nbsp;</p>"
"H.R. 1549",https://www.congress.gov/bill/119th-congress/house-bill/1549,"119th Congress (2025-2026)","China Financial Threat Mitigation Act of 2025","Passed House","<p><strong>China Financial Threat Mitigation Act of 2025 </strong></p><p>This bill requires the Department of the Treasury, in consultation with specified federal financial agencies, to report on the exposure of the United States to the activity of China's financial sector.</p><p>The report must include</p><ul><li>the effects&nbsp;that risks in China's financial sector have on U.S. and global financial systems,</li><li>a description of the policies the United States is adopting to protect U.S. financial stability,</li><li>a description and evaluation of the reliability of Chinese economic data, and</li><li>recommendations for additional actions to strengthen international cooperation to mitigate risks and protect U.S. interests.</li></ul>"
"H.R. 1540",https://www.congress.gov/bill/119th-congress/house-bill/1540,"119th Congress (2025-2026)","Falun Gong Protection Act","Passed House","<p><strong>Falun Gong Protection Act</strong></p><p>This bill requires the President to impose visa- and property-blocking sanctions on foreign persons that have knowingly and directly engaged in or facilitated the involuntary harvesting of organs in China.</p><p>Sanctions may not be imposed on the importation of goods or with respect to specified transactions related to humanitarian assistance.</p><p>The authority to impose sanctions under this bill expires five years after enactment.</p>"
"H.R. 1534",https://www.congress.gov/bill/119th-congress/house-bill/1534,"119th Congress (2025-2026)","IMPACT Act","Passed House","<p><strong>Innovative Mitigation Partnerships for Asphalt and Concrete Technologies Act or the IMPACT Act</strong></p><p>This bill requires the Department of Energy (DOE) to establish a temporary program that supports advanced&nbsp;production of low-emissions cement, concrete, and asphalt.</p><p>Specifically, the program must support research, development, and commercial application of production processes for low-emissions cement, concrete, and asphalt that are more cost-effective, durable, or resource-efficient (i.e., advanced production). The program must particularly focus on carbon capture technologies, energy-efficient processes, research involving novel materials, and other specified technologies and innovative processes.</p><p>DOE must select entities to implement relevant demonstration projects; eligible entities include government, nonprofit, educational, and private sector entities. DOE may terminate these projects if it determines that sufficient amounts of low-emissions cement, concrete, and asphalt that are produced through advanced production are commercially available at reasonable prices.</p><p>The program terminates seven years after the bill is enacted.</p>"
"H.R. 1526",https://www.congress.gov/bill/119th-congress/house-bill/1526,"119th Congress (2025-2026)","NORRA of 2025","Passed House","<p><strong>No Rogue Rulings Act or NORRA</strong></p><p>This bill limits the authority of federal district courts to issue injunctions.</p><p>Specifically, it prohibits a district court from issuing an injunction unless the injunction applies only to the parties of the particular case before the court. </p>"
"H.R. 1520",https://www.congress.gov/bill/119th-congress/house-bill/1520,"119th Congress (2025-2026)","Charlotte Woodward Organ Transplant Discrimination Prevention Act","Passed House","<p><strong>Charlotte Woodward Organ Transplant Discrimination Prevention Act</strong></p><p>This bill expressly prohibits health care providers and other entities involved in matching donated organs with recipients from denying or restricting an individual's access to organ transplants solely on the basis of the individual's disability, except in limited circumstances.</p><p>Specifically, these entities may consider an individual's disability when making decisions about transplants only if a physician finds, based on an individualized evaluation, that the individual's physical or mental disability is medically significant to the provision of the transplant. A disability shall not be considered medically significant if the individual has an adequate support system in place to comply with transplant-related medical requirements.</p><p>These entities must also make reasonable changes to their policies to make transplants and related care more available to individuals with disabilities.</p><p>Aggrieved individuals may bring claims of discrimination to the Office of Civil Rights of the Department of Health and Human Services. The bill provides for expedited resolutions of these claims.</p><p>In addition, the board of directors of the Organ Procurement and Transplantation Network may not issue policies that prohibit or hinder access to an organ transplant based solely on the individual's disability. This network is a public-private partnership linking professionals involved in the U.S. organ donation and transplantation system.&nbsp;</p>"
"H.R. 1515",https://www.congress.gov/bill/119th-congress/house-bill/1515,"119th Congress (2025-2026)","GOOD Act","Passed House","<p><strong>Guidance Out Of Darkness Act or the GOOD Act</strong></p><p>This bill establishes requirements concerning the posting of agency guidance documents. Specifically, an agency must publish guidance documents online on the dates they are issued, publish all of its guidance documents that are in effect in a single location on a designated website, display a hyperlink on its website that provides access to the guidance documents on such website, and indicate on such website if a guidance document has been rescinded.</p><p>The documents must be categorized as guidance documents and further divided into subcategories.</p><p>No later than five years after the enactment of this bill, the Government Accountability Office must report on agency compliance with these requirements.</p>"
"H.R. 1512",https://www.congress.gov/bill/119th-congress/house-bill/1512,"119th Congress (2025-2026)","Taiwan Assurance Implementation Act","Passed House","<p>This bill modifies an existing requirement for the Department of State to review and report on its guidance to federal agencies on the U.S.-Taiwan relationship. (The U.S.-Taiwan relationship has been unofficial since 1979, when the United States established diplomatic relations with China and broke them with Taiwan.)</p><p>Current law requires the State Department to conduct a one-time review of its guidance governing relations with Taiwan and report to Congress on this review. Under this bill, the State Department must review that guidance and report to Congress every two years while the guidance is in effect.</p><p>The reports to Congress must (1) describe how the guidance takes into account certain considerations, such as the sense of Congress that Taiwan is governed by a representative government peacefully constituted through free and fair elections; and (2) identify opportunities and plans to lift self-imposed restrictions on relations with Taiwan.</p>"
"H.R. 1503",https://www.congress.gov/bill/119th-congress/house-bill/1503,"119th Congress (2025-2026)","Stop Forced Organ Harvesting Act of 2025","Passed House","<p><strong>Stop Forced Organ Harvesting Act of 2025</strong></p><p>This bill requires the President to impose sanctions on persons (individuals and entities) involved in forced organ trafficking and authorizes the Department of State to deny or revoke the passports of individuals convicted of certain crimes related to organ trafficking.</p><p>Specifically, the President must report to Congress a list of persons that facilitate (1) forced organ harvesting, or (2) trafficking in persons for organ harvesting. For each person on the list, the President must impose property- and visa-blocking sanctions.</p><p>Furthermore, the State Department may deny or revoke the passport of an individual who has been convicted of a federal crime of knowingly transferring any human organ for valuable consideration for use in human transplantation, if the individual (1) is subject to imprisonment or supervised release resulting from that conviction, and (2) used a passport or crossed an international border when committing that crime.</p>"
"H.R. 1491",https://www.congress.gov/bill/119th-congress/house-bill/1491,"119th Congress (2025-2026)","Disaster Related Extension of Deadlines Act","Passed House","<p><strong>Disaster Related Extension of Deadlines Act</strong></p><p>This bill requires the Internal Revenue Service (IRS) to treat the postponement of the federal tax return deadline due to a federally declared disaster or certain other events as an extension of such deadline for purposes of calculating the limit on a tax refund. The bill also provides that the IRS’s deadline for sending certain notices includes such postponement.</p><p>Under current law, a tax refund claim must be filed within three years of the date that the federal tax return is filed. (Some exceptions apply.) The tax refund amount generally is limited to federal taxes paid within the three years preceding the tax refund claim plus any extension of the federal tax return deadline (lookback period). The postponement of the federal tax return deadline is not an extension for purposes of the&nbsp;lookback period. (Thus, certain tax payments made before the federal tax return is filed may be excluded from the lookback period.)</p><p>Under the bill, a federal tax return deadline postponed due to a federally declared disaster or certain other events must be treated as an extension of such deadline for purposes of the lookback period.</p><p>Under current law, the IRS is required to mail a notice and demand for tax payment within 60 days of an assessment but not before the tax payment due date.&nbsp;</p><p>The bill provides that the tax payment due date includes the postponement of the tax payment deadline due to a federally declared disaster or certain other events.&nbsp;</p>"
"H.R. 1486",https://www.congress.gov/bill/119th-congress/house-bill/1486,"119th Congress (2025-2026)","Economic Espionage Prevention Act","Passed House","<p><strong>Economic Espionage Prevention Act</strong></p><p>This bill authorizes the President to impose visa- and property-blocking sanctions on foreign adversary entities that knowingly engage in (1) economic and industrial espionage with respect to trade secrets and proprietary information owned by U.S. persons, (2) the provision of material support or services to a foreign adversaries' national security entities, or (3) the violation of U.S. export control laws. The bill cites regulations that define China, Russia, Iran, North Korea, Cuba, and the Maduro regime of Venezuela as foreign adversaries.<br/>&nbsp;<br/>The bill also limits certain&nbsp;exemptions from&nbsp;the President's authority under the International Emergency Economic Powers Act (IEEPA). IEEPA provides the President broad authority to regulate a variety of economic transactions following a declaration of national emergency, but&nbsp;exempts from this authority activities such as (1) the import or export of information or informational materials; (2) transactions ordinarily incident to international travel, such as the importation of personal baggage; and (3) personal communications, such as postal or telephonic communications, that do not transfer anything of value. Under the bill, the first two of these exemptions are not applicable if the President determines such imports and exports would seriously impair the ability to deal with a declared national emergency. Additionally, the bill specifies that the first and third exemptions listed above do not apply to bulk sensitive personal data or source code used in a connected software application.</p>"
"H.R. 1479",https://www.congress.gov/bill/119th-congress/house-bill/1479,"119th Congress (2025-2026)","Hotel Fees Transparency Act of 2025","Passed House","<p><strong>Hotel Fees Transparency Act of 2025</strong></p><p>This bill requires providers of short-term lodging (e.g., hotels, short-term rentals, and third-party online sellers) to include certain price information when displaying, advertising, or marketing reservations for lodging.</p><p>Specifically, such providers must&nbsp;(1) display the total services price, including the base price and any service fees, if a price is displayed in an advertisement. marketing material, or a price list;&nbsp;(2) disclose the total services price at the time the services are first displayed to an individual seeking to purchase such services and anytime thereafter during the purchasing process; and&nbsp;(3) disclose, prior to the final purchase, any tax, fee, or assessment imposed&nbsp;by any government entity (or quasi-government entity) on the sale of such services.</p><p>The bill provides for enforcement by the Federal Trade Commission and state attorneys general (or other authorized state officials).</p>"
"H.R. 1469",https://www.congress.gov/bill/119th-congress/house-bill/1469,"119th Congress (2025-2026)","Senior Security Act of 2025","Passed House","<p><strong>National Senior Investor Initiative Act of 2025 or the Senior Security Act of 2025</strong></p><p>This bill establishes the Senior Investor Taskforce within the Securities and Exchange Commission. The taskforce must report on topics relating to investors over the age of 65, including industry trends and serious issues impacting such investors, and make recommendations for legislative or regulatory actions to address problems encountered by senior investors.</p><p>The Government Accountability Office must report on the financial exploitation of senior citizens.</p>"
"H.R. 1455",https://www.congress.gov/bill/119th-congress/house-bill/1455,"119th Congress (2025-2026)","ITS Codification Act","Passed House","<p><strong>Institute for Telecommunication Sciences Codification Act or the ITS Codification Act</strong></p><p>This bill provides statutory authority for the Institute for Telecommunication Sciences (ITS), which serves as the telecommunications research and engineering arm of the National Telecommunications and Information Administration.</p><p>The bill also directs ITS to establish an initiative to support the development of emergency communication and tracking technologies for use in locating trapped individuals in confined spaces (e.g., underground mines) where conventional radio communication is limited.</p>"
"H.R. 1453",https://www.congress.gov/bill/119th-congress/house-bill/1453,"119th Congress (2025-2026)","Clean Energy Demonstration Transparency Act of 2025","Passed House","<p><strong>Clean Energy Demonstration Transparency Act of 2025</strong></p><p>This bill directs the Department of Energy (DOE) to submit and publish online semiannual reports on the status of certain clean energy demonstration projects that are managed or supported by DOE's Office of Clean Energy Demonstrations.</p>"
"H.R. 1450",https://www.congress.gov/bill/119th-congress/house-bill/1450,"119th Congress (2025-2026)","OFAC Licensure for Investigators Act","Passed House","<p><strong>OFAC Licensure for Investigators Act</strong></p><p>This bill requires the Office of Foreign Assets Control (OFAC) to establish a pilot program to license eligible private sector firms to conduct nominal financial transactions as part of the firm's sanctions-related investigations.</p><p>A firm that receives a license must submit monthly reports to OFAC on activities conducted under the license.</p><p>(OFAC, within the Department of the Treasury, is one of the primary agencies responsible for enforcing economic sanctions. OFAC requires firms to take various actions, such as ensuring that they are not engaging in transactions with entities subject to U.S. sanctions. A firm may also provide voluntary self-disclosures to OFAC with information from a firm's investigation of suspicious activities.)</p>"
"H.R. 1442",https://www.congress.gov/bill/119th-congress/house-bill/1442,"119th Congress (2025-2026)","Youth Poisoning Protection Act","Passed House","<p><strong>Youth Poisoning Protection Act</strong></p><p>This bill makes a consumer product with a concentration of sodium nitrite of 10% or greater a banned hazardous product.</p><p>The restriction does not apply to specified drugs, medical devices, cosmetics, or food products.</p>"
"H.R. 1402",https://www.congress.gov/bill/119th-congress/house-bill/1402,"119th Congress (2025-2026)","TICKET Act","Passed House","<p><strong>Transparency In Charges for Key Events Ticketing Act or the TICKET Act</strong></p><p>This bill requires ticket sellers (including sellers on the secondary market) for concerts, performances, sporting events, and similar activities to clearly and prominently disclose the total ticket price for the event&nbsp;at the time the ticket is first displayed to an individual (and anytime thereafter during the purchasing process). Prior to completing a purchase, ticket sellers also must provide an itemized list of the base ticket price and each fee (e.g., service fee, processing fee, or other charge). The total ticket price must also be disclosed in any advertisement, marketing, or price list.</p><p>Additionally, a ticket seller, secondary market seller, or ticket exchange that does not have actual or constructive possession of an event ticket is prohibited from selling or advertising a ticket for the event. However, a secondary market seller or exchange may sell or advertise a service to obtain an event ticket for an individual&nbsp;if the seller or exchange (1) does not market the service as an event ticket, (2) maintains a clear separation between the provided service and the event tickets throughout the entire purchasing process, and (3) clearly discloses that the service is not an event ticket.</p><p>The bill establishes additional disclosure requirements for&nbsp;ticket sellers, secondary market sellers, and ticket exchanges, and requires such entities to issue a refund for the total ticket price if an event is canceled or postponed.</p><p>The Federal Trade Commission must enforce these requirements.</p>"
"H.R. 1374",https://www.congress.gov/bill/119th-congress/house-bill/1374,"119th Congress (2025-2026)","Securing the Cities Improvement Act","Passed House","<p><strong>Securing the Cities Improvement Act</strong></p><p>This bill makes changes to the Department of Homeland Security (DHS) Countering Weapons of Mass Destruction Office's (CWMD's) Securing the Cities program, which seeks to detect nuclear or radiological materials to prevent terrorist attacks and other events posing a risk to cities in the United States.</p><p>Specifically, the bill requires the CWMD to establish performance metrics and milestones for the program and to track performance against them.</p><p>Also, under current law, in carrying out the Securing the Cities program, the CWMD may only partner with cities that are <em>high-risk urban areas</em>, which are designated by the Federal Emergency Management Agency under a different program. Instead, the bill requires the CWMD to designate the jurisdictions it may partner with for the program, and the designations must be based on the capability and capacity of the jurisdiction relating to preparedness and response, as well as the relative threat to, vulnerability of, and consequences for, such jurisdiction regarding terrorist attacks and other high-consequence events utilizing nuclear or radiological materials.</p><p>Additionally, within two years of enactment of the bill, the CWMD must submit a report to Congress regarding participation in the Securing the Cities program, the establishment of metrics and milestones, performance against such metrics and milestones, and plans for any changes to the program.</p>"
"H.R. 1373",https://www.congress.gov/bill/119th-congress/house-bill/1373,"119th Congress (2025-2026)","Tennessee Valley Authority Transparency Act of 2025","Passed House","<p><strong>Tennessee Valley Authority Transparency Act of 2025</strong></p><p>This bill revises the duties of the Tennessee Valley Authority (TVA) Board of Directors to include holding public meetings at least four times each year. The board must provide public notice at least six days before such a meeting, unless the meeting is designated as an emergency.  TVA,&nbsp;a federally owned electric utility corporation, provides low-cost electricity in Alabama, Georgia, Kentucky, Mississippi, North Carolina, Tennessee, and Virginia. It also provides flood control, navigation, and land management for the Tennessee River system.&nbsp;</p>"
"H.R. 1368",https://www.congress.gov/bill/119th-congress/house-bill/1368,"119th Congress (2025-2026)","DOE and NASA Interagency Research Coordination Act","Passed House","<p><b>DOE and NASA Interagency Research Coordination Act</b></p><p>This bill provides statutory authority for a research and development partnership between the Department of Energy (DOE) and the National Aeronautics and Space Administration (NASA). </p> <p>Specifically, the bill authorizes DOE and NASA to enter into a memorandum of understanding to support cross-cutting and collaborative research and development that furthers the missions of both agencies. Through the partnership, DOE and NASA may conduct research in a variety of focus areas (e.g., dark matter), develop ways to support large voluntary data sets on space and aeronautical information, promote multi-agency data sharing, and support NASA's access to DOE research infrastructure.</p> <p>DOE and NASA must jointly report on their collaboration. </p>"
"H.R. 1364",https://www.congress.gov/bill/119th-congress/house-bill/1364,"119th Congress (2025-2026)","Automotive Support Services to Improve Safe Transportation Act of 2025","Passed House","<p><strong>Automotive Support Services to Improve Safe Transportation Act of 2025 or the ASSIST Act of 2025</strong></p><p>This bill expands the definition of <em>medical services</em> for purposes of veterans’ benefits to include additional medically necessary automobile&nbsp;adaptations. Under the bill, the Department of Veterans Affairs may provide funding for ramp and kneeling systems, lowered floors, mobility device lifts, non-articulating trailers, and ingress or egress accessibility modifications.&nbsp;</p>"
"H.R. 1350",https://www.congress.gov/bill/119th-congress/house-bill/1350,"119th Congress (2025-2026)","DOE and NSF Interagency Research Act","Passed House","<p><b>DOE and NSF Interagency Research Act</b></p><p>This bill provides statutory authority for a research and development partnership between the Department of Energy (DOE) and the National Science Foundation (NSF). </p> <p>Specifically, the bill requires DOE and NSF to enter into a memorandum of understanding to support cross-cutting and collaborative research and development that furthers the missions of both agencies. Through the partnership, DOE and NSF may conduct research in a variety of focus areas (e.g., artificial intelligence), promote multi-agency and cross-sector data sharing, support research infrastructure, and organize education and training initiatives.</p> <p>DOE and NSF must jointly report on their collaboration. </p>"
"H.R. 1326",https://www.congress.gov/bill/119th-congress/house-bill/1326,"119th Congress (2025-2026)","DOE and USDA Interagency Research Act","Passed House","<p><strong>DOE and USDA Interagency Research Act</strong></p><p>This bill requires the Department of Energy and Department of Agriculture to carry out cross-cutting and collaborative research and development activities through the establishment of an interagency agreement.</p><p>The agencies are authorized to (1) carry out reimbursable agreements in order to maximize research and development effectiveness, and (2) collaborate with other federal agencies. Further, the interagency agreement must require the use of a competitive, merit-reviewed process, which considers applications from federal agencies, national laboratories, institutions of higher education, and nonprofit institutions.</p><p>Research and development activities may include</p><ul><li>collaborative research in a variety of focus areas such as machine learning and artificial intelligence,&nbsp;biofuels and biobased&nbsp;products, grid modernization and security, rural technology development, and wildfire risks and prevention;</li><li>developing methods to accommodate large voluntary standardized and integrated data sets on agricultural, environmental, supply chain, and economic information;</li><li>supporting research infrastructure and workforce development; and</li><li>collaborative research and development on ways to improve agriculture operations and processing efficiencies, and reduce greenhouse gas emissions.</li></ul>"
"H.R. 1325",https://www.congress.gov/bill/119th-congress/house-bill/1325,"119th Congress (2025-2026)","Commercial Remote Sensing Amendment Act of 2025","Passed House","<p><strong>Commercial Remote Sensing Amendment Act of 2025</strong></p><p>This bill makes certain changes related to the licensing of private remote sensing space systems. (Under current regulations,&nbsp;<em>remote sensing</em> refers to the collection of data by instruments in Earth's orbit, such as satellites, that can be processed into imagery of Earth's surface; <em>private remote sensing space systems</em> refer to remote sensing instruments not owned by the U.S. government.)</p><p>The bill decreases from 120 to 60 days the amount of time in which the National Oceanic and Atmospheric Administration must review and act on an application for a license to operate a private remote sensing space system.</p><p>Further, the bill expands annual reporting on the licensing of private remote sensing space systems to include a list of all applications, organized by tier, as well as the rationale for each tier categorization. (Currently, each license is categorized into one of three tiers based on whether the system produces or is capable of producing data that is already available from other entities). Additionally, the report must include all terms, conditions, or restrictions placed on licensees.</p><p>The bill also reinstates this annual reporting requirement, which expired on September 30, 2020, through September 30, 2030.</p>"
"H.R. 1318",https://www.congress.gov/bill/119th-congress/house-bill/1318,"119th Congress (2025-2026)","United States Research Protection Act","Passed House","<p><strong>United States Research Protection Act</strong></p><p>This bill clarifies the definition of a&nbsp;<em>malign foreign talent recruitment program</em> under the Research and Development, Competition, and Innovation Act.<em>&nbsp;</em></p><p>The Research and Development, Competition, and Innovation Act, which was included in the CHIPS and Science Act, prohibits researchers who receive federal funds from participating in malign foreign talent recruitment programs, in which foreign countries incentivize or compensate researchers for activities that present a conflict&nbsp;of&nbsp;interest for the researcher or that are otherwise unauthorized (e.g., sharing proprietary information without proper authorization).</p><p>The bill clarifies that these restrictions apply to programs that are sponsored by a foreign country of concern, including China, Iran, North Korea, and Russia. The bill also clarifies that malign foreign talent recruitment programs may involve direct or indirect compensation or incentives from such&nbsp;countries.</p>"
"H.R. 1316",https://www.congress.gov/bill/119th-congress/house-bill/1316,"119th Congress (2025-2026)","Maintaining American Superiority by Improving Export Control Transparency Act","Became Law","<p><strong>Maintaining American Superiority by Improving Export Control Transparency Act</strong></p><p>This bill requires the Department of Commerce's Bureau of Industry and Security (BIS) to annually report to Congress on export control licensing.</p><p>Under current law, BIS administers and enforces controls on the export of dual-use goods (e.g., items with both civilian and military uses) and certain military parts and components. These export controls are implemented primarily under the Export Control Reform Act of 2018 (ECRA) through the Export Administration Regulations (EAR).</p><p>Under this bill, BIS must annually report to Congress on license applications, enforcement actions, and other requests for authorization for the export, reexport, release, and in-country transfer of items subject to the&nbsp;EAR to covered entities. A covered entity is any entity that (1) is located or operating in a country listed in Country Group D:5 (countries that are identified by the Department of State as subject to U.S. arms embargoes), and (2) is included on the Entity List or the Military End-User List (two of the lists published by BIS containing information on the individuals, organizations, and addresses subject to restrictions involving items subject to the EAR).</p><p>The bill requires this report to include specified information, such as the name of the entity submitting the application, where the item is being exported, the decision with respect to the license application or authorization, and information on related enforcement activities to ensure&nbsp;compliance with U.S. export controls. The information shall be exempt from public disclosure (except for aggregate statistics).</p>"
"H.R. 1286",https://www.congress.gov/bill/119th-congress/house-bill/1286,"119th Congress (2025-2026)","Simplifying Forms for Veterans Claims Act","Passed House","<p><strong>Simplifying Forms for Veterans Claims Act</strong></p><p>This bill requires the Department of Veterans Affairs (VA) to seek to enter an agreement with a federally funded research and development center to assess the forms that the VA sends to claimants. The center must submit a written assessment to the VA that includes recommendations on how the VA may make the forms clearer and more organized.</p><p>The VA must implement certain recommendations in the assessment within two years after the assessment is received.</p>"
"H.R. 1263",https://www.congress.gov/bill/119th-congress/house-bill/1263,"119th Congress (2025-2026)","Strengthening the Quad Act","Passed House","<p><strong>Strengthening the Quad Act</strong></p><p>This bill directs the Department of State to seek to establish a working group with Japan, Australia, and India to facilitate closer cooperation on shared interests and values. (The Quadrilateral Security Dialogue, also known as the Quad, is a coalition comprised of the United States and these three countries.)</p><p>The bill also requires the State Department to report to Congress a strategy for bolstering engagement and cooperation with the Quad. The strategy shall&nbsp;summarize&nbsp;current and past Quad initiatives, including those to promote broad-based and inclusive economic growth, technology cooperation, energy innovation, and resilient supply chains.&nbsp;The strategy shall also recommend (1) how Congress can help address certain barriers to implementing and expanding Quad cooperation, (2) new authorities needed to strengthen U.S. leadership in and contributions to Quad initiatives, and (3) additional resources needed to expand successful initiatives.</p>"
"H.R. 1234",https://www.congress.gov/bill/119th-congress/house-bill/1234,"119th Congress (2025-2026)","To direct the Librarian of Congress to promote the more cost-effective, efficient, and expanded availability of the Annotated Constitution and pocket-part supplements by replacing the hardbound versions with digital versions.","Passed House","<p>This bill replaces the requirement for the Library of Congress to prepare hardbound versions of the Constitution Annotated and supplements with a requirement for the Library to instead prepare digital versions and publish them online.</p><p>The new requirement applies to the supplement after the Supreme Court term beginning October 2025 and all subsequent editions.</p>"
"H.R. 1228",https://www.congress.gov/bill/119th-congress/house-bill/1228,"119th Congress (2025-2026)","Prioritizing Veterans’ Survivors Act","Passed House","<p><strong>Prioritizing Veterans' Survivors Act&nbsp;</strong></p><p>This bill provides that the Office of Survivors Assistance (OSA) must operate within the Office of the Secretary of the Department of Veterans Affairs. (Currently, OSA operates within the Pension and Fiduciary Service of the Veterans Benefits Administration.)</p>"
"H.R. 1223",https://www.congress.gov/bill/119th-congress/house-bill/1223,"119th Congress (2025-2026)","ANCHOR Act","Passed House","<p><strong>Accelerating Networking, Cyberinfrastructure, and Hardware for Oceanic Research Act or the ANCHOR Act&nbsp;</strong></p><p>This bill requires the National Science Foundation (NSF) to develop a plan to improve the cybersecurity and telecommunications capabilities of the U.S. Academic Research Fleet (ARF).</p><p>ARF is comprised of U.S.-flagged vessels that provide at-sea laboratories where oceanographic scientists, educators, and students research and learn about marine science.&nbsp;</p><p>The bill requires the plan to include assessments of</p><ul><li>telecommunications and networking needs of ARF, consistent with typical scientific missions;</li><li>cybersecurity needs appropriate for the operation of ARF vessels and their specific research functions;</li><li>the costs necessary to meet these needs;</li><li>the time required to implement necessary upgrades; and</li><li>opportunities for the adoption of common solutions or&nbsp;consortial licensing agreements, or for the centralization of cybersecurity, telecommunications, or data management at a single facility.&nbsp;</li></ul><p>The plan must also include a spending plan for the NSF, the Office of Naval Research, nonfederal&nbsp;owners of ARF vessels,&nbsp;and users of the vessels to cover identified costs.&nbsp;</p><p>Among other factors specified in the bill, the&nbsp;NSF must consider, as appropriate, the network capabilities necessary to meet mission needs (e.g., to upload data to cloud-based or shoreside servers), international standards and guidance for information security, and requirements for controlled unclassified or classified information.&nbsp;</p><p>The plan must be provided to Congress within 18 months of the bill's enactment, and the NSF must later report to Congress on the plan's implementation.&nbsp;</p>"
"H.R. 1190",https://www.congress.gov/bill/119th-congress/house-bill/1190,"119th Congress (2025-2026)","Expanding Access to Capital for Rural Job Creators Act","Passed House","<p><strong>Expanding Access to Capital for Rural Job Creators Act</strong></p><p>This bill requires the Office of the Advocate for Small Business Capital Formation within the Securities and Exchange Commission to report on issues encountered by rural-area small businesses.</p>"
"H.R. 1182",https://www.congress.gov/bill/119th-congress/house-bill/1182,"119th Congress (2025-2026)","Compressed Gas Cylinder Safety and Oversight Improvements Act of 2025","Passed House","<p><strong>Compressed Gas Cylinder Safety and Oversight Improvements Act of 2025 </strong></p><p>This bill expands the application, testing, and inspection requirements for a foreign manufacturer of cylinders used for transporting hazardous materials in the United States (e.g., compressed gas cylinders).</p><p>Current regulations&nbsp;require a foreign manufacturer to apply for approval from the&nbsp;Pipeline and Hazardous Materials Safety Administration (PHMSA) of the Department of Transportation (DOT) for testing such cylinders outside of the United States.&nbsp;The bill requires that, to obtain an approval, a foreign manufacturer must answer in their application specified questions, including whether the manufacturer is or has been subject to various civil or criminal penalties.&nbsp;</p><p>Further, DOT must establish a process for any interested party to request a reevaluation of an approval for a foreign manufacturer's cylinders to review the accuracy and safety of the manufacturer's actions.</p><p>DOT must also revise the foreign inspection regulations to</p><ul><li>require that annual inspections of foreign manufacturers be carried out if DOT determines there is good cause;</li><li>specify that a refusal of inspection shall result in the loss of good standing;</li><li>allow DOT to request testing and production records and random sample testing; and</li><li>allow for the recovery of the costs of foreign inspections, including travel and time.</li></ul><p>The bill limits an approval to one year; however, DOT may extend an approval for five years for a manufacturer who meets certain requirements.</p><p>On an annual basis, DOT must publish a list of approved foreign manufacturers of cylinders on the PHMSA&nbsp;website.</p>"
"H.R. 1166",https://www.congress.gov/bill/119th-congress/house-bill/1166,"119th Congress (2025-2026)","Decoupling from Foreign Adversarial Battery Dependence Act","Passed House","<p><strong>Decoupling from Foreign Adversarial Battery Dependence Act</strong></p><p>This bill prohibits the Department of Homeland Security (DHS) from using appropriated funds to procure a battery produced by certain entities, particularly six specific companies owned and operated in China. This prohibition begins on October 1, 2027.</p><p>The bill allows DHS to waive the prohibition if DHS assesses in the affirmative that (1)&nbsp;the batteries to be procured do not pose a risk to U.S. national security, data, or infrastructure; and (2)&nbsp;there is no available alternative to procure batteries that are of similar or better cost and quality and that are produced by an entity not specified in this bill.</p><p>DHS may also waive the prohibition upon a determination that the batteries to be procured are for the sole purpose of research, evaluation, training, testing, or analysis.</p><p>The bill requires DHS to notify Congress within 15 days after granting a waiver under this bill.</p><p>The bill also requires DHS to report to Congress on the anticipated impacts associated with carrying out this bill, including with respect to specified agencies of DHS.</p>"
"H.R. 1156",https://www.congress.gov/bill/119th-congress/house-bill/1156,"119th Congress (2025-2026)","Pandemic Unemployment Fraud Enforcement Act","Passed House","<p><strong>Pandemic Unemployment Fraud Enforcement Act</strong></p><p>This bill extends from 5 to 10 years the statute of limitations for federal criminal charges or civil enforcement actions for fraud&nbsp;related to several&nbsp;unemployment insurance programs that were established during the COVID-19 pandemic.&nbsp; </p><p>The extension applies to Pandemic Unemployment Assistance, Federal Pandemic Unemployment&nbsp;Compensation, Mixed Earners Unemployment Compensation, and Pandemic Emergency Unemployment Compensation.&nbsp;The bill extends the statute of limitations for (1) criminal charges related to fraud, including aggravated identity theft, wire fraud, and conspiracy to commit fraud; and (2) civil actions involving&nbsp;false claims. However, the bill does not apply to a criminal prosecution or civil enforcement action if the applicable statute of limitations expired before the date of the bill's enactment.</p><p>Additionally, the bill rescinds specified unobligated funds that were provided in the American Rescue Plan Act of 2021&nbsp;to the Department of Labor  for anti-fraud and program integrity activities. &nbsp;</p>"
"H.R. 1155",https://www.congress.gov/bill/119th-congress/house-bill/1155,"119th Congress (2025-2026)","Recovery of Stolen Checks Act","Passed House","<p><strong>Recovery of Stolen Checks Act</strong></p><p>This bill requires the Department of the Treasury to establish procedures that allow an eligible taxpayer to elect to receive by direct deposit a replacement of a federal tax refund amount that was originally issued as a paper check and was lost or stolen. (Currently,  taxpayers eligible to receive a replacement of a lost or stolen federal tax refund check are generally issued another paper check.)</p>"
"H.R. 1152",https://www.congress.gov/bill/119th-congress/house-bill/1152,"119th Congress (2025-2026)","Electronic Filing and Payment Fairness Act","Passed House","<p><strong>Electronic Filing and Payment Fairness Act </strong></p><p>This bill provides that a federal tax document or payment that is electronically submitted to the Internal Revenue Service (IRS) shall be considered delivered to the IRS on the date such document or payment is sent. Further, the bill requires the IRS to issue guidance on electronically submitted federal tax documents and payments no later than December 31, 2025.</p><p>Under current law, a federal tax document or payment that is sent by mail is considered delivered to the IRS on the date that such document or payment is postmarked and is considered timely if the postmark date is on or before the due date of such document or payment. (This is known as the mailbox rule.)</p><p>Further, under current law, the IRS is authorized to provide guidance on electronically submitted federal tax documents but not payments. In accordance with such authority, IRS guidance provides that the date that an authorized electronic return transmitter receives the transmission of an electronically filed document on its host system is the electronic postmark date.</p><p>The bill expands the mailbox rule to include all electronically submitted federal tax documents and payments and specifically requires the IRS to provide guidance on electronically submitted payments.</p>"
"H.R. 1147",https://www.congress.gov/bill/119th-congress/house-bill/1147,"119th Congress (2025-2026)","Veterans Accessibility Advisory Committee Act of 2025","Passed House","<p><strong>Veterans Accessibility Advisory Committee Act of 2025</strong></p><p>This bill requires the Department of Veterans Affairs (VA) to establish the Veterans Advisory Committee on Equal Access to address the accessibility of the VA for individuals with disabilities. Prior to establishing the advisory committee, the VA must take action to abolish or consolidate advisory committees that are currently inactive.</p><p>The bill also extends certain loan fee rates through June 23, 2034, under the VA's home loan program.</p>"
"H.R. 1107",https://www.congress.gov/bill/119th-congress/house-bill/1107,"119th Congress (2025-2026)","Protecting Veteran Access to Telemedicine Services Act of 2025","Passed House","<p><strong>Protecting Veteran Access to Telemedicine Services Act of 2025</strong></p><p>This bill permanently authorizes certain Department of Veterans Affairs (VA) health care professionals to use&nbsp;telemedicine to deliver, distribute, or dispense controlled substances that are prescription drugs to patients who are eligible for VA health care, regardless of whether the health care professional has conducted an in-person medical examination. The health care professional must be (1) authorized to prescribe the basic class of such controlled substance under an active, current, full, and unrestricted license or certification; (2) acting in the usual course of professional practice; and (3) delivering, distributing, or dispensing the substance for a legitimate medical purpose.</p>"
"H.R. 1082",https://www.congress.gov/bill/119th-congress/house-bill/1082,"119th Congress (2025-2026)","Shandra Eisenga Human Cell and Tissue Product Safety Act","Passed House","<p><strong>Shandra Eisenga Human Cell and Tissue Product Safety Act</strong></p><p>This bill establishes civil penalties for violations of regulations governing the donation and handling of human cell and tissue products. It also&nbsp;requires the Food and Drug Administration (FDA) to report on the regulation of these products and to provide related information to stakeholders. (<em>Human cell and tissue products</em> are articles containing or consisting of human cells or tissues that are intended for use in a human recipient.)</p><p>Specifically, the bill establishes civil penalties for violations of the FDA’s regulations on donor eligibility and current good tissue practice for manufacturing and distributing&nbsp;human cell and tissue products.</p><p>Also, the bill requires the FDA to conduct workshops to educate stakeholders and facilitate discussion on the science and regulation of human cell and tissue products. The FDA must establish a public docket to receive written comments on this topic, and report to Congress with recommendations. The bill also requires the FDA to support the development of educational materials for health care  professionals regarding organ, tissue, and eye donations and related topics.</p><p>Additionally, the bill requires the FDA to publish on its website educational materials about the Tissue Reference Group (a working group within the FDA)&nbsp;and best practices for obtaining a recommendation from them about human cell and tissue products. Also, annually for three years, the FDA must publish on its website information on inquiries submitted to the Tissue Reference Group and FDA registrations and inspections regarding human cell and&nbsp;tissue manufacturers.&nbsp;</p>"
"H.R. 1048",https://www.congress.gov/bill/119th-congress/house-bill/1048,"119th Congress (2025-2026)","DETERRENT Act","Passed House","<p><strong>Defending Education Transparency and Ending Rogue Regimes Engaging in Nefarious Transactions Act or the DETERRENT Act</strong></p><p>This bill expands oversight and disclosure requirements related to foreign sources and institutions of higher education (IHEs).</p><p>Specifically, the bill requires an IHE to annually disclose to the Department of Education (ED) any year in which the IHE</p><ul><li>receives a gift from a foreign country of concern (e.g., China or Russia) or foreign entity of concern of any dollar amount;</li><li>receives a gift or contract from a foreign source (other than a foreign country of concern or foreign entity of concern) that is valued at $50,000 or more, considered alone or in combination with all other gifts or contracts within a calendar year (current disclosure threshold is $250,000 or more), or which has an undetermined monetary value;</li><li>enters into a contract with a foreign country of concern or foreign entity of concern after receiving a waiver for such contract; or</li><li>is substantially controlled by a foreign source.</li></ul><p>Additionally, the bill</p><ul><li>prohibits IHEs from entering into contracts with a foreign country of concern or with a foreign entity of concern without obtaining a waiver,</li><li>requires certain IHEs to disclose gifts or contracts between covered individuals (e.g., researchers) and foreign sources, and</li><li>requires private IHEs with specified assets or investments to file annual investment disclosure reports.</li></ul><p>The bill requires ED to investigate possible violations of this bill and outlines the various penalties for each violation. Penalties may include losing eligibility for federal student financial aid.</p>"
"H.R. 1047",https://www.congress.gov/bill/119th-congress/house-bill/1047,"119th Congress (2025-2026)","GRID Power Act","Passed House","<p><strong>Guaranteeing Reliability through the Interconnection of Dispatchable Power Act or the GRID Power Act</strong></p><p>This bill requires the Federal Energy Regulatory Commission (FERC) to issue a rule that revises the prioritization and approval process for interconnection requests for dispatchable power projects.&nbsp;(Under the bill,<em> d</em><em>ispatchable power</em> generally refers to an an electric energy generation resource capable of providing known and forecastable electric supply in time intervals necessary to ensure grid reliability.)</p><p>First, the rule must address the&nbsp;efficiency and effectiveness of the existing procedures&nbsp;for processing interconnection&nbsp;requests for new&nbsp;dispatchable power projects to ensure that new projects that improve grid reliability and resource adequacy can interconnect to the electric grid quickly, cost-effectively, and reliably.&nbsp;</p><p>Second, the rule must revise the pro forma Large Generator Interconnection Procedures, and the pro forma Large Generator Interconnection Agreement as appropriate,&nbsp;to authorize transmission providers to submit proposals to FERC  to adjust the interconnection queue of the provider to prioritize new dispatchable power projects that will improve grid reliability and resource adequacy by assigning those projects a higher positions in the queue. FERC must review and approve or deny such proposals within 60 days after the proposal is submitted.</p>"
"H.R. 1044",https://www.congress.gov/bill/119th-congress/house-bill/1044,"119th Congress (2025-2026)","To amend Public Law 99-338 with respect to Kaweah Project permits.","Passed House","<p>This bill authorizes the Department of the Interior to issue seven (currently, three) renewals for portions&nbsp;of the Kaweah Project, which is an existing hydroelectric project in&nbsp;Tulare County, California.</p>"
"H.R. 1043",https://www.congress.gov/bill/119th-congress/house-bill/1043,"119th Congress (2025-2026)","La Paz County Solar Energy and Job Creation Act","Passed House","<p><strong>La Paz County Solar Energy and Job Creation Act</strong></p><p>This bill directs the Department of the Interior, after receiving a request from La Paz County, Arizona, to convey approximately&nbsp;3,400 acres of identified land managed by the Bureau of Land Management to the county for fair market value.</p><p>Interior must exclude from the conveyance any federal land that contains significant cultural, environmental, wildlife, or recreational resources.</p><p>As a condition of the conveyance, La Paz County and any subsequent owner must</p><ul><li>make good faith efforts to avoid disturbing tribal artifacts;</li><li>minimize impacts on tribal artifacts if they are disturbed;</li><li>coordinate with the Colorado River Indian Tribes Tribal Historic Preservation Office to identify artifacts of cultural and historic significance; and</li><li>allow tribal representatives to rebury unearthed artifacts at, or near, where they were discovered.</li></ul><p>The federal land is withdrawn from the operation of U.S. mining and mineral leasing laws.</p>"
"H.R. 1039",https://www.congress.gov/bill/119th-congress/house-bill/1039,"119th Congress (2025-2026)","Clear Communication for Veterans Claims Act","Passed House","<p><strong>Clear Communication for Veterans Claims Act</strong></p><p>This bill requires the Department of Veterans Affairs (VA) to seek to enter into an agreement with a federally funded research and development center to assess notices that the VA sends to claimants applying for or submitting claims for VA benefits. The VA must report on the findings of the assessment and implement recommendations in the assessment.</p><p>The bill also extends certain loan fee rates through June 23, 2034, under the VA's home loan program.</p>"
"H.R. 1001",https://www.congress.gov/bill/119th-congress/house-bill/1001,"119th Congress (2025-2026)","To provide for a memorandum of understanding to address the impacts of a certain record of decision on the Upper Colorado River Basin Fund.","Passed House","<p>This bill directs the Bureau of Reclamation and the Western Area Power Administration, in consultation with the Glen Canyon Dam Adaptive Management Work Group, to enter into a memorandum of understanding to explore and address the impact that the 2024 record of decision entitled <em>Supplement to the 2016 Glen Canyon Dam Long-Term Experimental and Management Plan Record of Decision </em>has on the Upper Colorado River Basin Fund. The memorandum of understanding must include a plan to (1) address the effects that the decision may have on the fund's obligations, (2) address the impact that the decision has on hydropower production at Glen Canyon Dam, and (3) identify impacts that the decision has had on species listed as threatened or endangered species.</p><p>By way of background, Reclamation published a Final Supplemental Environmental Impact Statement (SEIS) under the National Environmental Policy Act of 1969 for the Glen Canyon Dam Long-Term Experimental and Management Plan (LTEMP) in 2024. The SEIS revises the 2016 LTEMP Record of Decision to address two issues: (1) responding to the threat of the invasive smallmouth bass&nbsp;below Glen Canyon Dam, and (2) incorporating the latest sediment science to assess when high-flow experiments should be conducted in order to protect the endangered humpback&nbsp;chub.</p>"
"H.R. 998",https://www.congress.gov/bill/119th-congress/house-bill/998,"119th Congress (2025-2026)","Internal Revenue Service Math and Taxpayer Help Act","Passed Senate","<p><strong>Internal Revenue Service Math and Taxpayer Help Act</strong></p><p>This bill requires the Internal Revenue Service (IRS) to provide specific information on a notice related to a math or clerical error, send a notice related to an abatement of taxes assessed due to a math or clerical error, provide procedures for requesting such an abatement, and implement a pilot program for sending notices of a math or clerical error.</p><p>Under the bill, a notice sent by the IRS regarding&nbsp;a math or clerical error must include</p><ul><li>a clear description of the error, including the type of error and the specific federal tax return line on which the error was made;</li><li>an itemized computation of adjustments required to correct the error;</li><li>the telephone number for the automated transcript service; and</li><li>the deadline for requesting an abatement of any tax assessed due to the error.</li></ul><p>Further, the bill requires the IRS to send a notice related to an abatement of tax assessed due to a math or clerical error that clearly describes the abatement and includes an itemized computation of adjustments to be made to the items described in the notice of the&nbsp;error.</p><p>This bill also requires the IRS to</p><ul><li>provide procedures for requesting in writing, electronically, by phone, or in person an abatement of tax assessed due to a math or clerical error;</li><li>implement a pilot program to send notices of a math or clerical error by certified or registered mail; and</li><li>report to Congress certain information about the pilot program.</li></ul>"
"H.R. 997",https://www.congress.gov/bill/119th-congress/house-bill/997,"119th Congress (2025-2026)","National Taxpayer Advocate Enhancement Act of 2025","Passed House","<p><strong>National Taxpayer Advocate Enhancement Act of 2025 </strong></p><p>This bill authorizes the National Taxpayer Advocate to appoint legal counsel within the Taxpayer Advocate Service (TAS) to report directly to the National Taxpayer Advocate. The bill also expands the authority of the National Taxpayer Advocate to take personnel actions with respect to local taxpayer advocates (located in each state) to include actions with respect to any employee of TAS.</p><p>Currently, pursuant to a Department of the Treasury order, all legal counsel whose duties include providing legal advice to any official in any office or bureau of Treasury are part of the Legal Division within Treasury and under the supervision of the General Counsel, with limited exceptions. TAS assists taxpayers in matters involving the Internal Revenue Service (IRS) and is part of the IRS, within Treasury.&nbsp;</p>"
"H.R. 993",https://www.congress.gov/bill/119th-congress/house-bill/993,"119th Congress (2025-2026)","Emerging Innovative Border Technologies Act","Passed House","<p><strong>Emerging Innovative Border Technologies Act</strong></p><p>This bill requires U.S. Customs and Border Protection (CBP) and the Science and Technology Directorate of the Department of Homeland Security to develop a plan to identify, integrate, and deploy emerging and innovative technologies to improve border security operations. Such technologies may incorporate artificial intelligence, machine-learning, automation, fiber-optic sensing technology, nanotechnology, optical and cognitive radar, modeling and simulation technology, hyperspectral and LIDAR sensors, and imaging, identification, and categorization systems.&nbsp;</p><p>The bill authorizes CBP to establish one or more Innovation Teams to research and adapt commercial technologies that may be used by CBP.</p><p>The plan must describe how the Innovation Teams have been implemented and also detail</p><ul><li>goals and timelines for adoption of qualifying technologies,</li><li>metrics and key performance parameters for determining the plan's effectiveness,</li><li>which technologies used by other federal agencies CBP may also utilize,</li><li>which existing authorities CBP may use to procure technologies,</li><li>how CBP legacy border technology programs may be replaced,</li><li>the expected privacy and security impact of security-related technology on border communities, and</li><li>recent technological advancements in specified technologies.</li></ul><p>CBP must provide the plan to Congress within 180 days of the bill’s enactment.&nbsp;The bill also requires CBP to annually report to Congress regarding the activities of the Innovation Teams.</p>"
"H.R. 983",https://www.congress.gov/bill/119th-congress/house-bill/983,"119th Congress (2025-2026)","Montgomery GI Bill Selected Reserves Tuition Fairness Act of 2025","Passed House","<p><strong>Montgomery GI Bill Selected Reserves Tuition Fairness Act of 2025</strong></p><p>This bill requires that the Department of Veterans Affairs disapprove courses of education provided by educational institutions that charge higher than in-state tuition for individuals utilizing the Montgomery GI Bill-Selected Reserve education benefits while living in the state where the education is located, regardless of the individual’s state of residence.</p>"
"H.R. 981",https://www.congress.gov/bill/119th-congress/house-bill/981,"119th Congress (2025-2026)","VETT Act","Passed House","<p><strong>Veterans Education Transparency and Training Act or the VETT Act</strong></p><p>This bill modifies the approval process for certain courses of education for purposes of Department of Veterans Affairs (VA) educational assistance benefits.</p><p>Under current law, educational institutions must provide a personalized form to an individual with certain information (e.g., cost, financial aid, and graduation and job placement rates) prior to enrollment in a course, otherwise such institutions may be subject to certain disciplinary action from the VA or state approving agency. The bill provides that if an educational institution cannot provide the required personalized form to an individual prior to enrollment, the institution must provide notice that specifies which information in the form may be inaccurate or incomplete and the best estimate available for such information.</p><p>The bill requires the VA to establish and regularly update a website to serve as a central location for information about training for school certifying officials regarding VA educational benefits.</p>"
"H.R. 975",https://www.congress.gov/bill/119th-congress/house-bill/975,"119th Congress (2025-2026)","Credit Union Board Modernization Act","Passed House","<p><strong>Credit Union Board Modernization Act </strong></p><p>This bill reduces the required frequency of meetings held by the board of directors of certain credit unions. Under the bill, new credit unions and credit unions with a low soundness rating must meet monthly, as required under current law. All other credit unions must hold at least six meetings annually, with at least one meeting held during each fiscal quarter.</p>"
"H.R. 973",https://www.congress.gov/bill/119th-congress/house-bill/973,"119th Congress (2025-2026)","Setting Consumer Standards for Lithium-Ion Batteries Act","Passed House","<p><strong>Setting Consumer Standards for Lithium-Ion Batteries Act</strong></p><p>This bill requires the Consumer Product Safety Commission to issue a final consumer product safety rule for rechargeable lithium-ion batteries used in&nbsp;micromobility devices, such as electric bikes and electric scooters.</p><p>Specifically, the rule must require manufacturers and distributors of&nbsp;such products to comply with the applicable&nbsp;safety standards jointly&nbsp;established by the American National Standards Institute, the Standards Council of Canada, and UL Solutions Inc.</p>"
"H.R. 970",https://www.congress.gov/bill/119th-congress/house-bill/970,"119th Congress (2025-2026)","Fairness for Servicemembers and their Families Act of 2025","Passed House","<p><strong>Fairness for Servicemembers and their Families Act of 2025</strong></p><p>This bill requires the Department of Veterans Affairs (VA) to periodically review and report on the maximum coverage available under the&nbsp;Servicemembers' Group Life Insurance and Veterans' Group Life Insurance programs. Specifically, the VA must review such coverage amount every five years, taking into account the average percentage by which the Consumer Price Index for All Urban Consumers (CPI-U) increased in the five fiscal years preceding the review.</p>"
"H.R. 965",https://www.congress.gov/bill/119th-congress/house-bill/965,"119th Congress (2025-2026)","Housing Unhoused Disabled Veterans Act","Passed House",
"H.R. 952",https://www.congress.gov/bill/119th-congress/house-bill/952,"119th Congress (2025-2026)","Reversionary Interest Conveyance Act","Passed House","<p><strong>Reversionary Interest Conveyance Act</strong></p><p>This bill directs the Bureau of Land Management (BLM) to&nbsp;offer to sell the reversionary interest of the United States in approximately 8.43 acres of land in Sacramento, California, as generally depicted on a specified map dated November 7, 2022.&nbsp;Within two years of receiving a request from the owner of the land, the BLM must offer the reversionary interest and convey the reversionary interest to the buyer upon payment. The payment must be&nbsp;in an amount that is at least the fair market value of the reversionary interest. The buyer must also pay all costs related to the applicable conveyance of the reversionary interest, including all surveys, appraisals, and other administrative costs.</p><p>The bill subjects the conveyance to valid existing rights.</p><p>The proceeds from the sale must be deposited into Federal Land Disposal Account.</p>"
"H.R. 919",https://www.congress.gov/bill/119th-congress/house-bill/919,"119th Congress (2025-2026)","Chronic Disease Flexible Coverage Act","Passed House","<p><strong>Chronic Disease Flexible Coverage Act</strong></p><p>This bill provides statutory authority for guidance from the Internal Revenue Service (IRS) that expands the types of preventive care that may be offered under a high deductible health plan (HDHP) without requiring a deductible&nbsp;or with a deductible below the minimum threshold.</p><p>Under current law, to be considered health savings account-eligible, an HDHP must have a deductible above a certain minimum threshold amount, which is adjusted annually. However, an HDHP may cover certain types of preventive care without requiring a deductible or with a deductible below the minimum threshold.&nbsp;</p><p>The IRS issued guidance expanding the types of preventive care that may be covered by an HDHP without requiring a deductible or with a deductible below the minimum threshold to include</p><ul><li>angiotensin converting enzyme inhibitors for individuals with congestive heart failure, diabetes, or coronary artery disease;</li><li>anti-resorptive therapy for individuals with osteoporosis or&nbsp;osteopenia;</li><li>beta-blockers for individuals with congestive heart failure or coronary artery disease;</li><li>blood pressure monitors for individuals with hypertension;</li><li>inhaled&nbsp;corticosteroids and peak flow meters for individuals with asthma;</li><li>insulin and other glucose lowering agents, retinopathy screening,&nbsp;glucometers, and hemoglobin A1c testing for individuals with diabetes;</li><li>international normalized ratio testing for individuals with liver disease or bleeding disorders;</li><li>low-density lipoprotein testing for individuals with heart disease;</li><li>statins for individuals with heart disease or diabetes; and</li><li>selective&nbsp;serotonin reuptake inhibitors for individuals with depression.&nbsp;</li></ul><p>The bill provides statutory authority for the IRS's guidance.&nbsp;</p>"
"H.R. 910",https://www.congress.gov/bill/119th-congress/house-bill/910,"119th Congress (2025-2026)","Taiwan Non-Discrimination Act of 2025","Passed House","<p><strong>Taiwan Non-Discrimination Act of 2025</strong></p><p>This bill requires actions to support Taiwan's participation in the International Monetary Fund (IMF).</p><p>The U.S. Governor of the IMF must advocate for (1) Taiwan's admission into the IMF as a member, to the extent Taiwan seeks to be a member; (2) Taiwan's participation in the IMF's regular surveillance activities relating to Taiwan's economic and financial policies; (3) employment opportunities at the IMF for Taiwan nationals; and (4) Taiwan's ability to receive IMF technical assistance and training.</p>"
"H.R. 906",https://www.congress.gov/bill/119th-congress/house-bill/906,"119th Congress (2025-2026)","Foreign Adversary Communications Transparency Act","Passed House","<p><strong>Foreign Adversary Communications Transparency Act</strong></p><p>This bill requires the Federal Communications Commission (FCC) to annually publish a list of entities that hold a license or other authorization granted by the FCC and have ties to specified foreign countries.</p><p>With respect to entities holding cable landing licenses (for the placement and operation of submarine communications cables) or other licenses granted via competitive auction, the FCC must publish a list of all such entities (1) in which a covered entity holds a specified voting or equity interest, or (2) that have been determined by a national security agency to be subject to the control of a covered entity.&nbsp;</p><p>With respect to entities holding all other categories of FCC licenses or other&nbsp;authorizations, the FCC must first issue rules facilitating the collection of information on such licensees’ ownership structure. After that information is obtained, the FCC must add to the published list any such entity in which a covered entity holds a specified voting or equity interest.&nbsp;</p><p>Under the bill, a <em>covered entity</em> is defined as an entity organized in China, Iran, North Korea, or Russia; a subsidiary of such an entity; or the government of China, Iran, North Korea, or Russia.</p>"
"H.R. 901",https://www.congress.gov/bill/119th-congress/house-bill/901,"119th Congress (2025-2026)","Research Security and Accountability in DHS Act","Passed House","<p><strong>Research Security and Accountability in DHS Act</strong></p><p>This bill requires the Science and Technology Directorate in the Department of Homeland Security (DHS) to develop a department-wide policy for safeguarding research and development from unauthorized access or disclosures of sensitive information in related acquisitions.</p><p>Additionally, the Government Accountability Office must report on the compliance of DHS with a 2021 presidential memorandum and related guidance that required certain disclosures about government-funded research and development (e.g., conflicts of interest involving foreign governments).</p>"
"H.R. 900",https://www.congress.gov/bill/119th-congress/house-bill/900,"119th Congress (2025-2026)","Sinkhole Mapping Act of 2025","Passed House","<p><strong>Sinkhole Mapping Act of 2025</strong></p><p>This bill directs the U.S. Geological Survey (USGS)&nbsp;to establish a program to</p><ul><li>study the short-term and long-term mechanisms that cause sinkholes, including extreme storm events, prolonged droughts causing shifts in water management practices, aquifer depletion, and other major changes in water use; and</li><li>develop maps, using three-dimensional elevation data, that depict zones that are at greater risk of forming sinkholes.</li></ul><p>The USGS&nbsp;must establish a public website that displays such maps and other relevant information critical for use by community planners and emergency managers.</p>"
"H.R. 884",https://www.congress.gov/bill/119th-congress/house-bill/884,"119th Congress (2025-2026)","To prohibit individuals who are not citizens of the United States from voting in elections in the District of Columbia and to repeal the Local Resident Voting Rights Amendment Act of 2022.","Passed House","<p>This bill prohibits a non-U.S. citizen from voting in a District of Columbia (DC) election and repeals relevant provisions of DC law.</p><p>Federal law prohibits noncitizens from voting in a federal election; however, in 2022, DC enacted a law allowing noncitizens who meet residency and other requirements to vote in local elections. This bill repeals the DC law, which went into effect on February 23, 2023.&nbsp;</p>"
"H.R. 881",https://www.congress.gov/bill/119th-congress/house-bill/881,"119th Congress (2025-2026)","DHS Restrictions on Confucius Institutes and Chinese Entities of Concern Act","Passed House","<p><strong>DHS Restrictions on Confucius Institutes and Chinese Entities of Concern Act</strong></p><p>This bill restricts funding to an institution of higher education (IHE) that has a relationship with a Confucius Institute,&nbsp;Thousand Talents Program, or Chinese entity of concern. The bill defines (1)&nbsp;<em>Confucius Institute</em> as a cultural institute funded by the Chinese government; (2) <em>Thousand Talents Program</em> as&nbsp;any technological or educational program funded or administered by China's Ministry of Industry and Information Technology; and (3)&nbsp;<em>Chinese entity of concern</em> as generally any university or college in China that is involved in China's military, police, or intelligence activities.</p><p>Specifically, the Department of Homeland Security (DHS) must ensure that an IHE that has awarded a contract to, entered into an agreement with, or received an in-kind donation or gift from a Confucius Institute, Thousand Talents Program, or Chinese entity of concern&nbsp;is ineligible to receive any funds from DHS, unless the IHE terminates the relationship. The IHE may regain eligibility for these funds upon termination of the relationship.</p>"
"H.R. 877",https://www.congress.gov/bill/119th-congress/house-bill/877,"119th Congress (2025-2026)","Deliver for Veterans Act","Passed House","<p><strong>Deliver for Veterans Act</strong></p><p>This bill requires the Department of Veterans Affairs (VA) to include delivery costs when paying the full purchase price of an automobile or other conveyance for certain disabled veterans or members of the Armed Forces. Currently, the VA must pay the lesser of (1) $26,417.20 (adjusted annually for inflation), or (2) the full purchase price associated with providing an automobile or other conveyance to such individuals (not including delivery costs).</p>"
"H.R. 875",https://www.congress.gov/bill/119th-congress/house-bill/875,"119th Congress (2025-2026)","Jeremy and Angel Seay and Sergeant Brandon Mendoza Protect Our Communities from DUIs Act of 2025","Passed House","<p><strong>Jeremy and Angel Seay and Sergeant Brandon Mendoza Protect Our Communities from DUIs Act of 2025</strong></p><p>This bill makes driving while intoxicated or impaired a ground for (1) barring a non-U.S. national (<em>alien</em> under federal law) from admission into the United States, or (2) deporting the individual.</p><p>The bar to admission shall apply to an individual who has been convicted of the offense or has admitted to having committed the acts which constitute the elements of the offense. As a ground for deportability, the individual must have been convicted of the offense.</p>"
"H.R. 872",https://www.congress.gov/bill/119th-congress/house-bill/872,"119th Congress (2025-2026)","Federal Contractor Cybersecurity Vulnerability Reduction Act of 2025","Passed House","<p><strong>Federal Contractor Cybersecurity Vulnerability Reduction Act of 2025</strong></p><p>This bill requires revisions to acquisition regulations&nbsp;related to information systems vulnerabilities&nbsp;for certain federal contractors. The revisions apply to contractors whose contract is at or above the simplified acquisition threshold ($250,000 in most cases) or that use, operate, manage, or maintain a federal information system on behalf of an agency.&nbsp;</p><p>Under the bill, the Office of Management and Budget must review the Federal Acquisition Regulation (FAR) and recommend updated contract requirements and language for contractor vulnerability disclosure programs. (Such programs establish processes for identifying, reporting, and mitigating information system vulnerabilities discovered by security researchers, software developers, and others.) The recommendations must include requirements to ensure that such contractors implement vulnerability disclosure policies consistent with guidelines from the National Institute of Standards and Technology. The Federal Acquisition Regulation Council must review these recommendations and update the FAR as necessary to incorporate requirements for such contractors to receive information about potential security vulnerabilities in contractor information systems used in performance of contract.</p><p>The Department of Defense (DOD) must conduct a similar review and update of regulations with respect to the DOD Supplement to the FAR.</p>"
"H.R. 866",https://www.congress.gov/bill/119th-congress/house-bill/866,"119th Congress (2025-2026)","ROUTERS Act","Passed House","<p><strong>Removing Our Unsecure Technologies to Ensure Reliability and Security Act or the ROUTERS Act</strong></p><p>This bill requires the National Telecommunications and Information Administration to conduct a study on the national security risks posed by consumer routers and modems (including devices that combine a modem and router) and provide the results of the study to Congress. The study must address devices developed, manufactured, or supplied&nbsp;by persons (i.e., individuals and entities)&nbsp;owned by, controlled by, or subject to the influence of China, Iran, North Korea, or Russia.&nbsp;</p><p>&nbsp;</p>"
"H.R. 862",https://www.congress.gov/bill/119th-congress/house-bill/862,"119th Congress (2025-2026)","TSA Commuting Fairness Act","Passed House","<p><strong>TSA Commuting Fairness Act</strong></p><p>This bill directs the Transportation Security Administration (TSA) to submit to Congress a study on the feasibility of treating as on-duty hours the time TSA employees working at airport locations spend traveling between regular duty locations, airport parking lots,&nbsp;and bus and transit stops.</p>"
"H.R. 859",https://www.congress.gov/bill/119th-congress/house-bill/859,"119th Congress (2025-2026)","Informing Consumers about Smart Devices Act","Passed House","<p><strong>Informing Consumers about Smart Devices Act</strong></p> <p>This bill requires manufacturers of internet-connected devices (e.g., smart appliances) that are equipped with a camera or microphone to disclose to consumers prior to purchase that a camera or microphone is part of the device.</p> <p>The bill does not apply to mobile phones, laptops, or other devices that a consumer would reasonably expect to include a camera or microphone.</p>"
"H.R. 856",https://www.congress.gov/bill/119th-congress/house-bill/856,"119th Congress (2025-2026)","Safe and Smart Federal Purchasing Act","Passed House","<p><strong>Safe and Smart Federal Purchasing Act</strong></p><p>This bill requires the Office of Management and Budget (OMB) to evaluate the procurement activities of federal agencies to determine whether provisions of the Federal Acquisition Regulation related to the lowest price technically acceptable source selection process have created any national security risk and report to Congress.</p>"
"H.R. 837",https://www.congress.gov/bill/119th-congress/house-bill/837,"119th Congress (2025-2026)","To require the Secretary of Agriculture to convey the Pleasant Valley Ranger District Administrative Site to Gila County, Arizona.","Passed House","<p>This bill directs the Forest Service to convey specified property to Gila County, Arizona, upon the county's submission of a written request for such conveyance. The property, identified as the Gila County Area, consists of approximately 232.9 acres of National Forest System land located in the Tonto National Forest in Arizona.</p><p>The county must use the land for the purposes of serving and supporting veterans.&nbsp;If any land conveyed under this bill ceases to be used for such purpose, all right, title, and interest in and to the land shall revert to the United States, at the discretion of the Forest Service.</p><p>The conveyance&nbsp;must be made with a&nbsp;quitclaim deed and without consideration (value, such as payment, provided in exchange for the property).</p><p>The Forest Service&nbsp;must not be required to provide any covenant or warranty for the land and improvements conveyed to the county under such conveyance.</p><p>As a condition of the conveyance, the county must pay all the costs associated with the conveyance, including any (1) surveys, (2)&nbsp;environmental analysis or resource survey required under federal law, and (3) analysis required to comply with certain provisions of the National Historic Preservation Act.</p>"
"H.R. 836",https://www.congress.gov/bill/119th-congress/house-bill/836,"119th Congress (2025-2026)","Emergency Wildfire Fighting Technology Act of 2025","Passed House","<p><strong>Emergency Wildfire Fighting Technology Act of 2025</strong></p><p>This bill requires the Forest Service and the Department of the Interior to (1) jointly evaluate the container aerial firefighting system to assess its use to mitigate and suppress wildfires,&nbsp;and (2) report on the results of the evaluation to Congress.</p><p>The system allows for the use of airdrop-capable disposable containers of water or fire retardant in order to increase the number of airlift assets available for wildfire emergencies.</p>"
"H.R. 835",https://www.congress.gov/bill/119th-congress/house-bill/835,"119th Congress (2025-2026)","9/11 Memorial and Museum Act","Passed House","<p><strong>9/11 Memorial and Museum Act</strong></p><p>This bill directs the Department of Homeland Security to award to the nonprofit organization that operates the National September 11 Memorial &amp; Museum in New York, New York,&nbsp;a one-time grant to be used solely for the purposes of the operation, security, and maintenance of the memorial and museum.</p><p>As a condition of receiving the grant, the organization must</p><ul><li>provide for free admission to all facilities and museums associated with the memorial and museum for active and retired members of the Armed Forces, individuals who were registered first responders to the terrorist attacks of September 11, 2001, and family members of victims of such attacks;</li><li>provide for dedicated free admission hours for the general public at least once a week; and</li><li>allow for annual federal audits of its financial statements.</li></ul>"
"H.R. 832",https://www.congress.gov/bill/119th-congress/house-bill/832,"119th Congress (2025-2026)","Small Business Advocacy Improvements Act of 2025","Passed House","<p><strong>Small Business Advocacy Improvements Act of 2025</strong></p><p>This bill expands the primary functions and additional duties of the Office of Advocacy of the Small Business Administration to include (1) examining the role of small businesses in the international economy, and (2) representing the views and interests of small businesses before foreign governments and international entities to contribute to regulatory and trade initiatives that may affect small businesses.</p>"
"H.R. 828",https://www.congress.gov/bill/119th-congress/house-bill/828,"119th Congress (2025-2026)","SERV Act","Passed House","<p><b>Successful Entrepreneurship for Reservists and Veterans Act or the SERV Act</b></p> <p>This bill requires (1) the Small Business Administration to report on the veterans interagency task force; and (2) the Government Accountability Office to report on access to credit for small businesses owned and controlled by veterans, Reservists, or their spouses.</p>"
"H.R. 825",https://www.congress.gov/bill/119th-congress/house-bill/825,"119th Congress (2025-2026)","Assisting Small Businesses Not Fraudsters Act","Passed House","<p><strong>Assisting Small Businesses Not Fraudsters Act</strong></p><p>This bill prohibits individuals convicted of certain financial crimes from receiving assistance from the Small Business Administration (SBA).</p><p>Specifically, the bill prohibits individuals who have been convicted of a crime involving financial misconduct or a false statement with respect to certain COVID-19 loans (e.g., Paycheck Protection Program loans, Restaurant Revitalization Fund grants, and Shuttered Venue Operators grants) from receiving any financial assistance from the SBA (other than a disaster loan).</p><p>The prohibition includes SBA assistance to small businesses that have an owner, officer, director, or key employee who has been convicted of such a crime.</p>"
"H.R. 818",https://www.congress.gov/bill/119th-congress/house-bill/818,"119th Congress (2025-2026)","SPUR Act","Passed House","<p><strong>Small Business Procurement and Utilization Reform Act of 2025 or the SPUR Act</strong></p><p>This bill requires federal agencies to include on their annual scorecard for small business contracting the number of small businesses that receive a prime contract for the first time and are&nbsp;owned and controlled by service-disabled veterans, qualified HUBZone small business concerns, small business concerns owned and controlled by socially and economically disadvantaged individuals, or small business concerns owned and controlled by women.&nbsp;</p>"
"H.R. 804",https://www.congress.gov/bill/119th-congress/house-bill/804,"119th Congress (2025-2026)","Rural Small Business Resilience Act","Passed House","<p><strong>Rural Small Business Resilience Act</strong></p><p>This bill requires the Small Business Administration's Office of Disaster Recovery and Resilience to take necessary actions to ensure that individuals located in rural areas where a disaster has been declared have full access to disaster assistance. Such actions include providing targeted outreach and marketing materials to such individuals.</p>"
"H.R. 789",https://www.congress.gov/bill/119th-congress/house-bill/789,"119th Congress (2025-2026)","Transparency and Predictability in Small Business Opportunities Act","Passed House","<p><strong>Transparency and Predictability in Small Business Opportunities Act</strong></p><p>This bill requires the Small Business Administration (SBA) to issue rules for disclosing information about federal contract solicitations for which small businesses were eligible and that were issued and cancelled.</p><p>Under the rules for&nbsp;such a solicitation, an agency must provide&nbsp;(1) a justification for the cancellation,&nbsp;(2) information about any plans to reissue the solicitation and any associated&nbsp;time frames,&nbsp;and (3) information about any plans to include the requirements of the solicitation in another contract or task order of the agency.</p><p>Additionally, for such solicitations that an agency does not intend to reissue, the SBA must provide procedures for the agency to refer a small business that prepared a bid for such covered solicitation to the&nbsp;Office of Small and Disadvantaged Business Utilization for assistance in identifying similar contracting opportunities.</p>"
"H.R. 788",https://www.congress.gov/bill/119th-congress/house-bill/788,"119th Congress (2025-2026)","DOE and SBA Research Act","Passed House","<p><strong>DOE and SBA Research Act</strong></p><p>This bill requires the Department of Energy and the Small Business Administration to enter into an agreement to collaborate on research and development activities. These activities must include, as appropriate, small businesses.</p><p>The agencies must report on any collaborative research achievements and potential opportunities to expand the technical capabilities of the agencies.</p>"
"H.R. 787",https://www.congress.gov/bill/119th-congress/house-bill/787,"119th Congress (2025-2026)","Plain Language in Contracting Act","Passed House","<p><strong>Plain Language in Contracting Act</strong></p><p>This bill requires that notices of contracting opportunities for small businesses are written in a clear, concise, and accessible manner.</p><p>Each notice also must comply with the requirements of the Plain Writing Act of 2010, which are applicable to publications and notices by federal agencies.</p><p>The Small Business Administration must issue rules to implement these requirements.</p>"
"H.R. 776",https://www.congress.gov/bill/119th-congress/house-bill/776,"119th Congress (2025-2026)","Nutria Eradication and Control Reauthorization Act of 2025","Passed House","<p><strong>Nutria Eradication and Control Reauthorization Act of 2025</strong></p><p>This bill reauthorizes through FY2030 the Nutria Eradication and Control Act of 2003, which allows the Department of the Interior to provide financial assistance to states for (1)&nbsp;eradicating or controlling nutria, and (2) restoring marshland damaged by nutria.&nbsp;Nutria are invasive, semi-aquatic rodents.</p>"
"H.R. 758",https://www.congress.gov/bill/119th-congress/house-bill/758,"119th Congress (2025-2026)","Mail Traffic Deaths Reporting Act of 2025","Passed House","<p><strong>Mail Traffic Deaths Reporting Act of 2025</strong></p><p>This bill requires the U.S. Postal Service to issue regulations to mandate collecting, tracking, and publicly reporting information related to deaths and injuries resulting from traffic crashes involving vehicles transporting mail. &nbsp;</p><p>The bill also requires (1) Postal Service employees and contractors to report within three days any traffic crash involving a vehicle used in the transportation of mail and resulting in injury or death, (2) the Postal Service to maintain an internal database that includes comprehensive information related to such injuries and deaths, and (3) the Postal Service to provide an annual report to the public summarizing such injuries and deaths.&nbsp;</p>"
"H.R. 754",https://www.congress.gov/bill/119th-congress/house-bill/754,"119th Congress (2025-2026)","Investing in Main Street Act of 2025","Passed House","<p><strong>Investing in Main Street Act of 2025</strong></p><p>This bill authorizes certain banking entities to invest up to 15% of their capital and surplus in one or more small business investment companies (SBICs) or in any entity established to invest solely in SBICs. The current limit is 5%.</p>"
"H.R. 747",https://www.congress.gov/bill/119th-congress/house-bill/747,"119th Congress (2025-2026)","Stop Chinese Fentanyl Act of 2025","Passed House",
"H.R. 736",https://www.congress.gov/bill/119th-congress/house-bill/736,"119th Congress (2025-2026)","Protect Small Businesses from Excessive Paperwork Act of 2025","Passed House","<p><strong>Protect Small Businesses from Excessive Paperwork Act of 2025</strong></p><p>This bill extends the deadline for certain companies that are required to file beneficial ownership information with the Financial Crimes Enforcement Network (FinCEN). Specifically, the bill requires companies formed or registered before January 1, 2024, to submit this information to FinCEN by January 1, 2026, instead of by January 1, 2025,&nbsp;as required under current regulations.</p>"
"H.R. 730",https://www.congress.gov/bill/119th-congress/house-bill/730,"119th Congress (2025-2026)","Mathematical and Statistical Modeling Education Act","Passed House","<p><strong>Mathematical and Statistical Modeling Education Act</strong></p><p>This bill requires the National Science Foundation (NSF) to take certain actions to increase mathematical and statistical modeling education in elementary and secondary schools.</p><p>First, the NSF must make competitive awards to institutions of higher education and nonprofit organizations for research and development to support high-quality mathematical modeling education (e.g., data science and computational thinking) in schools. This authority to provide awards expires on September 30, 2029.</p><p>Second, the NSF must seek to enter into an agreement with the National Academies of Sciences, Engineering, and Medicine to study and report on mathematical and statistical modeling education in schools.</p>"
"H.R. 708",https://www.congress.gov/bill/119th-congress/house-bill/708,"119th Congress (2025-2026)","SHIELD Against CCP Act","Passed House","<p><strong>Strategic Homeland Intelligence and Enforcement Legislation to Defend Against the CCP Act or the SHIELD Against CCP Act</strong></p><p>This bill requires the Department of Homeland Security (DHS) to form a working group tasked with duties related to countering terrorist, cybersecurity, border and port security, and transportation security threats posed to the United States by the Chinese Communist Party (CCP).</p><p>The working group must assess and annually report on current DHS efforts to counter the CCP’s (1) use of the U.S. immigration system, (2) economic and trade practices, and (3) support for illicit financial activity and trafficking controlled substances.&nbsp;The working group must terminate seven years after its establishment.</p><p>DHS must additionally carry out research and development on technologies and techniques for enhancing its security and situational awareness to these threats.</p><p>The Government Accountability Office must report on the implementation of this bill.</p>"
"H.R. 706",https://www.congress.gov/bill/119th-congress/house-bill/706,"119th Congress (2025-2026)","DHS Biodetection Improvement Act","Passed House","<p><strong>DHS Biodetection Improvement Act</strong></p><p>This bill directs the Department of Homeland Security (DHS) to assess how it has utilized Department of Energy national laboratories and sites for research and development in carrying out DHS missions and to report to Congress a strategy for how DHS will conduct biodetection research and development in coordination with such laboratories and sites.</p>"
"H.R. 695",https://www.congress.gov/bill/119th-congress/house-bill/695,"119th Congress (2025-2026)","Medal of Honor Act","Passed Senate","<p><strong>Medal of Honor Act</strong></p><p>This bill increases the monthly special pension for living Medal of Honor recipients from $1,406.73 to $8,333.33 and establishes a rate of $1,406.73 for the monthly special pension for surviving spouses of Medal of Honor recipients. Both amounts must be adjusted annually for inflation.</p>"
"H.R. 692",https://www.congress.gov/bill/119th-congress/house-bill/692,"119th Congress (2025-2026)","China Exchange Rate Transparency Act of 2025","Passed House","<p><strong>China Exchange Rate Transparency Act of 2023</strong></p><p>This bill requires the U.S. Executive Director at the International Monetary Fund (IMF) to use the voice and vote of the United States to advocate for increased exchange rate transparency from China.</p><p>Some areas of focus for this advocacy are (1) Chinese exchange rate arrangements, including any indirect foreign exchange market intervention through Chinese financial institutions or state-owned enterprises; (2) enhanced multilateral and bilateral surveillance by the IMF; and (3) stronger consideration of China's performance as a responsible stakeholder in the international monetary system when evaluating quota and voting shares at the IMF.</p><p>The requirements of the bill expire seven years and 30 days after the date of the bill's enactment or earlier if China meets certain conditions regarding its exchange rate policies.</p>"
"H.R. 677",https://www.congress.gov/bill/119th-congress/house-bill/677,"119th Congress (2025-2026)",EARA,"Passed House","<p><strong>Expedited Appeals Review Act or the&nbsp;EARA</strong></p><p>This bill authorizes a party that files an appeal of a Department of the Interior&nbsp;decision with&nbsp;the&nbsp;Interior Board of Land Appeals to submit a written request for expedited review of the appeal. (The mission of the board is to provide an impartial forum within Interior for the resolution of disputes involving public lands and natural resources under Interior's jurisdiction.)</p><p>If a party submits such a&nbsp;request, the board must issue a final decision on the appeal not later than six months after the date on which the request for expedited review was received. However, the deadline may not be earlier than 18 months after the date on which the appeal was initially filed with the board.</p><p>If the deadline for expedited review is not met, Interior's decision is deemed a final agency action and&nbsp;is subject to de novo judicial review (i.e., without deference to the agency's decision).</p><p>This bill applies to appeals pending as of the date of enactment of this bill and appeals filed after the date of enactment.</p>"
"H.R. 672",https://www.congress.gov/bill/119th-congress/house-bill/672,"119th Congress (2025-2026)","To establish new ZIP Codes for certain communities, and for other purposes.","Passed House","<p>This bill requires the U.S Postal Service to designate a single, unique ZIP Code for each of the following 14 communities:</p><ul><li>Eastvale, California</li><li>Scotland, Connecticut</li><li>Castle Pines, Colorado</li><li>Silver Cliff, Colorado</li><li>Hollywood, Florida</li><li>Miami Lakes, Florida</li><li>Ocoee, Florida</li><li>Urbandale, Iowa</li><li>Franklin, Wisconsin</li><li>Greenfield, Wisconsin</li><li>Village of Caledonia, Wisconsin</li><li>Village of Mount Pleasant, Wisconsin</li><li>Village of&nbsp;Somers, Wisconsin</li><li>Mills, Wyoming</li></ul>"
"H.R. 618",https://www.congress.gov/bill/119th-congress/house-bill/618,"119th Congress (2025-2026)","Apex Area Technical Corrections Act","Became Law","<p><strong>Apex Area Technical Corrections Act</strong></p><p>This bill&nbsp;provides for the transfer of certain rights-of-way related to the Apex Project from the Department of the Interior to&nbsp;the city of North Las Vegas and the Apex Industrial Park Owners Association.</p><p>Specifically, the bill modifies the Apex Project, Nevada Land Transfer and Authorization Act of 1989, which provided Clark County, Nevada, with the option to acquire certain federal land referred to as the Apex Site for use as sites for industries that generate hazardous materials (including the Kerr-McGee site).&nbsp;</p><p>Under the bill, the Department of the Interior must grant utility and transportation rights-of-way to the city of North Las Vegas and the Apex Industrial Park Owners Association for the connection of existing electric power, water, natural gas, telephone, railroad, and highway facilities to the Kerr-McGee site and the other lands conveyed in accordance with the bill.</p><p>Interior must also grant to the city and association such rights-of-way on public lands as may be necessary to support the development as a heavy use industrial zone of some or all of the lands authorized for sale by Interior within the Apex Site that lie outside the boundaries of the Kerr-McGee site.</p><p>Transfers by the United States of any additional lands or interests in lands within the Apex Site or rights-of-way issued pursuant to this bill must be conditioned upon compliance with applicable federal land laws.</p><p>The withdrawal of the lands within the Apex Site must continue in perpetuity for all of the transferred lands.</p>"
"H.R. 617",https://www.congress.gov/bill/119th-congress/house-bill/617,"119th Congress (2025-2026)","American Music Tourism Act of 2025","Passed House","<p><strong>American Music Tourism Act of 2025</strong></p><p>This bill directs the National Travel and Tourism Office (NTTO) of the Department of Commerce to promote tourism to music-related and sports attractions.</p><p>The bill requires NTTO to promote domestic and international travel and tourism to&nbsp;U.S. music festivals, concert venues, and other music-related attractions and locations. The bill also expands NTTO's current mandate to facilitate sports and recreation events and activities to include the&nbsp;promotion of international travel and tourism to such activities in the United States.</p><p>NTTO must report its activities and findings to Congress within one year after the bill's enactment and, thereafter, every two years.&nbsp;</p>"
"H.R. 586",https://www.congress.gov/bill/119th-congress/house-bill/586,"119th Congress (2025-2026)","Vietnam Veterans Liver Fluke Cancer Study Act","Passed House","<p><strong>Vietnam Veterans Liver Fluke Cancer Study Act</strong></p><p>This bill requires the Department of Veterans Affairs (VA) to conduct an epidemiological study and report on the prevalence of&nbsp;cholangiocarcinoma (bile duct cancer) in veterans who served in the Vietnam theater of operations during the Vietnam era. The study must identify the rate of incidence of cholangiocarcinoma in such veterans and in U.S. residents.</p><p>The bill also requires the VA to track and report on the prevalence of&nbsp;cholangiocarcinoma using the Veterans Affairs Central Cancer Registry. Additionally, the VA must periodically submit follow-up reports to Congress regarding the epidemiological study and information collected from the cancer registry regarding the prevalence of bile duct cancer.</p>"
"H.R. 579",https://www.congress.gov/bill/119th-congress/house-bill/579,"119th Congress (2025-2026)","Recruiting Families Using Data Act of 2025","Passed House","<p><strong>Recruiting Families Using Data Act of 2025</strong></p><p>This bill requires state plans for child welfare services to provide for the development and implementation of a family partnership plan to improve foster care placement stability, increase rates of kinship placements, and align the composition of foster and adoptive families with the needs of children in or entering foster care.</p><p>The Children's Bureau of the Administration for Children and&nbsp;Families also must include in its annual report information from states about the number, demographics, and characteristics of foster and adoptive families as well as a summary of the challenges related to recruiting and being foster or adoptive parents.</p>"
"H.R. 531",https://www.congress.gov/bill/119th-congress/house-bill/531,"119th Congress (2025-2026)","South Pacific Tuna Treaty Act of 2025","Passed House","<p><strong>South Pacific Tuna Treaty Act of 2025</strong></p><p>This bill revises federal requirements for U.S. commercial fishing vessels operating in the South Pacific. The changes reflect amendments to the South Pacific Tuna Treaty that were agreed to at Nadi, Fiji, on December 3, 2016. The treaty details mutual obligations of the United States and 16 Pacific Island countries when U.S. fishing vessels operate in the region.&nbsp;</p><p></p><p></p><p></p>"
"H.R. 530",https://www.congress.gov/bill/119th-congress/house-bill/530,"119th Congress (2025-2026)","ACES Act","Passed House","<p><b>ACES Act</b></p> <p>This bill requires the Department of Veterans Affairs  to enter into an agreement with the National Academies of Sciences, Engineering, and Medicine to study and report on the prevalence and mortality of cancers among veterans who served on active duty as aircrew members and regularly flew in fixed-wing aircraft.</p><p>&nbsp;</p>"
"H.R. 517",https://www.congress.gov/bill/119th-congress/house-bill/517,"119th Congress (2025-2026)","Filing Relief for Natural Disasters Act","Became Law","<p><strong>Filing Relief for Natural Disasters Act</strong></p><p>This bill authorizes the Internal Revenue Service (IRS) to postpone federal tax deadlines for taxpayers affected by a qualified state declared disaster, upon written request by the state governor. The bill also increases the automatic extension of federal tax deadlines for certain taxpayers.</p><p>Under current law, the IRS may postpone federal tax deadlines for taxpayers affected by a federally declared disaster, including (but not limited to) deadlines for (1) filing federal tax returns, (2) paying federal taxes, (3) making retirement plan contributions, and (4) tax assessments and collections.</p><p>The bill authorizes the IRS to postpone such federal tax deadlines for taxpayers affected by a qualified state declared disaster upon written request by the state’s governor (or the District of&nbsp;Columbia mayor). Under the bill, a state includes the District of Columbia, Puerto Rico, the U.S. Virgin Islands, Guam, American Samoa, and the Northern Mariana Islands.</p><p>The bill defines <em>qualified state declared disaster</em> as any natural catastrophe,&nbsp;fire, flood, or explosion that causes damage of sufficient severity and magnitude to warrant a request to postpone such federal tax deadlines.</p><p>Further, under current law, an automatic 60-day extension of such federal tax deadlines applies to certain relief workers, individuals killed or injured as a result of a federally declared disaster, and taxpayers whose principal residence, business, or tax records are located in a federally declared disaster area.</p><p>The bill increases to 120 days the automatic extension of federal tax deadlines for these&nbsp;taxpayers.</p>"
"H.R. 504",https://www.congress.gov/bill/119th-congress/house-bill/504,"119th Congress (2025-2026)","Miccosukee Reserved Area Amendments Act","Passed House","<p><strong>Miccosukee Reserved Area Amendments Act</strong></p><p>This bill expands the Miccosukee Reserved Area to include a portion of Everglades National Park in Florida that is known as Osceola Camp. The Department of the Interior, in consultation with the Miccosukee Tribe of Indians, must take appropriate actions to protect structures within the Osceola Camp from flooding.</p>"
"H.R. 495",https://www.congress.gov/bill/119th-congress/house-bill/495,"119th Congress (2025-2026)","Subterranean Border Defense Act","Passed House","<p><strong>Subterranean Border Defense Act</strong></p><p>This bill requires recurring annual reporting by U.S. Customs and Border Protection (CBP) on the implementation of a strategic plan to counter illicit cross-border tunnel operations. Currently,&nbsp;CBP is only required to report once no later than one year after the plan's development.&nbsp;</p>"
"H.R. 471",https://www.congress.gov/bill/119th-congress/house-bill/471,"119th Congress (2025-2026)","Fix Our Forests Act","Passed House","<p><strong>Fix Our Forests Act</strong></p><p>This bill establishes requirements for managing forests on federal land, including requirements concerning reducing wildfire threats, expediting the review of certain forest management projects, and implementing forest management projects and other activities.</p><p>Specifically, the bill (1)&nbsp;designates certain firesheds&nbsp;at high risk for wildfires as fireshed management areas; (2) directs the U.S. Forest Service and U.S. Geological Survey to jointly establish an interagency Fireshed Center that is responsible for duties related to assessing and predicting fire, including maintaining a fireshed registry on a publicly accessible website that provides interactive geospatial data on individual firesheds; and (3) makes other requirements related to reducing wildfire.</p><p>Next, the bill expedites the review of certain forest management projects under the National Environmental Policy Act (NEPA) of 1969 and exempts certain activities from NEPA review. It also establishes intra-agency strike teams to accelerate the review and any interagency consultation processes under NEPA, the Endangered Species Act of 1973, and the National Historic Preservation Act. It also limits consultation requirements concerning threatened and endangered species under the Forest and Rangeland Renewable Resources Planning Act of 1974 and the Federal Land Management and Policy Act of 1976. Finally, it limits litigation involving fireshed management projects and limits remedies that courts may provide.</p><p>Additionally, the bill supports reducing community wildfire risks, carrying out forest restoration and stewardship activities (including watershed protection and restoration), conducting biochar demonstration projects, advancing technologies to address forest wildfires, and assisting wildland firefighters and their families.</p>"
"H.R. 469",https://www.congress.gov/bill/119th-congress/house-bill/469,"119th Congress (2025-2026)","Semiquincentennial Congressional Time Capsule Act","Passed House","<p><strong>Semiquincentennial Congressional Time Capsule Act</strong></p><p>This bill requires the Architect of the Capitol to create a congressional time capsule in honor of the 250<sup>th</sup> anniversary of the Declaration of Independence to be buried on the west lawn of the Capitol on or before July 4, 2026. Congressional leadership will determine the contents of the time capsule, and the time capsule shall be sealed until July 4, 2276.</p>"
"H.R. 452",https://www.congress.gov/bill/119th-congress/house-bill/452,"119th Congress (2025-2026)","Miracle on Ice Congressional Gold Medal Act","Resolving Differences","<p><strong>Miracle on Ice Congressional Gold Medal Act</strong></p><p>This bill provides for the award of Congressional Gold Medals to the members of the 1980 U.S. Olympic men's ice hockey team in recognition of the team's achievement at the 1980 Winter Olympic Games.</p>"
"H.R. 410",https://www.congress.gov/bill/119th-congress/house-bill/410,"119th Congress (2025-2026)","Alaska Native Vietnam Era Veterans Land Allotment Extension Act of 2025","Passed House","<p><strong>Alaska Native Vietnam Era Veterans Land Allotment Extension Act of 2025</strong></p><p>This bill extends for an additional five years the time period during which an eligible Alaska Native veteran may apply for a land allotment under the Alaska Native Vietnam Era Veterans Land Allotment Program. The program makes Alaska Native veterans who served in the Armed Forces in Vietnam between August 5, 1964, and December 31, 1971, or their heirs eligible to receive up to 160 acres of federal land in Alaska.</p><p>Under the current program, the Department of the Interior's Bureau of Land Management may accept applications through December 29, 2025. This bill extends this time period for an additional five years to December 29, 2030.</p>"
"H.R. 386",https://www.congress.gov/bill/119th-congress/house-bill/386,"119th Congress (2025-2026)","Chinese Currency Accountability Act of 2025","Passed House","<p><strong>Chinese Currency Accountability Act of 2025</strong></p><p>This bill requires the United States to oppose, absent specified conditions, any increase in the weight of Chinese currency (i.e., the renminbi) in the basket of currencies (currently, a set of five currencies, each with different weightings) used to determine the value of Special Drawing Rights. Special Drawing Rights are international reserve assets created by the International Monetary Fund (IMF) to supplement member countries' official foreign exchange reserves.</p><p>Specifically, the Department of the Treasury must instruct certain U.S. officials at the IMF to oppose any such increase unless Treasury has certified that China is in compliance with certain standards and international agreements, including that (1) China is in compliance with all general obligations of members of the IMF,  (2) China has not been found to have manipulated its currency in the preceding 12 months, and (3) China&nbsp;adheres to the rules and principles of the Paris Club and the Organisation for Economic Co-operation and Development (OECD) Arrangement on Officially Supported Export Credits.&nbsp;</p>"
"H.R. 375",https://www.congress.gov/bill/119th-congress/house-bill/375,"119th Congress (2025-2026)","Continued Rapid Ohia Death Response Act of 2025","Passed House","<p><strong>Continued Rapid Ohia Death Response Act of 2025</strong></p><p>This bill establishes requirements to research and control Rapid Ohia Death, which is the disease caused by the fungal pathogen known as <em>Ceratocystis fimbriata </em>that affects the tree of the species <em>Metrosideros polymorpha</em>.</p><p>Specifically, the Department of the Interior must partner with the Department of Agriculture (USDA) and Hawaii to control and address Rapid Ohia Death.</p><p>In addition, the U.S. Geological Survey and the Forest Service Institute of Pacific Islands Forestry must continue to research Rapid Ohia Death vectors and transmission.</p><p>The U.S. Fish and Wildlife Service must continue to partner with USDA, Hawaii, and local stakeholders to manage ungulates (e.g., certain mammals such as deer) in Rapid Ohia Death control areas on federal, state, and private land, with the consent of private landowners.</p><p>Finally, the Forest Service must provide (1) financial assistance to prevent the spread of the fungus and to restore the native forests of Hawaii, and (2) staff and necessary infrastructure funding to the Institute of Pacific Islands Forestry to research the fungus.</p>"
"H.R. 359",https://www.congress.gov/bill/119th-congress/house-bill/359,"119th Congress (2025-2026)","Cost-Share Accountability Act of 2025","Passed House","<p><strong>Cost-Share Accountability Act of 2025</strong></p><p>This bill requires the Department of Energy (DOE) to report on the use of its authority to reduce or eliminate the nonfederal&nbsp;cost-sharing requirements for federally-funded projects regarding research, development, demonstration, and commercial application activities under the Energy Policy Act of 2005. DOE must submit a report within 120 days of the enactment of this bill and at least quarterly thereafter.</p>"
"H.R. 331",https://www.congress.gov/bill/119th-congress/house-bill/331,"119th Congress (2025-2026)","To amend the Aquifer Recharge Flexibility Act to clarify a provision relating to conveyances for aquifer recharge purposes.","Passed House","<p>This bill modifies the Aquifer Recharge Flexibility Act to expand provisions concerning authorizations (e.g., rights-of-way) to transport water across public land administered by the Bureau of Land Management (BLM) for aquifer recharge purposes.</p><p>Under the Aquifer Recharge Flexibility Act, the holder of existing rights-of-way, easements, permits, or other authorizations to transport water across BLM land may transport the water for aquifer recharge purposes without additional authorization from the Department of the Interior so long as the use does not expand or modify the operation of such authorizations across public land.</p><p>The bill allows the holders of such authorizations to act not only on behalf of themselves, but also on behalf of states, Indian Tribes, or public entities, to use the existing authorizations for aquifer recharge without additional authorization from the Department of the Interior. Further, the bill states that this use may not be considered an expansion, modification, major federal action, or substantial deviation.</p><p>Additionally, the bill exempts holders from paying additional rents to the BLM for any use of such authorizations; however, the exemption does not apply to for-profit uses of aquifer recharge or for-profit entities.&nbsp;</p><p>Finally, holders of rights-of-way or other authorizations must provide notice to the&nbsp;BLM of the intended use of authorization as specified by the bill.</p>"
"H.R. 276",https://www.congress.gov/bill/119th-congress/house-bill/276,"119th Congress (2025-2026)","Gulf of America Act","Passed House","<p><strong>Gulf of America Act of 2025</strong></p><p>This bill renames the Gulf of Mexico as the Gulf of America and directs federal agencies to update their documents and maps to incorporate the new name.</p>"
"H.R. 275",https://www.congress.gov/bill/119th-congress/house-bill/275,"119th Congress (2025-2026)","Special Interest Alien Reporting Act of 2025","Passed House","<p><strong>Special Interest Alien Reporting Act of 2024 [<em>sic</em>]</strong></p><p>This bill requires the Department of Homeland Security (DHS) to report every month on non-U.S. nationals (<em>aliens </em>under federal law) who attempt to unlawfully enter the United States and who potentially pose a national security risk. DHS must report on (1) the number of individuals, (2) the nationalities or countries of last residence of these individuals, and (3) the location of the encounters.</p>"
"H.R. 260",https://www.congress.gov/bill/119th-congress/house-bill/260,"119th Congress (2025-2026)","No Tax Dollars for Terrorists Act","Passed House","<p><strong>No Tax Dollars for Terrorists Act</strong></p><p>This bill requires the Department of State to develop and implement a strategy to discourage foreign countries and nongovernmental organizations from providing financial or material support to the&nbsp;Taliban, including by using U.S.-provided foreign assistance to discourage countries and organizations from providing such support to the Taliban.</p><p>The State Department must report to Congress&nbsp;on (1) foreign countries and nongovernmental organizations that have provided financial or material support to the Taliban and U.S. efforts to oppose such support; (2) the strategy to discourage such support and a plan for the strategy's implementation; (3) U.S.-funded direct cash assistance programs in Afghanistan; and (4) the Afghan Fund, including Taliban influence over Da Afghanistan Bank (the Afghan central bank).</p>"
"H.R. 252",https://www.congress.gov/bill/119th-congress/house-bill/252,"119th Congress (2025-2026)","Secure Our Ports Act of 2025","Passed House","<p><strong>Secure Our Ports Act of 2025</strong></p><p>This bill prohibits owners or operators of certain U.S. maritime transportation facilities from contracting for the lease, ownership, or operation of facilities with enterprises partly or wholly owned by China, Iran, North Korea, or Russia. The covered facilities are located at ports in areas that are subject to enhanced transportation security requirements, including the requirement for an Area Maritime Transportation Security Plan.</p>"
"H.R. 250",https://www.congress.gov/bill/119th-congress/house-bill/250,"119th Congress (2025-2026)","To direct the Joint Committee on the Library to procure a statue of Benjamin Franklin for placement in the Capitol.","Passed House","<p>This bill requires the Joint Committee on the Library to contract for and place a&nbsp;statue of Benjamin Franklin in the Capitol.</p><p>The committee shall place the statue in a permanent public location&nbsp;where it is accessible during a guided tour provided by the Capitol Visitor Center.</p><p>The contract must be executed by December 31, 2025, and the&nbsp;statue must be placed by&nbsp;December 31, 2026.&nbsp;</p>"
"H.R. 249",https://www.congress.gov/bill/119th-congress/house-bill/249,"119th Congress (2025-2026)","To redesignate certain facilities at Paterson Great Falls National Historical Park in honor of Congressman Bill Pascrell, Jr.","Passed House","<p>This bill renames a trail and a park within Paterson Great Falls National Historical Park located&nbsp;in Paterson, New Jersey, in honor of Congressman Bill&nbsp;Pascrell, Jr. Specifically, it renames the Great Falls Scenic Overlook Trail Bridge as the Bill&nbsp;Pascrell, Jr. Scenic Overlook Trail Bridge. It also renames Overlook Park as Bill Pascrell, Jr. Overlook Park.</p>"
"H.R. 248",https://www.congress.gov/bill/119th-congress/house-bill/248,"119th Congress (2025-2026)","Baby Changing on Board Act","Passed House","<p><strong>Baby Changing on Board Act</strong></p><p>This bill requires Amtrak passenger rail trains to have a baby changing table in at least one restroom in each car,&nbsp;including in an Americans with Disabilities Act of 1990-compliant&nbsp;restroom.&nbsp;The bill applies to passenger rail trains that are (1) owned and operated by Amtrak, and (2) solicited for purchase after the bill's enactment&nbsp;for use by Amtrak.</p>"
"H.R. 226",https://www.congress.gov/bill/119th-congress/house-bill/226,"119th Congress (2025-2026)","Eastern Band of Cherokee Historic Lands Reacquisition Act","Passed House","<p><b>Eastern Band of Cherokee Historic Lands Reacquisition Act</b></p> <p>This bill takes specified lands and easements in Monroe County, Tennessee, into trust for the use and benefit of the Eastern Band of Cherokee Indians. These lands include the Sequoyah Museum, the Chota Memorial, the Tanasi Memorial, and land to provide support for these properties and cultural programs.</p> <p>The Tennessee Valley Authority (TVA) maintains its right to carry out river control and development on these lands, including temporarily and intermittently flooding certain lands. The bill specifies the structures that may be constructed with the TVA's written consent on certain lands subject to flooding. Additionally, the TVA must be compensated for lost hydropower capacity from future development of these lands.</p> <p>Further, the bill specifies that the United States is not liable for loss or damage resulting from certain activities, such as the permanent flooding of adjacent lands.</p> <p>In addition, the bill outlines the TVA's continuing responsibilities, including those related to environmental remediation.</p> Finally, the bill prohibits gaming on these lands."
"H.R. 224",https://www.congress.gov/bill/119th-congress/house-bill/224,"119th Congress (2025-2026)","Disabled Veterans Housing Support Act","Passed House","<p><strong>Disabled Veterans Housing Support Act</strong></p><p>This bill excludes compensation received&nbsp;for a military service-connected disability from a veteran's income when determining eligibility for assistance under the&nbsp;Community Development Block Grant (CDBG)&nbsp;program.</p><p>The CDBG program provides grants to urban communities for development activities focused on revitalizing neighborhoods, economic development, and providing improved community facilities and services.</p><p>Additionally, the Government Accountability Office must report on how service-connected disability compensation is treated when determining eligibility for all programs administered by&nbsp;the Department of Housing and Urban Development. This includes identifying instances where the treatment of such compensation is inconsistent with the requirement under this bill.</p>"
"H.R. 217",https://www.congress.gov/bill/119th-congress/house-bill/217,"119th Congress (2025-2026)","CHIP IN for Veterans Act of 2025","Passed House","<p><strong>Communities Helping Invest through Property and Improvements Needed for Veterans Act or the CHIP IN for Veterans Act</strong></p><p>This bill makes permanent, starting December 16, 2026, the pilot program under which the Department of Veterans Affairs (VA) may accept donations of property or facilities from certain nonfederal entities (e.g., state authorities or private entities). The bill also removes the limit on the number of donations that the VA may accept under the program.</p>"
"H.R. 207",https://www.congress.gov/bill/119th-congress/house-bill/207,"119th Congress (2025-2026)","SHARKED Act of 2025","Passed House","<p><strong>Supporting the Health of Aquatic systems through Research Knowledge and Enhanced Dialogue Act of 2025 or the SHARKED Act of 2025</strong></p><p>This bill requires the Department of Commerce to establish a task force to address and report to Congress about critical needs with respect to shark depredation. (Shark depredation is the partial or complete removal of a hooked fish by a shark directly from a fishing line before the line is retrieved.) </p><p>The duties of the task force are, among other responsibilities, to (1) develop ways to improve coordination and communication across the fisheries management and shark research communities; (2) identify research priorities and funding opportunities; (3) develop recommended management strategies to address shark depredation; and (4) coordinate the development and distribution of educational materials.</p><p>The bill specifies that the task force must include representatives of each Regional Fishery Management Council, each Marine Fisheries Commission, the fish and wildlife agencies of coastal states, and the National Marine Fisheries Service. The task force must also include researchers&nbsp;and others with relevant expertise.</p><p>The task force must report its findings to Congress within two years after the bill's enactment and&nbsp;every two years thereafter until the task force is terminated. The task force sunsets within seven years after the date of its establishment.&nbsp;&nbsp;</p>"
"H.R. 204",https://www.congress.gov/bill/119th-congress/house-bill/204,"119th Congress (2025-2026)","ACRES Act","Passed House","<p><strong>Accurately Counting Risk Elimination Solutions Act or the ACRES Act</strong></p><p>This bill establishes requirements regarding&nbsp;reports&nbsp;about hazardous fuels reduction activities and&nbsp;standardized procedures for tracking data for hazardous fuels reduction. <em>Hazardous fuels reduction activities</em> means any vegetation management activities that reduce the risk of wildfire but excludes the award of contracts to conduct hazardous fuels reduction activities.</p><p>First, the Department of Agriculture (USDA) and the Department of the Interior must include in the materials submitted in support of the President's budget each fiscal year a report on the number of acres of federal land on which such activities were carried out during the preceding year.</p><p>Next, USDA and Interior must implement standardized procedures for tracking data related to such activities. The standardized procedures must include</p><ul><li>regular, standardized data reviews of the accuracy and timely input of data used to track hazardous fuels reduction activities;</li><li>verification methods that validate whether such data accurately correlates to such activities;</li><li>an analysis of the short- and long-term effectiveness of such activities on reducing the risk of wildfire; and</li><li>for hazardous fuels reduction activities that occur partially within the wildland-urban interface, methods to distinguish which acres are located within and which located outside the wildland-urban interface.</li></ul><p>Finally, the Government Accountability Office must (1) conduct a study on this bill's implementation, and (2) submit a report to Congress with the results of the study.</p>"
"H.R. 197",https://www.congress.gov/bill/119th-congress/house-bill/197,"119th Congress (2025-2026)","Lake Winnibigoshish Land Exchange Act of 2025","Passed House","<p><strong>Lake Winnibigoshish Land Exchange Act of 2025</strong></p><p>This bill directs the Forest Service to exchange specified land along the shoreline of Lake&nbsp;Winnibigoshish (commonly known as Lake Winnie) in the Chippewa National Forest in Minnesota for specified land owned by Big Winnie Land and Timber, LLC (BWLT), if BWLT offers to make the exchange. The land acquired by the Forest Service must be added to and managed as part of Chippewa National Forest.&nbsp;</p><p>The bill outlines requirements and conditions for the exchange. For example, the Forest Service must reserve an easement for road access to certain land in the forest. The bill also conditions the exchange on the satisfactory completion of a Phase I Environmental Site Assessment by BWLT&nbsp;before the nonfederal land is accepted in the exchange.</p><p>In addition, the exchange must&nbsp;be for equal value or the values must be equalized by a cash payment, subject to an exception.</p><p>Finally, the bill directs&nbsp;BWLT to pay all closing costs associated with the exchange.</p>"
"H.R. 192",https://www.congress.gov/bill/119th-congress/house-bill/192,"119th Congress (2025-2026)","Amtrak Executive Bonus Disclosure Act","Passed House","<p><strong>Amtrak Executive Bonus Disclosure Act</strong></p><p>This bill requires Amtrak to publicly disclose the annual base pay and&nbsp;bonus compensation paid to an Amtrak executive&nbsp;in a required annual report to Congress.</p><p>Specifically,&nbsp;Amtrak must incorporate into the annual report&nbsp;the annual base pay and any bonus compensation paid to a member of the executive leadership team. This must include the criteria and metrics used to determine any bonus compensation.</p><p>Further, Amtrak must make the annual report available on Amtrak's public website.</p>"
"H.R. 189",https://www.congress.gov/bill/119th-congress/house-bill/189,"119th Congress (2025-2026)","Securities and Exchange Commission Real Estate Leasing Authority Revocation Act","Passed House","<p><strong>Securities and Exchange Commission Real Estate Leasing Authority Revocation Act </strong></p><p>This bill revokes the authority of the Securities and Exchange Commission (SEC) to lease general purpose office space and instead provides for the General Services Administration to lease such space for the SEC. The bill's provisions do not affect those leases entered into by the SEC before this bill's enactment.</p><p>The Government Accountability Office must (1) complete a review under which it shall update a 2016 report with respect to independent leasing authorities, and (2) report to Congress on the review.</p>"
"H.R. 187",https://www.congress.gov/bill/119th-congress/house-bill/187,"119th Congress (2025-2026)","MAPWaters Act of 2025","Passed House","<p><strong>Modernizing Access to our Public Waters Act or the MAPWaters Act of 2025 or the MAPWaters Act of 2025</strong></p><p>This bill directs the Forest Service and the Department of the Interior to standardize and publish data relating to public's access to&nbsp;federal waterways for recreational use.</p><p>Specifically, the Forest Service and Interior must jointly develop and adopt interagency standards for data collection and dissemination of geospatial data relating to public outdoor recreational  access of federal waterways and federal fishing restrictions. The standards must ensure compatibility and interoperability among applicable federal databases with respect to collection and dissemination of such data.</p><p>Within five years, the Forest Service and Interior must also digitize and make publicly available online certain geographic information system data about (1) federal waterway restrictions, (2) federal waterway access and navigation information, and (3) federal fishing restrictions. They must also update the data about waterway restrictions, waterway access, and navigation information at least twice per year. Data about fishing restrictions must be updated in real time as changes go into effect. </p><p>Finally, the&nbsp;Forest Service and Interior&nbsp;must develop a process to allow members of the public to submit questions or comments regarding the data regarding waterway restrictions,&nbsp;waterway access, and navigation information.</p>"
"H.R. 186",https://www.congress.gov/bill/119th-congress/house-bill/186,"119th Congress (2025-2026)","Hershel Woody Williams National Medal of Honor Monument Location Act","Passed House","<p><strong>Hershel ""Woody"" Williams National Medal of Honor Monument Location Act</strong></p><p>This bill requires the authorized monument&nbsp;honoring Medal of Honor recipients to be located within the Reserve (the great cross-axis of the National Mall, which generally extends from the Capitol to the Lincoln Memorial and from the White House to the Jefferson Memorial).</p>"
"H.R. 183",https://www.congress.gov/bill/119th-congress/house-bill/183,"119th Congress (2025-2026)","Law Enforcement Officer and Firefighter Recreation Pass Act","Passed House","<p><strong>Law Enforcement Officer Recreation Pass Act</strong></p><p>This bill directs the Forest Service and the Department of the Interior to make the National Parks and Federal Recreational Lands Pass available, without charge and for the lifetime of the passholder, to law enforcement officers.</p>"
"H.R. 167",https://www.congress.gov/bill/119th-congress/house-bill/167,"119th Congress (2025-2026)","Community Reclamation Partnerships Act of 2025","Passed House","<p><strong>Community Reclamation Partnerships Act of 2025</strong></p><p>This bill revises the Abandoned Mine Land Reclamation Program, which restores land and water adversely impacted by surface coal mines that were abandoned before August 3, 1977.</p><p>Until September 30, 2032, the bill allows a state with an approved reclamation program to enter into a memorandum of understanding with relevant federal or state agencies for remediating mine drainage on abandoned mine land and water impacted by abandoned mines.</p><p>In addition, the bill authorizes a partnership between a state and a community reclaimer for remediating abandoned mine land if certain conditions are met. A community reclaimer is a person who (1) voluntarily assists a state in a reclamation project, (2) did not participate in the creation of site conditions at the proposed site or activities that caused any land or waters at the site to become eligible for reclamation or drainage abatement expenditures, and (3) is not subject to outstanding violations of surface coal mining permits.</p>"
"H.R. 165",https://www.congress.gov/bill/119th-congress/house-bill/165,"119th Congress (2025-2026)","Wounded Knee Massacre Memorial and Sacred Site Act","Passed House","<p><b>Wounded Knee Massacre Memorial and Sacred Site Act</b></p> <p>This bill directs the Department of the Interior to complete all actions necessary to place approximately 40 acres of land in Oglala Lakota County, South Dakota, into restricted fee status for the Oglala Sioux Tribe and the Cheyenne River Sioux Tribe. <i>Restricted fee status</i> refers to land that is owned by a tribe or tribal member but is subject to restrictions by the United States against alienation (i.e., sale or transfer) or encumbrance (e.g., liens, leases, or rights-of-way) by operation of law.</p> <p>The bill requires the land to be held and maintained as a memorial and sacred site, as outlined by the document titled<i> Covenant Between the Oglala Sioux Tribe and the Cheyenne River Sioux Tribe</i> and dated October 21, 2022. Further, it prohibits commercial development and gaming activity on the land.</p>"
"H.R. 164",https://www.congress.gov/bill/119th-congress/house-bill/164,"119th Congress (2025-2026)","POWER Act of 2025","Passed House","<p><strong>Promoting Opportunities to Widen Electrical Resilience Act of 2025 or the POWER Act of 2025</strong></p><p>This bill authorizes electric utilities receiving certain emergency assistance for the restoration of power&nbsp;to also carry out cost-effective hazard mitigation activities in combination with the power restoration activities. &nbsp;</p><p>Additionally, the bill specifies that electric utilities receiving such assistance for a facility may, if otherwise eligible, also receive hazard mitigation assistance for the same facility under the Federal Emergency Management Agency's Public Assistance program.&nbsp;</p>"
"H.R. 153",https://www.congress.gov/bill/119th-congress/house-bill/153,"119th Congress (2025-2026)","Post-Disaster Assistance Online Accountability Act","Passed House","<p><b>Post-Disaster Assistance Online Accountability Act</b></p> <p>This bill establishes a centralized location to publish information on disaster assistance provided by federal agencies.</p> <p> The Small Business Administration, the Department of Housing and Urban Development, and any agencies providing disaster assistance must make available to the public on a quarterly basis information regarding (1) the total amount of assistance provided by the agency; (2) the amount provided that was expended or obligated; and (3) all projects or activities for which assistance was expended, obligated, or used.</p> <ul> </ul> <ul> </ul>"
"H.R. 152",https://www.congress.gov/bill/119th-congress/house-bill/152,"119th Congress (2025-2026)","Federal Disaster Assistance Coordination Act","Passed House","<p><strong>Federal Disaster Assistance Coordination Act</strong></p><p>This bill requires the Federal Emergency Management Agency (FEMA) to streamline disaster information collection, convene a working group on preliminary damage assessments, and provide a report to Congress.</p><p>FEMA must (1) conduct a study and develop a plan under which the collection of information from disaster assistance applicants and grantees will be made less burdensome, duplicative, and time consuming for applicants and grantees; and (2) develop a plan for the regular collection and reporting of information on federal disaster assistance awarded.</p><p>Additionally, not later than two years after enactment of the bill, FEMA must convene a working group on a regular basis to (1) identify potential areas of duplication or fragmentation in preliminary damage assessments after disaster declarations; (2)&nbsp;determine the applicability of having one federal agency make the assessments for all agencies; and (3) identify potential emerging technologies, such as unmanned aircraft systems (i.e., drones), to expedite the administration of preliminary damage assessments.</p><p>FEMA must submit a comprehensive report on the plans for streamlining and consolidating information collection and the findings and recommendations of the working group to Congress with a briefing. The report must be made available to the public and posted on FEMA's website.</p>"
"H.R. 144",https://www.congress.gov/bill/119th-congress/house-bill/144,"119th Congress (2025-2026)","Tennessee Valley Authority Salary Transparency Act","Passed House","<p><strong>Tennessee Valley Authority Salary Transparency Act</strong></p><p>This bill expands reporting requirements for the Tennessee Valley Authority (TVA). TVA is a government corporation that provides electricity in Tennessee and in portions of several surrounding states. It also provides flood control, navigation, and land management services for the Tennessee River system.</p><p>The bill reinstates the requirement for TVA to file an annual financial statement and report with Congress in March. (The requirement was terminated by the Federal Reports Elimination and Sunset Act of 1995.)</p><p>The bill also modifies the requirement that the report include the names, salaries, and duties of employees earning more than $1,500 a year. Under the bill, this information is only required for employees earning more than the maximum rate of basic pay for grade GS-13 of the General Schedule.</p>"
"H.R. 131",https://www.congress.gov/bill/119th-congress/house-bill/131,"119th Congress (2025-2026)","Finish the Arkansas Valley Conduit Act","Passed House","<p><strong>Finish the Arkansas Valley Conduit Act</strong></p><p>This bill reduces payments that communities within the Arkansas River Valley must pay to the Bureau of Reclamation for the construction of the Arkansas Valley Conduit, a pipeline in Colorado for delivering water from the Pueblo Reservoir to such communities. Specifically, it removes interest payments and extends the repayment period to 100 years.</p>"
"H.R. 77",https://www.congress.gov/bill/119th-congress/house-bill/77,"119th Congress (2025-2026)","Midnight Rules Relief Act","Passed House","<p><strong>Midnight Rules Relief Act</strong></p><p>This bill allows Congress to disapprove multiple regulations under one joint resolution of disapproval if the regulations were submitted for review during a portion  of the final year of a President's term.</p><p> Under current law, the Congressional Review Act generally&nbsp;provides for a period of additional review during the succeeding Congress for regulations that were submitted during the last 60 legislative days of the prior Congress. However, each joint resolution may disapprove of only one regulation.</p>"
"H.R. 43",https://www.congress.gov/bill/119th-congress/house-bill/43,"119th Congress (2025-2026)","Alaska Native Village Municipal Lands Restoration Act of 2025","Became Law","<p><strong>Alaska Native Village Municipal Lands Restoration Act of 2025</strong></p><p>This bill removes the requirement that Alaska Native village corporations must convey lands to Alaska to be held in trust for future municipal governments.&nbsp;</p><p>The Alaska Native Claims Settlement Act (ANCSA) requires all Alaska Native village corporations that receive land under the ANCSA to convey certain lands to the existing municipality in the village or, if no municipality exists, to Alaska in trust for any municipality that may be established in the future. This bill removes the requirement for conveyance. Additionally, the bill allows village corporations to regain title to the lands held in trust by dissolving the trust through formal resolution by the village corporation and the residents of the Native village.</p>"
"H.R. 42",https://www.congress.gov/bill/119th-congress/house-bill/42,"119th Congress (2025-2026)","Alaska Native Settlement Trust Eligibility Act","Became Law","<p><strong>Alaska Native Settlement Trust Eligibility Act</strong></p><p>This bill excludes certain settlement trust payments to an Alaska Native or descendant of an Alaska Native who is aged, blind, or disabled for purposes of determining the individual's eligibility for certain need-based federal programs (e.g., the Supplemental Nutrition Assistance Program).</p>"
"H.R. 36",https://www.congress.gov/bill/119th-congress/house-bill/36,"119th Congress (2025-2026)","MEGOBARI Act","Passed House","<p><strong>Mobilizing and Enhancing Georgia’s Options for Building Accountability, Resilience, and Independence Act or the MEGOBARI Act</strong></p><p>This bill requires the President to impose sanctions on certain foreign persons, including Georgian government officials, who are undermining Georgia's security or stability.</p><p>Specifically, the bill requires the President to impose visa-blocking sanctions and authorizes the President to impose property-blocking sanctions on any foreign person the President determines is involved with actions or policies to undermine Georgia's security or stability. Immediate family members of a sanctioned individual are also subject to these sanctions if they benefited from the sanctioned individual's conduct.&nbsp;</p><p>The bill also requires the President to impose visa-blocking sanctions on the following foreign persons if the President determines such persons knowingly engaged in significant acts of corruption or acts of violence or intimidation in relation to the blocking of Euro-Atlantic integration in Georgia:&nbsp;</p><ul><li>any individual who served as a member of the Georgian parliament or as a senior official of a Georgian political party on or after January 1, 2014;</li><li>any individual who is serving as an official in a leadership position on behalf of the Georgian government; and</li><li>any immediate family member of such officials who benefited from their conduct.</li></ul><p>Additionally, for the purpose of potential imposition of sanctions under the International Emergency Economic Powers Act, the President must determine whether there are foreign persons who, on or after the bill's enactment, have engaged in (1) significant corruption in Georgia, or (2) acts to undermine Georgia's security or stability.</p>"
"H.R. 35",https://www.congress.gov/bill/119th-congress/house-bill/35,"119th Congress (2025-2026)","Agent Raul Gonzalez Officer Safety Act","Passed House","<p><strong>Agent Raul Gonzalez Officer Safety Act</strong></p><p>This bill establishes new federal criminal offenses for operating a motor vehicle within 100 miles of the U.S. border while fleeing from a U.S. Border Patrol agent or a federal, state, or local law enforcement officer who is actively assisting or under the command of the U.S. Border Patrol.</p><p>The bill establishes criminal penalties for an offense, including a mandatory minimum prison term for an offense resulting in death or serious bodily injury. Additionally, a non-U.S. national who is convicted of or admits to committing an offense is inadmissible, deportable, and ineligible&nbsp;for immigration relief (including asylum).</p>"
"H.R. 33",https://www.congress.gov/bill/119th-congress/house-bill/33,"119th Congress (2025-2026)","To amend the Internal Revenue Code of 1986 to provide special rules for the taxation of certain residents of Taiwan with income from sources within the United States.","Passed House",
"H.R. 30",https://www.congress.gov/bill/119th-congress/house-bill/30,"119th Congress (2025-2026)","Preventing Violence Against Women by Illegal Aliens Act","Passed House","<p><strong>Preventing Violence Against Women by Illegal Aliens Act</strong></p><p>This bill establishes certain criminal grounds for making non-U.S. nationals (<em>aliens </em>under federal law) inadmissible and expands the crimes for which a non-U.S. national is deportable.</p><p>First, the bill establishes that a non-U.S. national is inadmissible if the individual has admitted to or is convicted of acts constituting the essential elements of stalking, child abuse, child neglect, child abandonment, a sex offense, conspiracy to commit a sex offense, a violation of certain protection orders, or domestic violence (including physical or sexual abuse or a pattern of coercive behavior when it occurs within certain close relationships).&nbsp;&nbsp;</p><p>Next, the bill establishes additional grounds for deportation. Under current law, a non-U.S. national is deportable for certain criminal convictions, including domestic violence, stalking, and child abuse. The bill makes any sex offense (including crimes against minors) or conspiracy to commit a sex offense a basis for deportation. The bill also expands the domestic violence crimes that make a non-U.S. national deportable to include physical or sexual abuse or a pattern of coercive behavior when it occurs within certain close relationships.</p>"
"H.R. 29",https://www.congress.gov/bill/119th-congress/house-bill/29,"119th Congress (2025-2026)","Laken Riley Act","Passed House","<p><strong>Laken Riley Act</strong></p><p>This bill requires the Department of Homeland Security (DHS) to detain certain non-U.S. nationals (<em>aliens</em> under federal law) who have been arrested for burglary, theft, larceny, or shoplifting. The bill also authorizes states to sue the federal government for decisions or alleged failures related to immigration enforcement.</p><p>Under this bill, DHS must detain an individual who (1) is unlawfully present in the United States or did not possess the necessary documents when applying for admission; and (2) has been charged with, arrested for, convicted of, or admits to having committed acts that constitute the essential elements of burglary, theft, larceny, or shoplifting.</p><p>The bill also authorizes state governments to sue for injunctive relief over certain immigration-related decisions or alleged failures by the federal government if the decision or failure caused the state or its residents harm, including financial harm of more than $100. Specifically, the state government may sue the federal government over a</p><ul><li>decision to release a non-U.S. national from custody;</li><li>failure to fulfill requirements relating to inspecting individuals seeking admission into the United States, including requirements related to asylum interviews;</li><li>failure to fulfill a requirement to stop issuing visas to nationals of a country that unreasonably denies or delays acceptance of nationals of that country;</li><li>violation of limitations on immigration parole, such as the requirement that parole be granted only on a case-by-case basis; or</li><li>failure to detain an individual who has been ordered removed from the United States.</li></ul>"
"H.R. 28",https://www.congress.gov/bill/119th-congress/house-bill/28,"119th Congress (2025-2026)","Protection of Women and Girls in Sports Act of 2025","Passed House","<p><strong>Protection of Women and Girls in Sports Act of 2025</strong></p><p>This bill generally prohibits school athletic programs from allowing individuals whose biological sex at birth was male to participate in programs that are for women or girls.</p><p>Specifically, the bill provides that it is a violation of Title IX of the Education Amendments of 1972 for federally funded education programs or activities to operate, sponsor, or facilitate athletic programs or activities that allow individuals of the male sex to participate in programs or activities that are designated for women or girls. (Title IX prohibits discrimination on the basis of sex in federally funded education programs or activities, including in public elementary and secondary schools and in colleges and universities.) Under the bill,<em> sex</em> is based on an individual's reproductive biology and genetics at birth.</p><p>The bill does not prohibit male individuals from training or practicing with programs or activities for women or girls as long as such training or practice does not deprive any female of corresponding opportunities or benefits.</p><p>The Government Accountability Office must report on the benefits for women or girls in single-sex sports that would be lost as a result of male participation. In particular, the report must document the negative psychological, developmental, participatory, and sociological effects of male participation on girls.</p>"
"H.R. 27",https://www.congress.gov/bill/119th-congress/house-bill/27,"119th Congress (2025-2026)","HALT Fentanyl Act","Passed House","<p><strong>Halt All Lethal Trafficking of Fentanyl Act or the HALT Fentanyl Act</strong></p><p>This bill permanently places fentanyl-related substances as a class into schedule I of the Controlled Substances Act. A schedule I controlled substance is a drug, substance, or chemical that has a high potential for abuse; has no currently accepted medical value; and is subject to regulatory controls and administrative, civil, and criminal penalties under the Controlled Substances Act.</p><p>Under the bill, offenses involving fentanyl-related substances are triggered by the same quantity thresholds and subject to the same penalties as offenses involving fentanyl analogues (e.g., offenses involving 100 grams or more trigger a 10-year mandatory minimum prison term).</p><p>Additionally, the bill establishes a new, alternative registration process for certain schedule I research.</p><p>The bill also makes several other changes to registration requirements for conducting research with controlled substances, including</p><ul><li>permitting a single registration for related research sites in certain circumstances,</li><li>waiving the requirement for a new inspection in certain situations, and</li><li>allowing a registered researcher to perform certain manufacturing activities with small quantities of a substance without obtaining a manufacturing registration.</li></ul><p>Finally, the bill expresses the sense that Congress agrees with the interpretation of Controlled Substances Act in <em>United States v. McCray</em>, a 2018 case decided by the U.S. District Court for the Western District of New York. In that case, the court held that butyryl fentanyl, a controlled substance, can be considered an analogue of fentanyl even though, under the Controlled Substances Act, the term <em>controlled substance analogue</em> specifically excludes a controlled substance.</p>"
"H.R. 26",https://www.congress.gov/bill/119th-congress/house-bill/26,"119th Congress (2025-2026)","Protecting American Energy Production Act","Passed House","<p><strong>Protecting American Energy Production Act</strong></p><p>This bill prohibits the President from declaring a moratorium on the use of hydraulic fracturing unless Congress authorizes the moratorium. The bill also expresses the sense of Congress that states should maintain primacy&nbsp;(authority) for the regulation of hydraulic fracturing for oil and natural gas production on state and private lands.</p><p>Hydraulic fracturing, or fracking, is a process to extract underground resources such as oil or gas from a geologic formation by injecting water, a propping agent (e.g., sand), and chemical additives into a well under enough pressure to fracture the formation.</p>"
"H.R. 23",https://www.congress.gov/bill/119th-congress/house-bill/23,"119th Congress (2025-2026)","Illegitimate Court Counteraction Act","Passed House","<p><strong>Illegitimate Court Counteraction Act</strong></p><p>This bill imposes sanctions against foreign persons (individuals and entities) who assist the International Criminal Court (ICC) in investigating, arresting, detaining, or prosecuting certain individuals.</p><p>The bill categorizes as protected persons (1) any U.S.&nbsp;individual, U.S. entity, or person in the United States, unless the United States is a state party to the Rome Statute of the ICC and provides formal consent to ICC jurisdiction; and (2) any foreign person that is a citizen or lawful resident of a U.S. ally that is not a state party to the Rome Statute or has not consented to ICC jurisdiction.</p><p>If the ICC attempts to investigate, arrest, detain or prosecute a protected person, the President must impose visa- and property-blocking sanctions against the foreign persons that engaged in or materially assisted in such actions, as well as against foreign persons owned by, controlled by, or acting on behalf of such foreign persons. The President must also apply visa-blocking sanctions to the immediate family members of those sanctioned.</p><p>Upon enactment, the bill rescinds all funds appropriated for the ICC and prohibits the subsequent use of appropriated funds for the ICC.</p>"
"H.R. 22",https://www.congress.gov/bill/119th-congress/house-bill/22,"119th Congress (2025-2026)","SAVE Act","Passed House","<p><strong>Safeguard American Voter Eligibility Act or the SAVE Act</strong></p><p>This bill requires individuals to provide documentary proof of U.S. citizenship when registering to vote in federal elections.</p><p>Specifically, the bill prohibits states from accepting and processing an application to register to vote in a federal election unless the applicant presents documentary proof of U.S. citizenship.&nbsp;The bill specifies what documents are considered acceptable proof of U.S. citizenship, such as&nbsp;identification that complies with the REAL ID Act of 2005 that indicates U.S. citizenship.</p><p>Further, the bill (1) prohibits states from registering an individual to vote in a federal election unless, at the time the individual applies to register to vote, the individual provides documentary proof of U.S. citizenship; and (2) requires states to establish an alternative process under which an applicant may submit other evidence to demonstrate U.S. citizenship.</p><p>Each state must take affirmative steps on an ongoing basis to ensure that only U.S. citizens are registered to vote, which shall include establishing a program to identify individuals who are not U.S. citizens using information supplied by certain sources.</p><p>Additionally, states must remove noncitizens from their official lists of eligible voters.</p><p>The bill allows for a private right of action against an election official who registers an applicant to vote in a federal election who fails to present documentary proof of U.S. citizenship.</p><p>The bill establishes criminal penalties for certain offenses, including registering an applicant to vote in a federal election who fails to present documentary proof of U.S. citizenship.</p>"
"H.R. 21",https://www.congress.gov/bill/119th-congress/house-bill/21,"119th Congress (2025-2026)","Born-Alive Abortion Survivors Protection Act","Passed House","<p><b>Born-Alive Abortion Survivors Protection Act</b> </p> <p>This bill establishes requirements for the degree of care a health care practitioner must provide in the case of a child born alive following an abortion or attempted abortion.</p> <p> Specifically, a health care practitioner who is present must (1) exercise the same degree of care as would reasonably be provided to any other child born alive at the same gestational age, and (2) ensure the child is immediately admitted to a hospital. Additionally, a health care practitioner or other employee who has knowledge of a failure to comply with the degree-of-care requirements must immediately report such failure to law enforcement.</p> <p>A health care practitioner who fails to provide the required degree of care, or a health care practitioner or other employee who fails to report such failure, is subject to criminal penalties—a fine, up to five years in prison, or both. </p> <p> An individual who intentionally kills or attempts to kill a child born alive is subject to prosecution for murder.</p> <p>The bill bars the criminal prosecution of a mother of a child born alive under this bill and allows her to bring a civil action against a health care practitioner or other employee for violations. </p>"
"H.R. 4",https://www.congress.gov/bill/119th-congress/house-bill/4,"119th Congress (2025-2026)","Rescissions Act of 2025","Became Law","<p><strong>Rescissions Act of 2025</strong></p><p>This bill rescinds $9.4 billion in&nbsp;unobligated funds that were provided to the Department of State, the U.S. Agency for International Development (USAID), various independent and related agencies, and the Corporation for Public Broadcasting.&nbsp;</p><p>The rescissions were proposed by the President under procedures included in the Congressional Budget and Impoundment Control Act of 1974. Under current law, the President may propose rescissions to Congress using specified procedures, and the rescissions must be enacted into law to take effect.&nbsp;</p><p>Specifically, the bill rescinds funds that were provided to the State Department or the President for</p><ul><li>Contributions to International Organizations;</li><li>Contributions for International Peacekeeping Activities;</li><li>Global Health Programs;</li><li>Migration and Refugee Assistance;</li><li>the Complex Crises Fund;</li><li>the Democracy Fund;</li><li>the Economic Support Fund;</li><li>Contributions to the Clean Technology Fund;</li><li>International Organization and Programs;</li><li>Development Assistance;</li><li>Assistance for Europe, Eurasia, and Central Asia;</li><li>International Disaster Assistance; and</li><li>Transition Initiatives.</li></ul><p>The bill also rescinds funds that were provided for&nbsp;</p><ul><li>USAID Operating Expenses,</li><li>the Inter-American Foundation,</li><li>the&nbsp;U.S. African Development Foundation,</li><li>the U.S. Institute of Peace, and</li><li>the Corporation for Public Broadcasting.</li></ul>"
"H.R. 1",https://www.congress.gov/bill/119th-congress/house-bill/1,"119th Congress (2025-2026)","One Big Beautiful Bill Act","Became Law","<p>This act reduces taxes, reduces or increases spending for various federal programs, increases the statutory debt limit, and otherwise addresses agencies and programs throughout the federal government. &nbsp;</p><p>It is known as a reconciliation bill and includes legislation submitted by several congressional committees pursuant to provisions in the FY2025 congressional budget resolution (H Con. Res. 14) that directed the committees to submit legislation to the House or Senate Budget Committee that will increase or decrease the deficit and increase the statutory debt limit by specified amounts. (Reconciliation bills are considered by Congress using expedited legislative procedures that prevent a filibuster and restrict amendments in the Senate.)</p><p>TITLE I--COMMITTEE ON AGRICULTURE, NUTRITION, AND FORESTRY</p><p>This title addresses a wide range of Department of Agriculture (USDA) programs, including by changing the Supplemental Nutrition Assistance Program (SNAP) and extending programs authorized by the Agriculture Improvement Act of 2018 (commonly known as the 2018 farm bill).</p><p>Subtitle A--Nutrition</p><p>(Sec. 10101)&nbsp;This section prohibits USDA from increasing the cost of the Thrifty Food Plan (TFP) based on a reevaluation of the contents of the TFP (i.e., the market basket of goods). Further, any annual adjustment to the cost of the plan must be based on the Consumer Price Index for All Urban Consumers.</p><p>As background, USDA created the TFP (the cost of purchasing a nutritionally adequate low-cost diet), which is used to determine maximum monthly benefits under the Supplemental Nutrition Assistance Program (SNAP). USDA calculates the cost of the TFP each year to account for food price inflation. Maximum allotments are set at the monthly cost of the TFP for a four-person family, adjusted for family size. Under a provision of the 2018 farm bill, USDA must reevaluate the market basket of goods every five years based on current food prices, food composition data, consumption patterns, and dietary guidance.</p><p>(Sec. 10102) This section increases the work requirements for certain SNAP recipients&nbsp;who are able-bodied adults.</p><p>As background,&nbsp;SNAP recipients who are able-bodied adults without dependents (ABAWDs) currently have work-related requirements in addition to the general SNAP work registration and employment and training requirements. SNAP law limits benefits to ABAWDs to 3 months out of a 36-month period, unless the participant meets the additional work-related requirements.</p><p>This section raises the age for those who must meet these additional work requirements to include adults who are 65 years old and younger, whereas these requirements currently apply to adults who are 55 years old and younger.</p><p>This section requires parents and household members to meet the additional work requirements (similar to someone who does not have a dependent child) if the child is age 14 and older. Currently, those with a child under the age of 18 are exempt from the requirements.</p><p>This section&nbsp;excludes from the additional work requirements SNAP recipients who are Indians, Urban Indians, or California Indians (as these terms are defined by the Indian Health Care Improvement Act).&nbsp;</p><p>In addition, the section generally requires homeless individuals, veterans, and certain foster care individuals&nbsp;to meet these work requirements. Foster care individuals are&nbsp;those who are 24 years old or younger and were in foster care on the date of attaining 18 years of age or a higher age.&nbsp;Specifically, this section eliminates the current exclusion from the additional work requirements for these individuals based on this status.</p><p>Finally, this section limits the ability of a state to temporarily suspend the three-month time limit for SNAP benefits for ABAWDS in areas with high unemployment or an insufficient number of jobs. Under current law, the ABAWD waiver program allows states to request a temporary waiver of the three-month SNAP benefit limit. States may receive a waiver based on an area having an unemployment rate of over 10% or an insufficient number of jobs.</p><p>The section repeals the provision that allows a state waiver if that area does not have a sufficient number of jobs. Further, the section allows Alaska and Hawaii to qualify for the state exemption with an unemployment rate that is at or above 1.5 times the national unemployment rate, effectively lowering the unemployment rate that these states must meet to receive a waiver.&nbsp;</p><p>(Sec. 10103) This section generally eliminates the ability of a household to use participation in certain energy assistance programs to determine SNAP income eligibility unless&nbsp;the household includes an elderly or disabled member.&nbsp;</p><p>As background, a household may deduct a portion of their housing and utility costs from their income (i.e., the excess shelter expense deduction) when determining SNAP benefits. Under current law, a household that receives a certain level of energy assistance through the Low Income Home Energy Assistance Program (LIHEAP) or a similar energy assistance program may deduct a set allowance. This set allowance&nbsp;(i.e., Standard Utility Allowance or SUA) represents low-income household utility costs in the state or local area. Using this allowance makes qualifying for an excess shelter deduction more likely.</p><p>This section&nbsp;eliminates the use of the set allowance for households without elderly or disabled members, which may decrease the availability of the excess shelter deduction and reduce the SNAP benefits for these households.</p><p>(Sec.&nbsp;10104)&nbsp;This section prohibits a household from using any internet connection service fees as part of their housing and utility costs for the purposes of determining the size of household SNAP benefits, thus potentially reducing the SNAP benefits for these households.</p><p>As background, a household may deduct a portion of their housing and utility costs from their income (i.e., the excess shelter expense&nbsp;deduction) when determining SNAP benefits.&nbsp;Under current law, household expenses may include&nbsp;internet connection service fees.</p><p>(Sec. 10105) This section establishes state-matching fund requirements for the cost of SNAP program allotments&nbsp;beginning in FY2028. The state contribution ranges from 0% to 15% for the cost of SNAP program allotments and is based on the state’s SNAP payment error rate. Currently, the state match is 0%.</p><p>For FY2028, a state may elect either the FY2025 or FY2026 payment error rate to calculate its state-matching fund requirement. For FY2029 and each fiscal year thereafter, the state match is calculated using the payment error rate for the third fiscal year preceding the fiscal year for which the state share is being calculated.</p><p>Any state that has a payment error rate that is less than 6% will have a state match of 0% (i.e., the state does not have to contribute).&nbsp;</p><p>A state with a payment error rate that is</p><ul><li>at least 6% but less than 8% must contribute 5%,</li><li>at least 8% but less than 10% must contribute 10%, and</li><li>10% or greater must contribute 15%.</li></ul><p>In general,&nbsp;the&nbsp;effective date for the state-matching fund requirements&nbsp;is the beginning of FY2028. However, any state that has an error rate above a certain level will have implementation delayed until FY2029 or&nbsp;FY2030. Specifically, the implementation date is delayed for states where the state's error rate multiplied by 1.5 equals or exceeds 20% in FY2025 or FY2026. For such states, the implementation date is delayed until FY2029 if the specified error rate occurs in FY2025 and until FY2030 if the error rate occurs in FY2026.&nbsp;</p><p>(Sec. 10106) This section reduces the amount that USDA may pay a state agency for administrative costs for the operation of SNAP to 25% of all administrative costs beginning in FY2027 and for each fiscal year thereafter. Currently, USDA must pay 50% of all administrative costs, thus this section increases the state share of administrative costs from 50% to 75%.</p><p>(Sec. 10107) This section eliminates funding for the SNAP Nutrition Education and Obesity Prevention Grant Program (SNAP-ED). SNAP state and local agencies administer this federal grant program. SNAP-Ed uses evidence-based, public health projects and interventions with the goal to implement a nutrition education and obesity prevention program for eligible individuals that promotes healthy food choices and physical activity consistent with the most recent Dietary Guidelines for Americans.</p><p>(Sec. 10108) This section&nbsp;eliminates SNAP eligibility for certain individuals who are classified as an alien under federal law and legally present in the United States, including those who have qualified for conditional entry under the asylum and refugee laws or&nbsp;based on urgent humanitarian&nbsp;reasons (e.g., a&nbsp;survivor of domestic violence or human trafficking).</p><p>The section maintains SNAP eligibility for&nbsp;individuals who reside in the United States and are (1) U.S. citizens or U.S. nationals; (2) lawful permanent residents, with exceptions; (3) aliens who are Cuban or Haitian&nbsp;entrants; or (4) individuals who are lawfully residing in the United States in accordance with the Compacts of Free Association between the United States and Micronesia, the Marshall Islands, and&nbsp;Palau.</p><p>Subtitle B-- Forestry</p><p>(Sec. 10201) This section rescinds certain funds provided to the Forest Service as part of the Inflation Reduction Act of 2022. For example, this includes the rescission of funds for&nbsp;</p><ul><li>the protection of old-growth forests on National Forest System land,</li><li>grants for nonfederal forest landowners for climate mitigation or forest resilience practices,</li><li>grants for state and private forestry conservation programs for tree planting, and</li><li>administrative costs for the National Forest System to implement these and other related programs.</li></ul><p>Subtitle C--Commodities</p><p>This subtitle amends and extends commodity support programs.</p><p>For example, the subtitle extends the Price Loss Coverage (PLC) program, the Agricultural Risk Coverage (ARC)&nbsp; program, and Dairy Margin Coverage (DMC) through crop year 2031. It also modifies various requirements for the programs.</p><p>(Sec. 10301) This section increases the reference prices for specified commodities under the ARC and&nbsp;PLC programs for crop years 2025 through 2030. This change would increase the likelihood of triggering a payment and increase the payments made to eligible producers when triggered.</p><p>Beginning in crop year 2031, USDA must increase the reference price so that it is equal to the reference price in the previous crop year multiplied by 1.005. USDA must continue to increase the reference price using this formula for each crop year after 2031, up to a maximum of 113% of the 2030 reference price.</p><p>The ARC and&nbsp;PLC programs, administered by the Farm Service Agency, offer financial assistance to eligible agricultural producers, and the reference prices are used to calculate benefits under the programs.&nbsp;The ARC program is an income support program that provides payments to producers triggered when actual crop revenue declines below a specified guarantee level. The&nbsp;PLC program provides income support payments triggered when the effective price for a covered commodity falls below its effective reference price.</p><p>(Sec. 10302) This section grants eligible agricultural producers a one-time option to expand and allocate base acre holdings in proportion to average 2019-2023 plantings of covered and&nbsp;noncovered commodities. In general, the Price Loss Coverage and Agriculture Risk Coverage programs make payments per enrolled base acre (i.e., a unit of production associated with specific tracts of farmland in proportion to historical production of certain crops).</p><p>This section allows producers to allocate existing unassigned base acres to a covered commodity. The section limits the total existing unassigned and newly granted base acres to no more than 30 million acres, effectively increasing total base acres nationwide from approximately 274 million to approximately 304 million.</p><p>(Sec. 10303)&nbsp;This section requires producers to make an election to obtain ARC or PLC on a covered-commodity-by-covered commodity basis through crop year 2031.&nbsp;For the 2025 crop year, this section requires USDA, on a covered commodity-by-covered commodity basis, to make the higher of PLC payments or ARC county coverage payments to the producers on a farm for the payment acres for each covered commodity on the&nbsp;farm.</p><p>(Sec. 10304) This section extends the&nbsp;PLC program through crop year 2031.</p><p>(Sec. 10305) This section extends the ARC program through the 2031 crop year. It also increases the coverage guarantee level from 86% to 90% of the benchmark revenue and increases the maximum payment amount&nbsp;from 10% to 12.5% of the&nbsp;benchmark revenue. These changes increase the likelihood of triggering a payment and increase the payments made to eligible producers when triggered. &nbsp;</p><p>(Sec. 10306) This section establishes a definition for a qualified pass-through entity, which includes certain partnerships and S corporations (as defined in the Internal Revenue Code) and certain limited liability companies, joint ventures, and general partnerships. It also generally requires these entities to be treated in the same manner as current law treats general partnerships and joint ventures for the purpose of payment limitations. For example, the section replaces an existing exception to payment limitations for joint ventures and general partnerships with an exception for qualified pass-through entities.</p><p>(Sec. 10307) This section increases the maximum ARC and&nbsp;PLC&nbsp;payment limit per person from $125,000 to $155,000. A producer is eligible to receive up to $155,000 in peanut payments and up to $155,000 in payments for all commodities except peanuts (i.e., up to $310,000 total for all commodities inclusive). USDA must adjust payment limits for inflation annually beginning with the 2025 crop year.</p><p>As background, certain payment limits and eligibility criteria apply to multiple farm programs, including ARC,&nbsp;PLC, and certain disaster assistance programs and conservation programs.</p><p>(Sec. 10308) This section waives the adjusted gross income (AGI) limitations for payments or benefits under certain USDA disaster assistance and conservation programs for a person or legal entity that derives a portion of their income from agriculture. Specifically, the exception allows producers and business entities whose AGI exceeds $900,000 to participate in certain disaster assistance and conservation programs if 75% or more of their AGI (i.e., gross income before applying adjustments to calculate the AGI) is derived from eligible agricultural activities.</p><p>The eligible activities are farming, ranching, or siviculture activities, including&nbsp;agritourism, direct-to-consumer marketing of agricultural products, and the sale of agricultural equipment owned by such person or entity.</p><p>(Sec. 10309) This section extends the Marketing Assistance Loan (MAL) program nonrecourse and recourse loans through the 2031 crop year. It also sets MAL rates for crop years 2026-2031. This section also extends Loan Deficiency Payments (LDPs) through the 2031 crop year. The MAL and LDP programs provide price support to producers when market prices drop below statutory levels.</p><p>This section also extends the Special Competitive Provisions for Extra Long Staple (ELS) Cotton program. This program makes payments to eligible mills that use ELS cotton and eligible exporters of ELS cotton.</p><p>As background, there are two main species of cotton cultivated for commercial use, upland cotton (which comprises 97% of U.S. production) and extra-long staple (ELS) cotton. U.S.-grown ELS cotton is also referred to as Pima cotton.</p><p>(Sec. 10310) This section changes how world prices for upland and ELS cotton are calculated for the purpose of repaying&nbsp;MALs.</p><p>(Sec. 10311) This section increases the payments to domestic users of upland cotton who participate in the Economic Adjustment Assistance for Textile Mills program. This program makes monthly payments to eligible domestic cotton mills. The payments must be used for capital investments that contribute to domestic manufacturing of upland cotton.</p><p>(Sec. 10312) This section makes several modification to USDA's sugar program.&nbsp;As background, the U.S. sugar program supports the U.S. sugar industry (i.e., producers and processors of sugarcane and sugar beets) by providing Marketing Assistance Loans (MALs) to sugar processors, restricting domestic supply of sugar with marketing allotments for sugar processors, and limiting sugar imports through tariff-rate quotas.</p><p>Specifically, this section increases the marketing loan rate for raw sugar cane processors and increases the rate for beet sugar processors for crop years 2025-2031.</p><p>This section also increases the storage rates USDA pays to processors for forfeited refined sugar and forfeited raw cane sugar. Under current law, when sugar is used to&nbsp;collateralize a MAL loan and is forfeited by a sugar processor, USDA must provide payments to the processors who store the forfeited sugar.</p><p>This section extends the provisions for the flexible marketing allotments for sugar through crop year 2031. In addition, in operating sugar support programs, USDA must prioritize sugar beet processors if marketing allotments are adjusted higher. Additionally, if sugar beet marketing allotments need to be adjusted, USDA must reassign sugar beet marketing allotments within 30 days of the publication of USDA's January World Agricultural Supply and Demand Estimates (WASDE) report.&nbsp;</p><p>Finally, USDA must study whether the establishment of additional terms and conditions with respect to refined sugar imports is necessary and appropriate and submit a report to Congress. Based on the study, USDA may issue regulations to establish additional terms and conditions for refined sugar imports.</p><p>(Sec. 10313) This section extends Dairy Margin Coverage (DMC) through crop year 2031 and provides for a number of changes to the DMC program.</p><p>As background, DMC allows participating milk producers to buy a guaranteed margin for their milk production.&nbsp;The DMC program pays participating producers the difference between a producer-selected guarantee and the national milk margin (all-milk price minus an average feed cost ration). Margin payments are based on producers' milk production history, not actual milk marketings (i.e., quantity of milk sold). Producers pay annual premium rates based on two tiers of production history.</p><p>Changes to the program include</p><ul><li>altering how USDA determines&nbsp;production history to remove the consideration of production at the time the dairy operation first registered to participate in the DMC program;</li><li>setting production history for the DMC program as the highest annual milk marketings for participating dairies during calendar year 2021, 2022, or 2023;</li><li>raising the coverage limit to the first 6 million pounds of production history for both Tier I and Tier II premiums, from the first 5 million pounds; and</li><li>allowing producers to receive a 25% premium discount for a one-time premium election covering calendar years 2026-2031.</li></ul><p>(Sec. 10314)&nbsp; This section requires USDA to make available specified funds to carry out this subtitle. It also requires USDA to use specified funds to administer a mandatory survey of dairy product manufacturers' production costs and product yield information. USDA must&nbsp;publish the results of the surveys&nbsp;biennially.&nbsp;&nbsp;</p><p>Subtitle D--Disaster Assistance Programs</p><p>This subtitle expands the types of eligible losses covered under the permanently authorized agricultural disaster assistance programs, which include the Livestock Indemnity Program; the Livestock Forage Disaster Program; the&nbsp;Emergency Assistance for Livestock, Honey Bees, and Farm-Raised Fish Program; and the&nbsp;Tree Assistance Program. This subtitle also increases coverage levels and lowers the threshold for triggering payments for certain eligible losses.</p><p>(Sec. 10401) Under the Livestock Indemnity Program (LIP), this section increases the payment rate to 100%, from 75%, for losses due to predation (i.e., attacks by animals reintroduced into the wild by the federal government or protected by federal law). This section also authorizes USDA to allow eligible producers to submit documentation to assist in determining an animal's market value. Further, the section expands LIP coverage to include unborn livestock as LIP- eligible livestock losses. LIP provides indemnity payments to eligible livestock owners and contract growers for livestock deaths in excess of normal mortality or reduced sales prices due to specified events (e.g., adverse weather, disease, or animal attack).</p><p>Under the Livestock Forage Disaster Program (LFP), this section expands the types of eligible drought conditions covered and increases payments for certain eligible drought conditions under the program. The LFP program makes payments to eligible livestock producers who have suffered grazing losses due to&nbsp;drought-affected pastureland&nbsp;or a fire on federally managed rangelands.</p><p>Under the Emergency Assistance for Livestock, Honey Bees, and Farm-Raised Fish Program (ELAP), this section expands eligible losses to include bird predation of farm-raised fish and adds an eligible loss threshold when determining honey bee colony losses. ELAP provides payments to producers of livestock, honey bees, and farm-raised fish as compensation for losses due to disease, adverse weather, feed or water shortages, or other conditions that are not covered under other programs.</p><p>Under the Tree Assistance Program (TAP), this section lowers the eligible normal mortality loss threshold and increases assistance for eligible rehabilitation costs. TAP provides financial assistance to qualifying orchardists and nursery tree growers to replant or rehabilitate eligible trees, bushes, and vines damaged by natural disasters.</p><p>Subtitle&nbsp;E--Crop Insurance</p><p>This subtitle increases certain crop insurance premium subsidies and increases additional premium subsidies available for beginning farmers and ranchers. The subtitle also increases coverage levels for Supplemental Coverage Option&nbsp;(i.e., a type of county-level coverage) and Whole Farm Revenue Protection policies, increases support for administrative and operating (A&amp;O) costs incurred by approved crop insurance providers, and increases funds available for program compliance and integrity.</p><p>As background, the Federal Crop Insurance Program (FCIP) offers subsidized crop insurance policies that producers can purchase to cover a wide variety of crops and livestock. These policies pay indemnities for yield and revenue losses caused by adverse growing and market conditions, including natural disasters. The Federal Crop Insurance Corporation (FCIC)—a government corporation within USDA—subsidizes part of the policy premium.</p><p>(Sec. 10501) This section increases the premium subsidies available for beginning farmers or ranchers for an applicable insurance policy or plan.</p><p>Further, farmers and ranchers are eligible to qualify for the program for 10 years, an increase from 5 years. Specifically, a farmer or rancher must not have actively operated and managed a farm or ranch for more than 10 crop years to be considered a beginning farmer or rancher.&nbsp;</p><p>(Sec. 10502) This section expands the maximum coverage level from 85% to 90% for individual yield or revenue coverage aggregated across multiple commodities (e.g., Whole-Farm Revenue Protection policies). &nbsp;</p><p>The section also expands the&nbsp;Supplemental Coverage Option (SCO) and increases SCO premium subsidies from 65% to 80%. It also increases the SCO coverage level from 86% to 90%.</p><p>(Sec. 10503) This section increases administrative and operating (A&amp;O) subsidies in certain states and years with relatively high losses.</p><p>As background, the Federal Crop Insurance Corporation (FCIC) subsidizes part of the policy premium. The policyholders (i.e., farmers and ranchers)&nbsp;pay any remaining premium. Private insurance companies&nbsp;sell and service the policies in return for A&amp;O subsidies from the FCIC.</p><p>This section also establishes a minimum A&amp;O reimbursement&nbsp;rate for specialty crop policies&nbsp;each year beginning in the 2026 reinsurance year. The rate must be equal to or greater than the percentage that is the greater of (1) 17% of the premium used to define loss ratio, and (2) the percentage of the premium used to define loss ratio that is otherwise applicable for the reinsurance year under the terms of the Standard Reinsurance Agreement in effect for the reinsurance year.</p><p>Finally, beginning with the 2026 reinsurance year, the section requires&nbsp;USDA to annually increase the total A&amp;O reimbursements that would otherwise be required in order to account for inflation.</p><p>(Sec. 10504) This section increases certain crop insurance premium subsidies. The increases range from 3% to 5%, depending on the coverage level.</p><p>(Sec. 10505) This section increases funding for available information technologies (i.e., data mining and data warehousing) to administer and enforce program compliance and integrity.</p><p>(Sec. 10506) This section increases funding for (1) the operations and review of policies, plans of insurance, and related materials; and&nbsp;(2) maintaining program actuarial soundness and financial integrity.&nbsp;</p><p>(Sec. 10507) This section provides for the establishment of a Poultry Insurance Pilot Program to provide contract poultry growers with&nbsp;index-based insurance for&nbsp;extreme weather-related risk resulting in increased utility costs&nbsp;associated with poultry production. Under an index policy, claim payments are generally triggered based on a predetermined index that is entirely independent of the individual farm operation (e.g., rainfall level). Under such a policy, the payments are automatically triggered when the index reaches a certain level rather than when an insured farmer files a claim.</p><p>Subtitle F--Additional Investments in Rural America&nbsp;</p><p>(Sec. 10601) This section rescinds the unobligated funds that were provided for the Agriculture Conservation Easement Program (ACEP), the Environmental Quality Incentives Program (EQIP), the Conservation Stewardship Program (CSP), and the Regional Conservation Partnership Program (RCPP)&nbsp; as part of the Inflation Reduction Act of 2022. The section also adds funds to the&nbsp;permanent farm bill baseline for these programs. It also reauthorizes or modifies the funding levels for various other conservation programs.</p><p>The section provides the following funding levels for ACEP:</p><ul><li>$625 million for FY2026,</li><li>$650 million for FY2027,</li><li>$675 million for FY2028, and</li><li>$700 million for each of FY2029-FY2031.</li></ul><p>The section provides the following funding levels for EQIP:</p><ul><li>$2.655 billion for FY2026,</li><li>$2.855 billion for FY2027, and</li><li>$3.255 billion for each of FY2028-FY2031.</li></ul><p>The section provides the following funding&nbsp;levels for CSP:</p><ul><li>$1.300 billion for FY2026,</li><li>$1.325 billion for FY2027,</li><li>$1.350 billion for FY2028, and</li><li>$1.375 billion for each of FY2029-FY2031.</li></ul><p>The section provides the following funding levels&nbsp; for RCPP:</p><ul><li>$425 million for FY2026, and</li><li>$450 million each of FY2027-FY2031.</li></ul><p>In addition, this section reauthorizes or modifies the funding levels for the following programs</p><ul><li>Grassroots Source Water Protection Program,</li><li>Voluntary Public Access and Habitat Incentive Program,</li><li>Watershed and Flood Prevention Operations Program, and</li><li>Feral Swine Eradication and Control Pilot Program.</li></ul><p>(Sec. 10602)&nbsp;This section directs USDA to carry out a program to encourage the accessibility, development, maintenance, and expansion of commercial export markets for U.S. agricultural commodities. This section also provides $285 million in mandatory funding for the program for FY2027 and each fiscal year thereafter.</p><p>(Sec. 10603)&nbsp;This section extends funding for the Emergency Food Assistance Program (TEFAP) through FY2031. TEFAP provides food commodities (and cash support for storage and distribution costs) through states to local emergency feeding organizations (e.g., food banks).&nbsp;Through TEFAP, USDA purchases a variety of commodities and makes those food products (e.g., canned, frozen, dried, and fresh fruits and vegetables; eggs; meat; dairy; and whole-grain and enriched grain products) available to state distributing agencies.</p><p>(Sec. 10604)&nbsp;This section reauthorizes and provides funding for a number of USDA research initiatives.</p><p>The section reauthorizes and extends funding through FY2031 for the Urban, Indoor, and other Emerging Agricultural Production Research, Education, and Extension Initiative, a National Institute of Food and Agriculture (NIFA) competitive grant program that supports research, education, and extension activities that facilitate development of urban, indoor, and other emerging agricultural production systems.</p><p>The section provides $37 million for the Foundation for Food and Agriculture Research, a nonprofit corporation established to advance the research mission of USDA by supporting research activities focused on key problems of national and international significance.</p><p>The section provides specified funds to the 1890 National Scholars Program for FY2026 for student scholarships. This NIFA program provides grants to 1890 Institutions (i.e., historically Black colleges and universities that belong to the U.S. land-grant university system) for students who intend to pursue a career in the food and agricultural sciences.</p><p>The section provides funding for the&nbsp;Assistive Technology Program for Farmers with Disabilities Program (AgrAbility) grant program for FY2026. This NIFA program supports&nbsp;projects that provide&nbsp;agricultural education and assistance to farmers with disabilities&nbsp;and their family members.</p><p>This section provides the Specialty Crop Research Initiative with $175 million in mandatory funding for FY2026. Currently, the program is funded at $80 million for each fiscal year.</p><p>This section also provides funding for competitive grants to assist in the construction, alteration, acquisition, modernization, renovation, or remodeling of Agricultural Research Facilities.</p><p>(Sec. 10605)&nbsp;This section reauthorizes, and extends funding for, the bioenergy program for advanced biofuels (i.e., Advanced Biofuel Payment Program) through FY2031. The program provides payments to fuel producers to support and expand production of advanced biofuels (i.e., not derived from corn starch).</p><p>(Sec. 10606)&nbsp;This section provides additional funding for the Plant Pest and Disease Management Disaster Prevention Program for FY2026 and each fiscal year thereafter.</p><p>This section provides additional funding for the Specialty Crop Block Grant Program for FY2026 and each fiscal year thereafter. Under the block grant program, USDA provides grants to the state departments of agriculture to enhance the competitiveness of specialty crops (i.e., fruits, vegetables, tree nuts, dried fruits, horticulture, and nursery crops, including floriculture).</p><p>The section also reauthorizes, and extends funding for, organic production and market data initiatives through FY2031.</p><p>This section reauthorizes, and extends funding through FY2026, for USDA to carry out the modernization and improvement of international trade technology systems and data collection on imports of organically produced agricultural products accepted into the United States.</p><p>The section also reauthorizes&nbsp;through FY2031&nbsp;the Organic Certification Cost Share Program, which provides cost share assistance to producers and handlers"
,,,,,"of agricultural products who are obtaining or renewing their certification under the National Organic Program.</p><p>This section reauthorizes, and extends funding through FY2026, for the multiple crop and pesticide use survey of farmers. The USDA Office of Pest Management Policy conducts this survey to collect data for risk assessment modeling and mitigation for an active ingredient.</p><p>(Sec. 10607) This section increases mandatory&nbsp;funding for the National Animal Health Laboratory Network&nbsp;from $30 million per fiscal year to</p><ul><li>$233 million for each of FY2026-FY2030, and</li><li>$75 million for FY2031 and each fiscal year thereafter.</li></ul><p>Specific increases in funding are provided for the National Animal Disease Preparedness and Response Program and the National Animal Vaccine and Veterinary Countermeasures Bank.</p><p>This section extends and increases funding for the Sheep Production &amp; Marketing Grant Program through FY2026. This program seeks to strengthen and enhance the production and marketing of sheep and sheep products in the United States.</p><p>This section also extends the</p><ul><li>Pima Agriculture Cotton Trust Fund through December 31, 2031, which provides assistance to reduce the economic injury to domestic manufacturers resulting from tariffs on cotton fabric that are higher than tariffs on certain apparel articles made of cotton fabric;</li><li>Agriculture Wool Apparel Manufacturers Trust Fund through December 31, 2031, which provides assistance to reduce the economic injury to domestic manufacturers resulting from tariffs on wool fabric that are higher than tariffs on certain apparel articles made of wool fabric;</li><li>Wool Research and Promotion Program through FY2031, which provides grants to assist U.S. wool producers with improving the quality of wool and with developing and promoting the wool market; and</li><li>Emergency Citrus Disease Research and Development Trust Fund through FY2031, which funds a program that aims to bring together scientists to find scientifically sound and financially sustainable solutions to&nbsp;Huanglongbing (i.e., citrus greening, a bacterial disease spread by an insect that feeds on citrus).&nbsp;</li></ul><p>TITLE II--COMMITTEE ON ARMED SERVICES</p><p>This title provides additional funding for, and modifies, various defense and national security projects and programs.</p><p>(Sec. 20001) This section provides $7.5 billion in additional funding for FY2025 to the Department of Defense (DOD) for military personnel quality of life, which includes specified amounts for</p><ul><li>the Marine Corps Barracks 2030 initiative,</li><li>the Defense Health Program,</li><li>supplemental payments of Basic Allowance for Housing to military personnel, and</li><li>tuition assistance and child care assistance for members of the Armed Forces.</li></ul><p>The section also provides statutory authority to extend from 14 to 21 days eligibility for Temporary Lodging Expense (TLE) for certain servicemembers undergoing a permanent change of station.</p><p>Additionally, the section temporarily increases authorized investment amounts and provides additional authorization for the acquisition or construction of certain military housing through private contracts.</p><p>(Sec. 20002) This section provides $29.2 billion in additional funding for FY2025 for the shipbuilding industrial base and various naval shipbuilding activities.&nbsp;</p><p>(Sec. 20003) This section provides $24.4 billion in additional funding for FY2025 for the development of (1) space-based missile intercept capabilities, (2) military space-based sensors, and (3) the continued development of ground-based missile defense systems and related infrastructure.</p><p>(Sec. 20004) This section provides $25.4 billion in additional funding for FY2025 for various military weapon systems, including hypersonic, air-to-air, cruise, and anti-ship missiles.</p><p>This amount also&nbsp;includes&nbsp;additional funding for FY2025 for the Industrial Base Fund.</p><p>(Sec. 20005) This section provides $16 billion in additional funding for FY2025 to expand the small, unmanned aerial system (UAS) industrial base, to advance the use of artificial intelligence in these and other systems, and to support the integration of commercial developments in military technology.</p><p>This amount also includes additional funding to finance loans and loan guarantees by the DOD Office of Strategic Capital.</p><p>(Sec. 20006) This section provides $380 million in&nbsp;additional funding for FY2025 to replace current business systems, deploy automation, and deploy artificial intelligence to accelerate audits of DOD financial statements.</p><p>(Sec. 20007) This section provides $8.6 billion in additional funding for FY2025 to (1) modernize the capabilities of fighter, transport, and other military aircraft; (2) prevent the retirement of certain fighter aircraft (e.g., F-22); and (3) produce next-generation manned and unmanned aircraft.</p><p>(Sec. 20008) This section provides $14.7 billion in additional funding for FY2025 for nuclear defense resources and nuclear forces development and production.&nbsp;This includes additional funding to expand the production capacity of the B-21 long-range bomber aircraft.</p><p>This amount also&nbsp;includes additional funding for FY2025 for&nbsp;the National Nuclear Security Administration.</p><p>(Sec. 20009) This section provides $12.7 billion in additional funding for FY2025 for (1) various military exercises and infrastructure in the Indo-Pacific region, and (2) the development and procurement of military&nbsp;satellites.</p><p>(Sec. 20010) This section provides $16.3 billion in additional funding for FY2025 to enhance and modernize (1) military depots and shipyards, (2) Special Operations Command (SOCOM) equipment, and (3) Air Force facilities.&nbsp;</p><p>(Sec. 20011) This section provides $1 billion in additional funding for FY2025 to support border operations, including deployment of military personnel.</p><p>(Sec. 20012) This section provides $10 million in additional funding for FY2025 for the DOD Office of Inspector General to monitor the activities for which funding is provided under this title.</p><p>(Sec. 20013) This section authorizes each military department to use funding under this title for military construction, land acquisition, and military family housing. Each military department must submit a detailed spending plan to Congress.</p><p>TITLE III--COMMITTEE ON BANKING, HOUSING, AND URBAN AFFAIRS</p><p>(Sec. 30001) This section reduces funding for the Consumer Financial Protection Bureau (CFPB).&nbsp;Specifically, the section reduces from 12% to 6.5% the cap on the percentage of combined earnings transferred from the Board of Governors of the Federal Reserve Board to the&nbsp;CFPB.</p><p>(Sec. 30002) This section rescinds unobligated funds from the Green and Resilient Retrofit Program under the Department of Housing and Urban Development (HUD). The program provides funding for energy efficiency improvements in multifamily properties receiving HUD assistance.</p><p>(Sec. 30003) This section closes the Securities and Exchange Commission (SEC) Reserve Fund and transfers the remaining amounts to the general fund of the Treasury. The fund, which pays for SEC expenses and is not subject to annual appropriation, was created by the Dodd-Frank Wall Street Reform and Consumer Protection Act and is funded by securities registration fees.</p><p>(Sec. 30004) This section provides additional funding of $1 billion to carry out activities under the Defense Production Act of 1950. The act confers on the President a broad set of authorities to influence domestic industry in the interest of national defense, such as requiring industries to accept contracts for national defense purposes.&nbsp;</p><p>TITLE IV--COMMITTEE ON COMMERCE, SCIENCE, AND TRANSPORTATION</p><p>(Sec. 40001) This section provides the Coast Guard with over $24.5 billion in additional funds for FY2025, to remain available through FY2029, to use expedited processes to (1) procure or acquire new operational assets and&nbsp;systems; (2) maintain existing assets and systems; (3) design, construct, plan, engineer, and improve necessary shore infrastructure; and (4) enhance operational resilience for monitoring, search and rescue, interdiction, hardening of maritime approaches, and navigational safety.</p><p>This includes specified funds for various cutters and other programs. Cutters are Coast Guard vessels that are more than 65 feet long and have accommodations for a crew. (Those less than 65 feet long are called boats.)</p><p>This title includes&nbsp;specified funds for</p><ul><li>fixed and rotary wing aircraft,</li><li>long-range unmanned aircraft and base stations,</li><li>Offshore Patrol Cutters,</li><li>Fast Response Cutters,</li><li>Polar Security Cutters,</li><li>Arctic Security Cutters,</li><li>light and medium&nbsp;icebreaking cutters,</li><li>shore facilities, and</li><li>depot maintenance.</li></ul><p>(Sec. 40002) This section renews the authority of the Federal Communications Commission (FCC) to auction licenses for the use of radio frequency spectrum and requires the FCC to auction at least 800 megahertz of spectrum within a specified time frame.</p><p>Specifically, this section reauthorizes the FCC’s use of competitive bidding (i.e., auctions) to grant licenses for the use of specific frequencies through September 30, 2034. (The FCC’s auction authority must be renewed by Congress periodically. It expired on March 9, 2023, and has not been renewed.)&nbsp;However, the FCC is not authorized to auction certain frequencies used primarily by the Department of Defense.</p><p>During this period of renewed auction authority, the FCC is required to auction at least 300 megahertz of spectrum, including at least 100 megahertz in specified frequencies (known as the Upper C-Band) within two years of this title’s enactment.</p><p>Further, within four years of this title’s enactment, the National Telecommunications and Information Administration (NTIA) must identify 500 megahertz of additional&nbsp;spectrum currently allocated to the federal government for reallocation and auction.</p><p>Specifically, the NTIA must select spectrum&nbsp;at frequencies between 1.3 and 10.5 gigahertz for reallocation to nonfederal use or shared federal use for full-power commercial licensed use cases (e.g., commercial mobile phone service). In selecting spectrum for reallocation, the NTIA must assess the feasibility of reallocating specific frequencies with the goal of maximizing auction proceeds.</p><p>The FCC must auction the frequencies identified for reallocation within a specified time frame, and must complete auctions for the full 500 megahertz within eight years of this title’s enactment.&nbsp;</p><p>If necessary to protect U.S. national security, the President must modify or withdraw any frequency identified for reallocation at least 60 days before an auction of that frequency.</p><p>Finally, this section provides funding for the NTIA to conduct a timely spectrum analysis of certain frequency bands and to publish reports, biennially through 2034, on the value of all spectrum used by federal entities.</p><p>(Sec. 40003) This section provides the Federal Aviation Administration (FAA) with $12.52 billion in&nbsp;additional funds for FY2025, to remain available through FY2029, for the acquisition, construction, sustainment, and improvement of facilities and equipment necessary to improve or maintain aviation safety. This includes&nbsp;$4.75 billion for telecommunications infrastructure modernization and systems upgrades and $3 billion for&nbsp;radar systems replacement.</p><p>This&nbsp;also includes specified funds for&nbsp;</p><ul><li>runway safety technologies, runway lighting systems, and airport surface surveillance technologies;</li><li>Automated Weather Observing Systems and Visual Weather Observing Systems;</li><li>the Don Young Alaska Aviation Safety Initiative;</li><li>a new air route traffic control center (ARTCC) and an&nbsp;ARTCC Realignment and Consolidation Effort;</li><li>recapitalization and consolidation of terminal radar approach control facilities (TRACONs);</li><li>the deployment of remote tower technology at untowered airports; and</li><li>air traffic controller advanced training technologies.</li></ul><p>The FAA must submit a report to Congress every 90 days on these expenditures.</p><p>(Sec. 40004) This section requires the FAA to impose a specified fee on each commercial space launch or reentry carried out beginning in 2026.&nbsp;</p><p>This section also establishes an account within the U.S. Treasury wherein all commercial space launch and reentry fees must be deposited. The FAA must use a certain portion of such funds for (1) expenses of the FAA’s Office of Commercial Space Transportation, which administers commercial space launch and reentry permitting; and (2) a project to expedite the development, acquisition, and deployment of technologies or capabilities to aid in space launch and reentry integration.</p><p>(Sec. 40005) This section provides&nbsp;$9.995 billion to the National Aeronautics and Space Administration (NASA) for Moon and Mars missions, infrastructure improvements at NASA facilities, and other NASA projects.</p><p>Specifically, this section includes funding for the procurement of a high-performance Mars telecommunications orbiter; for the procurement and operation of the Space Launch System for Artemis missions IV and&nbsp;V; and for expenses related to the operation and eventual deorbiting of the International Space Station.</p><p>This section also requires NASA to identify a space vehicle that has carried astronauts and flown in space to be relocated and placed on public display near a NASA field center. The space vehicle must be transported to this new location within 18 months of this title’s enactment. This section provides funding to NASA to carry out this requirement, including certain funds that must be transferred to a selected entity for the construction of a facility to house the space vehicle.</p><p>(Sec. 40006) This section effectively eliminates the civil penalty for a violation by a manufacturer of the Corporate Average Fuel Economy (CAFE) standards and the ability of the National Highway Traffic Safety Administration (NHTSA) to enforce the standards. Under current law, NHTSA’s&nbsp;CAFE standards regulate how far vehicles must travel on a gallon of fuel. NHTSA enforces the standards through civil penalties. This section sets the civil penalty to $0 for a violation by a manufacturer of the CAFE standards.</p><p>(Sec. 40007) This section increases the amount of the lease payment that the Metropolitan Washington Airports Authority (MWAA) must pay&nbsp;to the federal government for Ronald Reagan Washington National Airport and Washington Dulles International Airport.&nbsp;</p><p>Specifically, MWAA must pay $15 million per year (adjusted annually for inflation) beginning in&nbsp;2027. This amount must be renegotiated at least once every 10 years to ensure that the amount is not less than $15 million in 2027 dollars. Under current law,&nbsp;for 2025, the projected payment is approximately $7.5 million.</p><p>(Sec. 40008) This section rescinds specified funds that were provided to the National Oceanic and Atmospheric Administration (NOAA) for certain facilities, activities, and research.</p><p>Specifically, this section rescinds funds that were provided to&nbsp;NOAA for (1) the provision of financial or technical assistance to coastal states and other entities for conservation, restoration, and protection of coastal and marine habitats and to enable preparation for extreme weather; (2) NOAA facilities, including piers, fisheries laboratories, and national marine sanctuaries; (3) reviews of planning, permitting, and approval processes; and (4) weather research and forecasting innovations, including a grant program to support climate research.</p><p>(Sec. 40009) This section reduces funding for the&nbsp;Corporation for Travel Promotion (i.e.,&nbsp;Brand USA) to $20 million per year through FY2027 from the current level of $100 million per year. Established by the Travel Promotion Act of 2009, Brand USA is a public-private partnership tasked with promoting tourism in the United States.</p><p>(Sec. 40010) This section rescinds the unobligated balances for the FAA Alternative Fuel and Low-Emission Aviation Technology Program, which includes the Fueling Aviation’s Sustainable Transition (FAST) program, that was funded as part of the Inflation Reduction Act of 2022. The purpose of the program is to provide competitive grants for projects located in the United States that (1) produce, transport, blend, or store sustainable aviation fuel; or (2) develop, demonstrate, or apply low-emission aviation technologies.</p><p>(Sec. 40011) This section rescinds specified funds that were provided for the Public Wireless Supply Chain Innovation Fund, a competitive grant program administered by the National Telecommunications and Information Administration that funds efforts to accelerate the development, deployment, and adoption of Open Radio Access Networks (Open RAN). (Radio Access Networks connect individual user devices [e.g., cell phones and laptops] to broader telecommunications networks. Open RAN is a nonproprietary, standardized approach that aims to allow all hardware and software in a cellular network to interoperate, regardless of manufacturer or vendor.)</p><p>TITLE V--COMMITTEE ON ENERGY AND NATURAL RESOURCES&nbsp;</p><p>Subtitle A--Oil and Gas Leasing&nbsp;</p><p>(Sec. 50101) This section generally reduces restrictions on onshore development of oil and gas on federal lands, including by (1) decreasing the minimum royalty rates paid by oil and gas companies, (2) reinstating noncompetitive leasing, (3) directing the Department of the Interior to immediately resume onshore quarterly lease sales in specified states, and (4) directing Interior to approve applications that allow for the commingling of production from two or more sources (e.g., the area of an oil and gas lease and nonfederal property) before production reaches the point where the volume and quality of the substances are measured for royalty payment purposes if certain conditions are met.&nbsp;</p><p>(Sec. 50102) This section generally reduces restrictions on offshore development of oil and gas on federal lands, including by directing Interior to hold a specified number of offshore oil and gas lease sales on certain submerged lands of the Outer Continental Shelf (OCS), including areas in the Gulf of America and the Cook Inlet Planning Area in Alaska.</p><p>This section also directs Interior to approve operator requests to commingle production from multiple reservoirs within a single wellbore completed on the OCS of the Gulf of America unless conclusive evidence shows the practice would be unsafe or reduce the recovery of oil.</p><p>Further, this section decreases the minimum royalty rates for federal leases for offshore development of oil and gas.</p><p>This section also&nbsp;modifies the Gulf of Mexico Energy Security Act of 2006 to raise the cap on the distribution of OCS revenues to oil and gas producing Gulf states (i.e., Alabama, Louisiana, Mississippi, and Texas) and the Land and Water Conservation Fund state assistance program from $500 million to $650 million per year for FY2025-FY2034.</p><p>(Sec. 50103) This section ends the practice of assessing royalties on gas&nbsp;extracted from federal lands that was consumed or lost by venting, flaring, or through negligent releases (e.g, extracted methane).&nbsp;</p><p>(Sec. 50104) This section modifies provisions concerning the production of oil and gas from the Arctic National Wildlife Refuge (ANWR) in Alaska,&nbsp;particularly by directing&nbsp;Interior to conduct at least four lease sales under the Coastal Plain Oil and Gas Leasing Program in ANWR not later than 10 years after enactment. Additionally, it outlines how the revenues derived from the program must be divided between Alaska and the federal government.&nbsp;</p><p>(Sec. 50105) This section requires at least five lease sales under the National Petroleum Reserve-Alaska (NPR-A) oil and gas program&nbsp;not later than 10 years after enactment. It also outlines how the revenues derived from the program must be divided between Alaska and the federal government.</p><p>Subtitle B--Mining&nbsp;</p><p>(Sec. 50201) This section directs Interior, within 90 days after enactment,&nbsp;to publish an environmental review, hold certain coal lease sales, and issue the leases for certain coal lease applications that are pending as of enactment or are submitted within 90 days.</p><p>(Sec. 50202) This section&nbsp;decreases through September 30, 2034, the royalty rate for coal leases on federal lands.</p><p>(Sec. 50203) This section requires Interior to make available for lease known recoverable coal resources of at least 4 million additional acres on federal land, not including federal land located in areas such as&nbsp;a National Conservation Area.</p><p>(Sec. 50204) This section authorizes mining of all federal coal reserves located in federal land subject to a previously approved mining plan and adjacent to coal reserves in adjacent state or private lands.&nbsp;</p><p>Subtitle C--Lands&nbsp;</p><p>(Sec. 50301) This section directs the Forest Service to annually, beginning in FY2026 and through FY2034, sell a quantity of timber on National Forest System land that is at least 250 million board feet greater than the quantity that was sold in the previous fiscal year, subject to forest plan limits.&nbsp;</p><p>The Forest Service must annually enter into at least 40 20-year or longer contracts for the sale of national forest materials for FY2025-FY2034.&nbsp;</p><p>The Bureau of Land Management (BLM) must annually, beginning in FY2026 and through FY2034, sell a quantity of timber on public land that is at least 20 million board feet greater than the quantity that was sold in the previous fiscal year, subject to resource management plan limits.</p><p>This section also directs the BLM to annually enter into at least five 20-year or longer contracts to dispose of vegetative materials on certain federal lands for FY2025-FY2034.&nbsp;</p><p>(Sec. 50302) This section establishes fees and authorities related to renewable energy projects on federal lands, including by providing statutory authority for annual acreage rent for wind and solar rights-of-way.</p><p>(Sec. 50303) This section provides a mechanism for states, counties, and the federal government to share revenues from renewable energy projects on public lands.</p><p>(Sec. 50304) This section rescinds certain funding for Interior to carry out projects concerning the conservation, protection, and resiliency of lands and resources administered by the National Park Service (NPS) and the BLM.</p><p>This section also rescinds funding for conservation and ecosystem and habitat restoration projects on lands administered by the NPS and the BLM.</p><p>This section also rescinds funding for&nbsp;hiring NPS employees.</p><p>(Sec. 50305) This section provides $150 million in fundin to the&nbsp;NPS for events, celebrations, and activities related to the 250th anniversary of America’s founding.</p><p>Subtitle D--Energy&nbsp;</p><p>(Sec. 50401) This section provides $389 million in funding for the Strategic Petroleum Reserve (SPR). It also repeals a provision that requires the Department of Energy (DOE) to draw down and sell a specified quantity of crude oil from the SPR during FY2026-FY2027.&nbsp;</p><p>(Sec. 50402) This section reinstates the cap on the total amount of loans that may be provided under the Advanced Technology Vehicles Manufacturing Loan Program, a DOE program that provides loans to facilities that manufacture vehicles that emit either a low amount or no amount of greenhouse gases.</p><p>This section also rescinds the unobligated funds that were provided by the Inflation Reduction Act for various energy programs, such as State-Based Home Energy Efficiency Contractor Training Grants, the Advanced Technology Vehicles Manufacturing Loan Program, and the Tribal Energy Loan Guarantee Program.</p><p>(Sec. 50403) This section revises the types of projects eligible for energy infrastructure reinvestment financing. In particular, this financing is eliminated for projects that avoid or reduce air pollutants or greenhouse gas (GHG) emissions. Additionally, fossil fuel projects under this program are no longer required to have controls or technologies to avoid or reduce air pollutants or GHG emissions.&nbsp;</p><p>This section expands the program to include projects involving critical minerals. Projects that support or enable the provision of known or forecastable electric supply at time intervals necessary to maintain or enhance grid reliability or other system adequacy needs are also now eligible for this financing. This section also provides an additional $1 billion in funding for the program.&nbsp;</p><p>(Sec. 50404) This section provides funding for partnerships between the National Laboratories and U.S. industry to organize DOE data for use in artificial intelligence and machine learning models. DOE must also initiate seed efforts for self-improving artificial intelligence models for science and engineering using this data. These models must be provided to the scientific community through a system of programs and infrastructure using cloud computing.&nbsp;This section also allows this data to be used to develop next-generation microelectronics.</p><p>Subtitle E--Water</p><p>(Sec. 50501) This section provides $1 billion in funding to the Bureau of Reclamation for construction and associated activities that increase the capacity of existing Reclamation surface water storage facilities or conveyance facilities.</p><p>TITLE VI--COMMITTEE ON ENVIRONMENT AND PUBLIC WORKS</p><p>Among other provisions, this title&nbsp; repeals and rescinds funding provided under the Inflation Reduction Act of 2022 for a variety of environmental programs.</p><p>(Sec. 60001) This section rescinds unobligated funds for the program under which the Environmental Protection Agency (EPA) provides (1) grants and rebates to replace certain medium-duty vehicles (e.g., school buses) and heavy-duty vehicles (e.g., garbage trucks) with zero-emission vehicles, and (2) awards to replace such vehicles in communities located in areas designated as nonattainment areas under the Clean Air Act (e.g., areas that do not meet national air quality standards).</p><p>(Sec. 60002) This section repeals and rescinds unobligated funds for the Greenhouse Gas Reduction Fund, which provides financial and technical assistance to states and other eligible recipients to help enable low-income and disadvantaged communities carry out activities to reduce greenhouse gas emissions.</p><p>(Sec. 60003) This section rescinds unobligated funds for an EPA program that gives grants, rebates, and loans under the Energy Policy Act of 2005 to identify and reduce diesel emissions resulting from goods movement (e.g., distribution of raw materials and consumer products) facilities as well as vehicles servicing those facilities in low-income and disadvantaged communities.</p><p>(Sec. 60004) This section rescinds unobligated funds for a variety of programs that provide incentives to monitor and reduce air pollution and greenhouse gases, including funding for grants and other activities to</p><ul><li>deploy, integrate, support, and maintain stations, technology, and other methods to monitor air toxins;</li><li>expand the national ambient air quality monitoring network with new multi-pollutant monitoring stations;</li><li>replace, repair, operate, and maintain existing monitors;</li><li>deploy, integrate, and operate air quality sensors in low-income and disadvantaged communities;</li><li>address emissions from wood heaters;</li><li>monitor emissions of methane;</li><li>conduct research and development related to the prevention and control of air pollution; and</li><li>encourage states to adopt and implement greenhouse gas and zero-emission standards for mobile sources (e.g., vehicles).</li></ul><p>(Sec. 60005) This section rescinds&nbsp;unobligated funds provided for grants and other activities to monitor and reduce greenhouse gas emissions and other air pollutants at schools in low-income and disadvantaged communities. Further, it rescinds funding for technical assistance to schools in low-income and disadvantaged communities to (1) address environmental issues; (2) develop school environmental quality plans that include standards for school building, design, construction, and renovation; and (3) identify and mitigate ongoing air pollution hazards.</p><p>(Sec. 60006) This section rescinds unobligated funds for a low emissions electricity program that provides education, technical assistance, and outreach to reduce greenhouse gas emissions that result from domestic electricity generation and use.</p><p>(Sec. 60007) This section rescinds unobligated funds provided under the EPA’s Renewable Fuel Standard Program for</p><ul><li>the development and establishment of tests and protocols regarding the environmental and public health effects of a fuel or fuel additive;</li><li>the collection and analysis of data to update applicable regulations, guidance, and procedures for determining the amount of greenhouse gas emissions from a fuel over the fuel's life cycle (e.g., production, processing, transport);</li><li>the review, analysis, and evaluation of the impacts of all transportation fuels on the public as well as on low-income and disadvantaged communities; and</li><li>supporting investments in advanced biofuels.</li></ul><p>(Sec. 60008) This section rescinds unobligated funding for implementing the American Innovation and Manufacturing Act of 2020, which directs the EPA to limit hydrofluorocarbons (HFCs). HFCs are greenhouse gases that are used in applications such as air conditioning, refrigeration, fire suppression, and aerosols.</p><p>(Sec. 60009) This section rescinds unobligated funding for updating the EPA's Integrated Compliance Information System and any associated systems, necessary information technology infrastructure, or public access software tools to ensure access to compliance data and related information. Further, it also rescinds funding for grants to states, Indian tribes, and air pollution control agencies to update their systems to ensure communication with EPA’s system. Finally, it rescinds funding to the EPA for updating inspection software or acquiring such software or devices on which to run the software.</p><p>(Sec. 60010) This section rescinds unobligated funding provided for the EPA to support (1) enhanced standardization and transparency of corporate climate action&nbsp;commitments and plans to reduce greenhouse gas emissions; (2) enhanced transparency regarding progress toward meeting such commitments and implementing such plans; and (3) progress toward meeting such commitments and implementing such plans.</p><p>(Sec. 60011) This section rescinds unobligated funding for the EPA program that supports the development, enhanced standardization and transparency, and reporting criteria for environmental product declarations that include measurements of the greenhouse gases associated with the lifecycle—or all the relevant stages of production, use, and disposal—of&nbsp;construction materials and products.</p><p>(Sec. 60012) This section rescinds unobligated funding for the methane emissions reduction program under which the EPA provides financial incentives to encourage the reporting of greenhouse gases, the monitoring of methane, and the reduction of methane emissions from petroleum and natural gas systems. The section also postpones to calendar year 2034 the EPA’s fee on methane emissions that exceed certain thresholds.</p><p>(Sec. 60013) This section rescinds unobligated funding for the EPA program that awards grants to states, air pollution control agencies, municipalities, and Indian tribes for developing and implementing plans to reduce greenhouse gas air pollution.</p><p>(Sec. 60014) This section rescinds unobligated funding for the EPA’s provision of efficient, accurate, and timely reviews, including</p><ul><li>developing efficient, accurate, and timely reviews for permitting and approval processes through the hiring and training of personnel;</li><li>developing programmatic documents;</li><li>procuring technical or scientific services"
,,,,,"for reviews;</li><li>developing environmental data or information systems;</li><li>engaging stakeholders;</li><li>purchasing new equipment for environmental analysis; and</li><li>developing geographic information systems and other analysis tools, techniques, and guidance to improve agency transparency, accountability, and public engagement.</li></ul><p>(Sec. 60015) This section rescinds&nbsp;unobligated funds for a program under which the EPA identifies and labels construction materials and products that have substantially lower levels of greenhouse gas emissions associated with all the relevant stages of production, use, and disposal of the materials and products.</p><p>(Sec. 60016) This section rescinds unobligated funding for environmental and climate justice block grants that benefit disadvantaged communities.</p><p>(Sec. 60017) This section rescinds unobligated funding for developing and implementing recovery plans under the Endangered Species Act.</p><p>(Sec. 60018) This section rescinds unobligated funding for the Council on Environmental Quality, including funding for (1) collecting data related to environmental and climate issues, (2) tracking disproportionate burdens and cumulative impacts, and (3) supporting efforts to ensure that any mapping or screening tool is accessible to community-based organizations and community members.</p><p>(Sec. 60019) This section rescinds the unobligated balances for the Neighborhood Access and Equity Grant Program of the Federal Highway Administration (FHWA). Under the program, the FHWA&nbsp;provides grants to&nbsp;states, local governments, and certain other entities for (1) improving&nbsp;walkability, safety, and affordable transportation access; (2) mitigating or remediating environmental impacts from surface transportation facilities in disadvantaged communities; and (3) planning and capacity building activities related to&nbsp;pollution assessment and transportation equity in disadvantaged communities.</p><p>(Sec. 60020) This section rescinds the unobligated funding provided to the Federal Buildings Fund for the conversion of General Services Administration (GSA) facilities to high-performance green buildings.</p><p>(Sec. 60021) This section rescinds the unobligated funding provided to the Federal Buildings Fund for acquiring and installing low-carbon (i.e., greenhouse gases)&nbsp;materials and products&nbsp;in the construction of federal buildings.</p><p>(Sec. 60022) This section rescinds the unobligated funding for the emerging and sustainable technology program of the GSA.</p><p>(Sec. 60023) This section rescinds the unobligated funding for the Environmental Review Implementation Funds of the FHWA.</p><p>(Sec. 60024) The section rescinds the unobligated funding for the FHWA's Low Carbon Transportation Materials Grants program. Under the program, FHWA provides grants to states, local governments, and other entities to use, in certain projects,&nbsp;construction materials and products with low levels of greenhouse gases in their&nbsp;lifecycles.</p><p>(Sec. 60025) This section provides $257 million for the John F. Kennedy Center for the Performing Arts in Washington, DC, for FY2025, to remain available until September 30, 2029. This funding is for capital repair, restoration, the maintenance backlog, and security structures of the building and site.</p><p>(Sec. 60026) This section modifies the environmental review process under the National Environmental Policy Act of 1969 (NEPA) to allow a project sponsor to pay a fee to&nbsp;expedite&nbsp;completion of an environmental assessment (EA) or environmental impact statement (EIS).</p><p>TITLE VII--FINANCE</p><p>Subtitle A--Tax</p><p>Chapter 1--Providing Permanent Tax Relief for Middle-Class Families and Workers</p><p>This chapter makes permanent multiple individual federal tax provisions enacted in 2017 by the Tax Cuts and Jobs Act.</p><p>Below is a summary of provisions in this chapter.</p><p>(Sec. 70101) This section makes permanent the individual tax rates of 10%, 12%, 22%, 24%, 32%, 35%, and 37%&nbsp;and the estate and trust tax rates of 10%, 24%, 35%, and 37%.</p><p>(Sec. 70102) This section permanently increases the base standard deduction amount to $15,750 for single filers, $23,625 for individuals who file as head of the household, and $31,500 for married individuals filing jointly (adjusted annually for inflation).</p><p>(Sec. 70103) This section permanently repeals the personal exemption tax deduction for most taxpayers and establishes a temporary (for 2025-2028) personal exemption tax deduction of up to $6,000 for individuals who are 65 years or older (subject to income limitations and identification requirements).</p><p>(Sec. 70104) This section increases the maximum amount of the child tax credit to $2,200 per qualifying child (beginning in 2025) and provides that such amount is to be annually adjusted for inflation beginning in 2026.</p><p>This section also makes permanent the</p><ul><li>phase out of the child tax credit (including the $500 nonrefundable tax credit for dependents) for individuals with a modified adjusted gross income exceeding $200,000 (or $400,000 for joint filers),</li><li>$500 nonrefundable child tax credit for each dependent (who is not a qualifying child), and</li><li>refundable portion of the child tax credit for taxpayers who meet certain requirements.</li></ul><p>Further, this section extends the child tax credit identification requirements applicable to qualifying children and expands such identification requirements to include the taxpayer and taxpayer’s spouse (if filing jointly). Beginning in 2025, under this section, a taxpayer must provide a work-eligible Social Security number for themselves, for their spouse (if filing jointly), and for each qualifying child.</p><p>(Sec. 70105) This section makes permanent the qualified business income (QBI) tax deduction, expands the phase-in range of the limitations on the QBI tax deduction to $75,000 for non-joint returns&nbsp;and $150,000 for joint filers (from $50,000 for non-joint returns and $100,000 for joint filers), and establishes a minimum QBI tax deduction of $400 for certain taxpayers.</p><p>(Sec. 70106) This section increases the base estate tax, gift tax, and generation-skipping transfer tax exemption amount after 2025 to $15 million (from $5 million), adjusted for inflation.</p><p>(Sec. 70107) This section makes permanent the increased alternative minimum tax exemption amounts and reduces the alternative minimum taxable income threshold amount to $500,000 ($1 million for joint filers) at which the exemption amounts begin to phase out (adjusted annually for inflation beginning in 2026). (For 2025, the alternative minimum taxable income threshold amounts are $626,350 or $1,252,700 for joint filers, as adjusted for inflation.)</p><p>Further, this section increases the percentage rate to 50% (from 25%) at which the alternative minimum tax exemption amount is phased out for individuals whose taxable income exceeds such threshold amount.</p><p>(Sec. 70108) This section makes permanent the limit on the itemized tax deduction for home mortgage interest enacted in 2017 by the Tax Cuts and Jobs Act. Thus, under this section, taxpayers who itemize their tax deductions may deduct interest paid on the first $750,000 (or $375,000 for married individuals filing separately) of mortgage debt. As background, for tax years prior to 2018, an itemized tax deduction was allowed for interest paid on the first $1 million of mortgage debt&nbsp;(or the first $500,000 for married individuals filing separately).</p><p>This section also allows certain mortgage insurance premiums to be included in the itemized tax deduction for home mortgage interest.</p><p>(Sec. 70109) This section makes permanent a provision that limits the itemized tax deduction for unreimbursed personal casualty losses to such losses associated with a federally declared disaster. (As background, for tax years before 2018, the itemized tax deduction for unreimbursed personal casualty and theft losses was not restricted to such losses associated with a federally declared disaster.)</p><p>However, this section also expands the itemized tax deduction to include unreimbursed personal casualty losses attributable to certain state declared disasters.</p><p>(Sec. 70110) This section permanently eliminates the itemized tax deduction for most miscellaneous expenses.&nbsp;However, under this section, an itemized tax deduction for miscellaneous expenses is allowed for&nbsp;certain unreimbursed expenses incurred by teachers and other school personnel. Specifically, an itemized tax deduction is allowed for expenses incurred&nbsp;for books, supplies, and certain other expenses incurred by an individual who is (for at least 900 hours during the school year) a K-12 teacher, instructor, counselor, principal, school aide, interscholastic sports administrator, or coach.</p><p>(Sec. 70111) This section replaces the overall limitation on itemized tax deductions applicable for 2025 and after (commonly known as the Pease limitation) with a modified limitation on itemized tax deductions.</p><p>Under this section, beginning in 2026, a taxpayer’s itemized tax deductions are reduced by 2/37 of the lesser of (1) the taxpayer’s itemized tax deductions, or (2) the amount of the taxpayer’s taxable income (including the full amount of any itemized tax deductions) that exceeds the dollar amount at which the 37% federal income tax rate bracket (applicable to the taxpayer) begins.</p><p>(Sec. 70112) This section permanently eliminates the exclusion from gross income of reimbursements paid by an employer to an employee for expenses incurred to purchase, improve, repair, and store a bicycle that is regularly used to travel between the employee’s residence and place of work (qualified bicycle expenses). (Prior to 2018, employees could exclude reimbursements of up to $20 per month paid by an employer for qualified bicycle expenses as a qualified transportation fringe benefit. The exclusion from gross income for qualified bicycle expenses was temporarily eliminated for 2018-2025 by the Tax Cuts and Jobs Act.)</p><p>(Sec. 70113) This section permanently eliminates for most individuals the above-the-line tax deduction for moving expenses incurred to begin working in a new location. However, under this section, the tax deduction for moving expenses incurred to begin working in a new location is retained for certain active-duty members of the Armed Forces and expanded to include certain members of the intelligence community. (As background, prior to 2018, an above-the-line tax deduction was allowed for reasonable moving expenses incurred by an employee or self-employed individual to begin working in a new location if certain requirements are met. The tax deduction for reasonable moving expenses was eliminated through 2025, by the Tax Cuts and Jobs Act, for individuals other than for certain members of the Armed Forces.)</p><p>(Sec. 70114) This section makes permanent and further expands the limit on the itemized tax deduction for wagering losses.&nbsp;</p><p>Specifically, under this section, wagering losses permanently includes expenses incurred in carrying on wagering transactions that would otherwise be deductible (e.g., travel to and from a casino). Thus, expenses incurred in carrying on wagering transactions may be deducted only to the extent that such expenses (in addition to any other wagering losses) are offset by gains from wagering that are included in gross income. &nbsp;&nbsp;</p><p>This section further limits the tax deduction for wagering losses to 90% (from 100%) of the amount of wagering gains included in gross income. &nbsp;</p><p>(Sec. 70115) This section permanently allows the designated beneficiary of an Achieving a Better Life Experience (ABLE) account to make additional contributions to their ABLE account (subject to certain requirements and limitations) that are subject to an increased&nbsp;contribution limit.</p><p>This section also increases the contribution limit to an ABLE account by adding one additional year to the annual adjustment for the cost of living.</p><p>(Sec. 70116) This section permanently extends the qualified retirement savings contribution tax credit for contributions made to an ABLE account by the account’s designated beneficiary. Further, this section increases the maximum amount of the tax credit to $2,100 (from $2,000). &nbsp;</p><p>(Sec. 70117) This section makes permanent the provision that allows nontaxable rollovers from a qualified tuition program (529 plan) to an ABLE account, subject to certain requirements.&nbsp;</p><p>(Sec. 70118) This section permanently treats a qualified hazardous duty area as a combat zone for purposes of determining eligibility for certain federal tax benefits available to members of the Armed Forces. (As background, multiple federal tax benefits are available to members of the&nbsp;Armed Forces serving in a combat zone, including an exclusion from gross income of certain military pay, an extension of time to file income tax returns, and special estate tax rules.) &nbsp;</p><p>This section also makes permanent the designation of the Sinai Peninsula as a hazardous duty area and expands such designation to include&nbsp;Kenya, Mali, Burkina Faso, and Chad.</p><p>(Sec. 70119) This section extends the exclusion from gross income for the discharge of student loan debt due to the death or total and permanent disability of the student. However, under this section, the student must provide a work-eligible Social Security number to be eligible for the exclusion.</p><p>(Sec. 70120) This section temporarily increases the limit on the federal tax deduction for state and local taxes (commonly known as the SALT deduction cap) and&nbsp;phases out the tax deduction for individuals with a modified adjusted gross income exceeding a certain threshold amount.</p><p>Specifically, the SALT deduction cap increases in 2025 to $40,000 from $10,000 (or to $20,000 from $5,000 for married individuals filing separately). The SALT deduction cap increases in 2026 to $40,400 ( $20,200 for married individuals filing separately) and, then, by 1% each year after 2026, through 2029. In 2030, under this section, the SALT deduction cap reverts to $10,000 (or&nbsp;$5,000 for married individuals filing separately).</p><p>Further, under this section, the amount of state and local taxes allowed as a federal tax deduction is reduced (but not below $10,000 or $5,000 for married individuals filing separately) by 30% of the amount that an individual’s modified adjusted gross income exceeds the threshold amount. The threshold amount in 2025 is $500,000 ( $250,000 for married individuals filing separately). The threshold amount increases in 2026 to $505,000 ($252,500 for married individuals filing separately) and, then, increases by 1% each year after 2026, through 2029.</p><p>Chapter 2--Delivering on Presidential Priorities to Provide New Middle-Class Tax Relief</p><p>This chapter establishes new tax deductions for qualified tips, qualified overtime, and some interest paid on a passenger vehicle loan. This chapter also establishes a new type of tax-advantaged account, called a Trump account.</p><p>Below is a summary of the provisions in this chapter.</p><p>(Sec. 70201) This section establishes a new above-the-line tax deduction, through 2028, of up to $25,000 for qualified tip income, which begins to phase out for individuals whose modified adjusted gross income exceeds $150,000 ($300,000 for joint filers). (Above-the-line deductions are subtracted from gross income to calculate adjusted gross income.)</p><p>To be eligible for the tax deduction for qualified tip income, individuals must provide a work-eligible Social Security number for themselves and, if married, must file a joint federal tax return.</p><p>(Sec. 70202) This section establishes a new above-the-line tax deduction, through 2028, of up to $12,500 ($25,000 for joint filers) for qualified overtime compensation, which begins to phase out for individuals whose modified adjusted gross income exceeds $150,000 ($300,000 for joint filers).</p><p>To be eligible for the tax deduction for qualified tip income, individuals must provide a work-eligible Social Security number for themselves and, if married, must file a joint federal tax return.</p><p>(Sec. 70203) This section establishes a new tax deduction of up to $10,000 for interest paid on indebtedness incurred in 2025 through 2028 to buy a passenger vehicle (for personal use and subject to certain requirements). The tax deduction phases out for taxpayers with modified adjusted gross income that exceeds $100,000 (or $200,000 for joint filers).</p><p>(Sec. 70204) This section establishes a new type of tax-advantaged account, called a Trump account, which is an individual retirement account (IRA) (but not a Roth IRA) for individuals under 18 years old. Up to $5,000 (adjusted for inflation) may be contributed to a Trump account in each year before the account beneficiary reaches the age of 18 years old. (Certain rollovers and qualified general contributions do not count towards the annual contribution limit.)</p><p>Distributions from a Trump account may be made once the account beneficiary reaches the age of 18 years old. (Some exceptions apply.)</p><p>This section also authorizes a one-time federal government deposit of $1,000 into a Trump account for individuals born after December 31, 2024 and before January 1, 2029 (subject to certain other requirements).</p><p>Chapter 3--Establishing Certainty and Competitiveness for American Job Creators</p><p>Subchapter A--Permanent U.S. Business Tax Reforms and Boosting Domestic Investment</p><p>This subchapter makes a number of changes to business-related federal tax provisions.</p><p>Below is a summary of provisions in this subchapter.</p><p>(Sec. 70301) This section permanently extends 100% bonus depreciation for property acquired and placed into service (and for certain plants planted or grafted) on or after January 19, 2025. (Bonus depreciation generally allows a business to deduct either the full cost or a large percentage of the cost of qualified property in the year that the property is placed into service, rather than depreciating such costs over a period of time.)</p><p>(Sec. 70302) This section allows taxpayers to deduct domestic research and experimental expenses in the year such expenses are incurred (rather than requiring taxpayers to capitalize and amortize such expenses over 5 years or, if elected, over 10 years). However, under this section, taxpayers must continue to capitalize and amortize over a 15-year period foreign research and experimental expenses.</p><p>Under this section, taxpayers may elect to capitalize and amortize over at least 60 months domestic research and experimental expenses. (Some exclusions apply.)</p><p>Further, under this section (1) small business taxpayers (with average annual gross receipts of $31 million or less) may claim a tax deduction for domestic research and experimental expenses retroactively to tax years beginning after December 31, 2021, and (2) taxpayers may elect to accelerate amortization attributable to domestic research and experimental expenditures paid or incurred after December 31, 2021 and before January 1, 2025.</p><p>(Sec. 70303) This section reinstates the exclusion of the tax deduction for depreciation, amortization, or depletion from the calculation of adjusted taxable income for purposes of the limitation on the tax deduction for interest expenses for tax years beginning after December 31, 2024.</p><p>This section also expands the exclusion of interest on floor plan financing from the limit on the tax deduction for business interest expenses to include interest on floor plan financing of any camper or trailer designed to (1) provide temporary living quarters for recreational, camping, or seasonal use; and (2) be towed by, or affixed to, a motor vehicle.</p><p>(Sec. 70304) This section makes permanent the business tax credit for paid family and medical leave and allows employers to base the tax credit on certain wages or premiums paid.</p><p>Specifically, under this section, an eligible employer may claim a tax credit beginning in 2026, as part of the general business tax credit, for up to 25% of either (1) wages paid to qualifying employees during any period that such employees are on family and medical leave, or (2) the total amount of premiums paid or incurred for insurance policies that provide paid family and medical leave for employees. (As background, for 2018-2025, an eligible employer may claim a tax credit as part of the general business tax credit for up to 25% of wages paid to qualifying employees during any period that such employees are on family and medical leave.)</p><p>(Sec. 70305) This section provides multiple exceptions to the limitation imposed on the tax deduction for employer-provided meals.&nbsp;</p><p>Specifically, an employer generally may not deduct certain expenses paid or incurred after 2025 for (1) providing food or beverages to employees through an eating facility (operated by the employer for employees) that meets the de&nbsp;minimis requirements for fringe benefits (e.g., office snacks and coffee), or (2) meals provided by the employer for the convenience of the employer on the employer’s premises to employees and their spouses and dependents. (As background, de minimis fringe benefits are benefits that are so small as to make accounting for them unreasonable or impractical.)</p><p>However, under this section, an employer may continue to deduct such expenses if</p><ul><li>sold to customers (including employees) for adequate and full consideration,</li><li>required to be provided under federal law by the employer to the crew of a commercial vessel,</li><li>provided by the employer to the crew of a fishing vessel, or</li><li>provided to employees of certain fishing processing facilities in Alaska that are not located in a metropolitan area.</li></ul><p>(Sec. 70306) This section increases to $2.5 million (from $1.25 million in 2025 and adjusted annually for inflation) the maximum amount that may be deducted (expensed) for certain depreciable business assets. This section also increases to $4 million (from $3.13 million in 2025 and adjusted annually for inflation) the dollar amount at which the tax deduction begins to phase out. Both amounts continue to be annually adjusted for inflation.</p><p>(Sec. 70307) This section provides for an elective 100% depreciation allowance for nonresidential real property that is placed into service before January 1, 2031, and that meets certain other requirements. (Some limitations apply.)</p><p>(Sec. 70308) This section increases the advance manufacturing tax credit to 35% (from 25%) for property placed into service after December 31, 2025.</p><p>(Sec. 70309) This section expands the exclusion from gross income for interest on certain bonds issued by state or local governments (specifically tax-exempt facility bonds) to include interest on bonds for which at least 95% of the net proceeds are used to finance a spaceport. (Thus, spaceports are treated in the same manner as airports for purposed of the federal tax-exempt facility bond rules.)</p><p>Under this section, a spaceport is defined as any facility located at or in close proximity to a launch site or reentry site used for</p><ul><li>manufacturing, assembling, or repairing spacecraft, space cargo;</li><li>flight control operations;</li><li>providing launch services and reentry services; or</li><li>transferring crew, spaceflight participants, or space cargo to or from spacecraft.</li></ul><p>Further, this section provides that a tax-exempt facility bond is not considered federally guaranteed because an agency of the U.S. government is paying rent, fees, or charges for the use of the spaceport. (As background, state and local bonds that are federally guaranteed are not tax-exempt unless an exception applies.)</p><p>Subchapter B--Permanent America-First International Tax Reforms</p><p>Part I--Foreign Tax Credit</p><p>This part makes multiple changes to the foreign tax credit.</p><p>Below is a summary of the provisions in this part.</p><p>(Sec. 70311) This section limits the tax deductions a domestic corporate shareholder may allocate to net CFC tested income (formerly known as global intangible taxable income [GILTI] and renamed under Section 70323 of this act) for purposes of determining the limit on the foreign tax credit.&nbsp;(In this context, CFC refers to controlled foreign corporation.)</p><p>Specifically, under this section, a domestic corporation may allocate to net CFC tested income (1) the tax deduction for 40% of the net CFC tested income amount included by such corporation in gross income and amounts treated as dividends attributable to such amounts, and (2) any other deduction directly allocable to such income.</p><p>Further, under this section, interest expenses and research and development expenses paid by a domestic corporate shareholder may not be apportioned to net CFC tested income.</p><p>(Sec. 70312) This section increases the tax credit allowed to a domestic corporation for income taxes paid by a controlled foreign corporation attributable to income included by the corporation as subpart F income and net CFC tested income (formerly known as GILTI and renamed under Section 70323 of this act).&nbsp;</p><p>Under this section, for tax years beginning in 2026, a domestic corporation is allowed a foreign tax credit of up to 90% of the foreign income taxes that are paid or accrued by a controlled foreign corporation of which the domestic corporation is a shareholder and that are attributable to CFC tested income. (For tax years beginning before 2026, a domestic corporation generally is allowed a foreign tax credit of up to 80% of such foreign income taxes paid or accrued.)&nbsp;</p><p>As background, the allowance of a tax credit for only a percentage of the foreign taxes paid or accrued on net CFC tested income is also known as the foreign tax credit haircut. Thus, under this section, the foreign tax credit haircut is decreased to 10% (from 20%).</p><p>This section also applies the 10% foreign tax credit haircut to foreign income taxes paid or accrued on &nbsp;distributions of previously taxed net CFC tested income.</p><p>(Sec. 70313) This section allows a percentage of the income from the sale of certain inventory to be treated as foreign-sourced income for purposes of calculating the foreign tax credit.</p><p>Specifically, under this section, a U.S. person may treat as foreign-sourced income up to 50% of the income from the sale of inventory produced in the United States (for use outside of the United States) that is attributable to a foreign office or fixed place of business outside of the United States.&nbsp;</p><p>Part II--Foreign-Derived Deduction Eligible Income and Net&nbsp;CFC Tested Income</p><p>This part makes multiple changes to the tax deduction allowed to a domestic corporation for foreign-derived intangible income and GILTI.</p><p>Below is a summary of the provisions in the part.</p><p>(Sec. 70321) This section increases the tax deduction allowed to a domestic corporation for foreign-derived deduction eligible income (formerly known as foreign-derived intangible income and renamed under Section 70323 of this act)&nbsp;and net CFC tested income (formerly known as GILTI and renamed under Section 70323 of this act).</p><p>Under this section, for tax years beginning in 2026, a domestic corporation generally may claim a tax deduction equal to the sum of (1) 33.34% of such corporation’s foreign-derived deduction eligible income, and (2) 40% of such corporation’s net CFC tested income.</p><p>As background, for tax years beginning after 2017 and before 2026,&nbsp;a domestic corporation generally is allowed a tax deduction equal to the sum of (1) 37.5% of such corporation’s foreign-derived intangible income, and (2) 50% of such corporation’s GILTI. As enacted by the Tax Cuts and Jobs Act and prior to modification by this section, the deduction decreased starting in 2026, to the sum of (1) 21.875% of such corporation’s foreign-derived intangible income, and (2) 37.5% of such corporation’s GILTI and amounts treated as dividends attributable to such amounts.</p><p>(Sec. 70322) This section excludes gain from the sale or disposition of certain property&nbsp;from the calculation of the tax deduction for foreign-derived deduction eligible income.</p><p>Specifically, under this section, deduction eligible income (for purposes of the tax deduction for foreign-derived deduction eligible income) may not include&nbsp;gain from the sale or other disposition (including the deemed sale or other disposition) occurring after June 16, 2025, of (1) property of a type that gives rise to rents or royalties, and (2) any other property that is subject to depreciation, amortization, or depletion by the seller of such property.</p><p>Further, under this section, deduction&nbsp;eligible income must be reduced by expenses and deductions directly related to such income.</p><p>(Sec. 70323) This section eliminates the use of a domestic corporation’s deemed tangible income return in determining foreign-derived intangible income and such corporation’s net deemed tangible income return in determining GILTI. As a result, under this section, the term foreign-derived intangible income is renamed foreign-derived deduction eligible income and the term GILTI is renamed net CFC tested income.</p><p>Part III--Base Erosion Minimum Tax</p><p>This part makes changes to the base erosion and anti-abuse tax (BEAT).</p><p>Below is a summary of the provision in this part.</p><p>(Sec. 70331) This section decreases the BEAT rate to 10.5% (from 12.5%) for tax years beginning after 2025. (Prior to amendment by this section, the BEAT rate wass 10% for 2025 and 12.5% for tax years after 2025.)</p><p>Part IV--Business Interest Limitation</p><p>This part makes changes to the calculation of the limitation on the tax deduction of business interest expenses. Under current law, the tax deduction for business interest expenses is limited to the sum of (1) business interest income for the tax year in which the tax deduction is being claimed, (2) 30% of the taxpayer’s adjusted taxable income, and (3) the taxpayer’s floor plan financing interest.</p><p>Below is a summary of the provisions in this part.</p><p>(Sec. 70341) This section provides that the&nbsp;limitation on tax deduction of business interest is calculated before capitalizable interest is calculated. (Some exceptions apply.)</p><p>(Sec. 70342) This section excludes subpart F income and net CFC tested income (formerly known as GILTI and renamed under section 70323 of this act) from adjusted taxable income for purposes of calculating limitation on tax deduction of business interest.</p><p>Part V--Other International Tax Reforms</p><p>This part makes permanent and modifies multiple federal tax provisions that impact foreign corporations.</p><p>Below is a summary of the key provisions in this part.</p><p>(Sec. 70351) This section permanently extends the CFC look-through rule. (Under the CFC look-through rule, certain interest expenses, dividends, rents, and royalties received by one CFC from a related CFC are not treated as foreign personal holding company income [for purposes of calculating subpart F income] if certain other requirements are met.)</p><p>(Sec. 70352) This section requires a specified foreign corporation (generally a CFC or any foreign corporation with respect to which one or more domestic corporations is a U.S. shareholder) to use the taxable year of their majority U.S. shareholder , effective for tax years beginning after November 30, 2025. (For tax years beginning on or before November 30, 2025, a specified foreign corporation may elect a tax year beginning one month earlier than the majority U.S. shareholder.)</p><p>Chapter 4--Investing in American Families, Communities, and Small Businesses</p><p>Subchapter A--Permanent Investments in Families and Children</p><p>This subchapter makes multiple changes to federal tax provisions related to children and dependents.</p><p>Below is a summary of the provisions in this subchapter.</p><p>(Sec. 70401) This section increases the tax credit for employers that provide child care to their employees. Under this section, the portion of the tax credit for qualified child care expenses increases to 40% (from 25%) or to 50% for eligible small businesses. This section also"
,,,,,"increases the maximum amount of the tax credit to $500,000 (from $150,000) or $600,000 for eligible small businesses (adjusted for inflation).</p><p>(Sec. 70402) This section makes up to $5,000 of the adoption tax credit refundable and adjusts this amount annually for inflation after 2025. However, under this section, the refundable portion of the adoption tax credit may not be carried forward. (Under current law, the amount of the allowed adoption tax credit that exceeds an individual’s tax liability may be carried forward for up to five years.)</p><p>(Sec. 70403) This section allows Indian tribal governments to determine whether a child has special needs for purposes of calculating the adoption tax credit.</p><p>(Sec. 70404) This section increases to $7,500 (or $3,750 for a married individual filing separately) from $5,000 (or $2,500 for a married person filing separately) the exclusion from gross income for amounts paid or incurred by an employer to an employee as part of a dependent care assistance program.</p><p>(Sec. 70405) This section increases the non-refundable tax credit for expenses paid by an individual for the care of a child or dependent that enable such individual to be gainfully employed.&nbsp;</p><p>Subchapter B--Permanent Investments in Students and Reforms to Tax-Exempt Institutions</p><p>This subchapter makes multiple changes to federal tax provisions related to education and certain educational institutions.</p><p>Below is a summary of the provisions in this subchapter.</p><p>(Sec. 70411) This section establishes a nonrefundable tax credit of up to $1,700 for cash contributions made by an individual who is a citizen or resident of the United States to a tax-exempt organization that provides scholarships for qualified elementary and secondary school expenses to eligible students (scholarship granting organization), subject to limitations.</p><p>(Sec. 70412) This section makes permanent the exclusion of education assistance paid by an employer to an employee (up to a maximum amount) from (1) gross income by an employee, and (2) wages by an employer (for employment tax purposes). Further, under this section, the maximum amount ($5,250 for 2025 and 2026) of employer-paid education assistance that may be excluded from gross income and wages is adjusted annually for inflation beginning in 2027.</p><p>(Sec. 70413) This section expands the expenses eligible for tax-free withdrawals from qualified tuition programs (529 plans) to include certain additional expenses related to enrollment or attendance at an&nbsp;elementary or secondary school.&nbsp;</p><p>This section also increases to $20,000 (from $10,000) the limit on distributions from a 529 plan used in connection with enrollment or attendance at an elementary or secondary school.</p><p>(Sec. 70414) This section expands the expenses eligible for tax-free withdrawals from 529 plans to include tuition, fees, books, supplies, equipment, and other expenses related to the enrollment or attendance in a recognized postsecondary credentialing program.</p><p>(Sec. 70415) This section replaces the excise tax of 1.4% imposed on the net investment income of certain private university and college endowments with a new rate structure of 1.4%, 4%, or 8%, depending on several variables including the value of the endowment and the number of full-time students who meet certain other requirements.</p><p>(Sec. 70416) This section expands the excise tax imposed on certain tax-exempt organizations for excess compensation paid to certain employees (an employee who is one of the top five highest compensated employees of such organization) to include excess compensation paid to any employee of such organization. (Thus, a tax-exempt organization is liable for an excise equal to the corporate tax rate [21%] multiplied by the sum of remuneration in excess of $1 million and excess parachute payment paid to any employee by the tax-exempt organization.)</p><p>Subchapter C--Permanent Investments in Community Development</p><p>This subchapter makes multiple changes to certain federal tax incentives related to investing in certain communities and tax deductions for charitable contributions.</p><p>Below is a summary of the provisions in this subchapter.</p><p>(Sec. 70421) This section permanently extends the Opportunity Zone program, establishes specific tax incentives for investments in rural areas, and modifies the rules related to deferred gains and stepped-up basis.</p><p>As background, the Tax Cuts and Jobs Act temporarily authorized tax incentives for investments (made through qualified opportunity funds) in designated economically distressed areas (called qualified opportunity zones). Specifically, qualified opportunity fund investors may (1) defer capital gain if such gain is reinvested in a qualified opportunity fund within 180 days, (2) exclude from gross income all (or part) of the capital gains from qualified opportunity fund investments held for a certain period of time, and (3) receive a step up in basis (value of the capital asset when it is sold) of 10% for qualified opportunity fund investments held for at least five years and an additional 5% for qualified opportunity fund investments held for at least seven years. (An increase in the basis of a capital asset generally lowers the taxable amount of such asset.)</p><p>Under this section, capital gains from qualified opportunity fund investments made beginning in 2027, may be deferred to the earlier of the date on which such investment is sold or exchanged or five years after the date on which the investment is made. (Capital gain from qualified opportunity investments made before 2027, may be deferred to the earlier of the date on which such investment is sold or exchanged or December 31, 2026. (Thus, this section establishes a rolling five-year deferral for capital gains from qualified opportunity funds.)</p><p>This section also eliminates the additional 5% step up in basis for qualified opportunity zone fund investments held for at least 7 years, but increases the basis for such investments held for at least 10 years to the fair market value of the investment.&nbsp;</p><p>Finally, this section establishes qualified rural opportunity funds for investments in rural areas. Investors in qualified rural opportunity funds may be eligible for a 30% step up in basis if certain requirements are met.</p><p>(Sec. 70422) This section increases eligibility for the low-income housing tax credit (LIHTC) by increasing the amount that a state may allocate for the LIHTC and reducing the tax-exempt bond financing threshold.</p><p>As background, a taxpayer may claim the LIHTC for expenses incurred to rehabilitate or build rental housing for low-income tenants (1) if an allocation for the LIHTC is received from the state, or (2) a percentage of the project is financed by certain tax-exempt bonds. The amount a state may allocate for the LIHTC is calculated, in part, by multiplying a certain dollar amount (adjusted annually for inflation) by the state’s population.&nbsp;</p><p>Under this section, beginning in 2026, the portion of the federal allocation to each state for the LIHTC that is based on the state’s population is increased by 12%.</p><p>Further, this section lowers to 25% (from 50%) the tax-exempt bond threshold. Thus, under this section, if 25% or more of the aggregate basis (i.e., generally the costs) of the building and the land on which the building is located is financed with tax-exempt bonds, then the taxpayer is eligible for the LIHTC for the entire eligible basis of the project without a LIHTC allocation from the state. (If less than 25% of such basis is financed with tax-exempt bonds, then only the basis of the project that is financed with the tax-exempt bonds is eligible for the LIHTC.)</p><p>(Sec. 70423) This section permanently extends the New Markets Tax Credit (a tax credit for certain investments in eligible, low-income communities).</p><p>(Sec. 70424) This section makes permanent and increases to $1,000 for single filers (from $300) or $2,000 for joint filers (from $600 for joint filers) the tax deduction for charitable contributions made by individuals who do not itemize their federal income tax deductions.</p><p>(Sec. 70425) This section imposes a new limitation on the itemized tax deduction for charitable contributions made by individuals beginning in 2026. Under this section, an itemized tax deduction for charitable contributions is allowed only to the extent that an individual’s aggregate charitable contributions exceed 0.5% of the individual’s contribution base (adjusted gross income calculated without including any net operating loss carryback amount). (This limitation is generally known as the 0.5% floor for the itemized tax deduction for individual charitable contributions and does not apply to tax deductions for charitable contributions made by individuals who do not itemize their tax deductions under Section 70424 of this act.)</p><p>Further, under this section, the 0.5% floor also applies to excess charitable contributions made by individuals in 2026 or after that are carried forward to subsequent tax years. (Excess charitable contributions made prior to 2026 that are carried forward to subsequent tax year are not subject to the 0.5% floor.)&nbsp;</p><p>(Sec. 70426) This section further limits the tax deduction for charitable contributions made by a corporation beginning in 2026. Under this section, a tax deduction for charitable contributions made by a corporation is allowed only to the extent that the corporation’s aggregate charitable contributions exceed 1% of the corporation’s taxable income. (This limitation is generally known as the 1% floor for the tax deduction for charitable contributions made by a corporation.)&nbsp;</p><p>As a result of the 1% floor imposed by this section and existing limitations, a corporation may deduct charitable contributions only to the extent that such contributions exceed 1% of the corporation’s taxable income but do not exceed 10% of the corporation’s taxable income (10% limit).</p><p>Finally, under this section, special rules and limitations also apply to corporate charitable contributions carried forward to subsequent tax years.</p><p>(Sec. 70427) This section reinstates and makes permanent (beginning in 2026) the $13.25 (currently $10.50) per proof gallon limit on the&nbsp;amount that is transferred by the United States to Puerto Rico and the U.S. Virgin Islands for excise taxes collected on distilled spirits (e.g., rum) imported from Puerto Rico and the U.S. Virgin Islands.</p><p>As background, the United States imposes an excise tax of $13.50 per proof gallon on distilled spirits produced in or imported into the United States. A certain amount of the excise tax collected on distilled spirits imported from Puerto Rico and the U.S. Virgin Islands are transferred back into the treasury of each possession. (This transfer is commonly known as the cover over or the rum cover over.) For 2022-2026, the rum cover over amount is limited to $10.50 per proof gallon. An additional rum cover over in the amount of $2.75 (for a total rum cover over of $13.25) authorized by Congress expired at the end of 2021.</p><p>(Sec. 70428) This section treats participation or investment in fisheries (e.g., harvesting, processing, transportation, sales, and marketing of fish and fish products) in the Bering Sea and Aleutian Islands by certain tax-exempt Alaskan villages as substantially related to the village’s tax-exempt purpose and, thus, income gained from such activities remains tax-exempt.</p><p>(Sec. 70429) This section increases to $50,000 (from $10,000) the limit on the tax deduction for &nbsp;expenses incurred by a whaling captain (as recognized by the Alaska Eskimo Whaling Commission) in carrying out sanctioned bowhead whaling activities.</p><p>(Sec. 70430) This section allows certain residential construction contracts entered into in tax years beginning after July 4, 2025, to use another permissible method of accounting (e.g., the uniform capitalization rules), rather than the percentage&nbsp;of&nbsp;completion method of accounting. (The percentage of completion method of accounting or the percentage of completion-capitalized cost accounting method of accounting is used for residential construction contracts that are not home construction contracts and that are entered into in tax years beginning on or before July 4, 2025.)</p><p>Subchapter D--Permanent Investments in Small Business and Rural America</p><p>This subchapter modifies certain reporting requirements related to third-party settlement organizations and makes changes to several other federal tax provisions.</p><p>Below is a summary of the key provisions in this subchapter.</p><p>(Sec. 70432) This section modifies the reporting requirements applicable to third-party settlement organizations (e.g., certain online platforms, apps, and card payment processors). Under this section, such organizations are required to issue Internal Revenue Service (IRS) Form 1099-K to payees who receive more than $20,000 from more than 200 separate transactions. (This section reverses a provision in the American Rescue Plan Act of 2021 that lowered the reporting threshold to $600 with no minimum on the number of transactions, the implementation of which was delayed and phased in by the IRS. For 2025, under current law, such organizations are required to issue IRS Form 1099-K to payees who receive more than $2,500, regardless of the number of transactions.)</p><p>(Sec. 70434) This section expands the federal tax deduction for certain film, television, and theatrical production costs to allow a deduction of up to $150,000 of qualified sound recording production costs in the tax year such costs are incurred. A qualified sound recording production is a sound recording that is produced and recorded in the United States. (Under current law, up to $20 million of film, television, and theatrical production costs incurred before 2026 may be deducted.)</p><p>The section also extends bonus depreciation to qualified sound recording production costs.</p><p>(Sec. 70436) This section eliminates the $200 excise tax imposed on the transfer of certain firearms other than machine guns and destructive devices&nbsp;(e.g., bombs, grenades, certain rockets, missiles, and mines). As a result, the $200 excise tax is not applicable to silencers, short-barreled rifles and short-barreled shotguns.</p><p>Chapter 5--Ending Green New Deal Spending, Promoting America-First Energy and Other Reforms</p><p>Subchapter A--Termination of Green New Deal Subsidies</p><p>This subchapter terminates multiple energy-related federal tax credits.</p><p>Below is a summary of the provisions in this subchapter.</p><p>(Sec. 70501) This section terminates the previously-owned clean vehicle tax credit. (Thus, taxpayers may claim a tax credit of up to $4,000 for the purchase of a qualified previously-owned clean vehicle before October 1, 2025.)</p><p>(Sec. 70502) This section terminates the clean vehicle tax credit. (Thus, taxpayers may claim a tax credit of up to $7,500 for the purchase of a qualified new clean vehicle before October 1, 2025.)</p><p>(Sec. 70503) This section terminates the qualified commercial clean vehicle tax credit. (Thus, businesses may claim a tax credit of up to $40,000 for the purchase of a commercial clean vehicle before October 1, 2025.)</p><p>(Sec. 70504) This section terminates the alternative fuel refueling property tax credit. (Thus, a tax credit of up to $1,000 for individuals or up to $100,000 for businesses is allowed for the installation of property before July 1, 2026, that is used to store or dispense clean-burning fuel or to recharge electric vehicles.)</p><p>(Sec. 70505) This section terminates the energy efficient home improvement tax credit. (Thus, taxpayers may claim a tax credit of up to $3,200, for certain energy-efficient property purchased and installed into a primary residence before&nbsp;2026.)</p><p>(Sec. 70506) This section terminates the residential clean energy tax credit. (Thus, taxpayers may claim a tax credit for certain renewable energy equipment for a principal residence before&nbsp;2026.)</p><p>(Sec. 70507) This section terminates the energy efficient commercial buildings tax deduction. (Thus, taxpayers may claim a deduction for certain energy efficient commercial property the construction of which begins before July 1, 2027.)</p><p>(Sec. 70508) This section terminates the new energy efficient home tax credit. (Thus, contractors may claim a business tax credit for constructing an energy-efficient home that is acquired by a person for use as a residence before July 1, 2026.)</p><p>(Sec. 70509) This section terminates the special five-year cost recovery period for investments in certain solar and wind property for which construction begins after December 31, 2024.&nbsp;</p><p>As background, costs of property used in a trade or business to produce income generally are capitalized and then depreciated or amortized over a period of time (known as the cost recovery period). The cost recovery period for property used to produce electricity generally depends on the method for producing such electricity. However, for certain solar and wind property for which construction begins on or before December 31, 2024, the cost recovery period is five years. For solar and wind property for which construction begins after December 31, 2024, the general modified accelerated cost recovery system (MACRS) and Internal Revenue Service guidance apply.</p><p>(Sec. 70510) This section disallows the zero-emission nuclear power production tax credit for certain foreign entities and foreign-influenced entities (e.g., taxpayers that make certain types of payments to certain foreign entities). (The zero-emission nuclear power production tax credit generally is allowed for electricity produced at a qualified nuclear power facility and sold to an unrelated third person.)</p><p>(Sec. 70511) This section terminates the clean hydrogen production tax credit in 2028 and, thus, the tax credit is allowed only for clean hydrogen production facilities for which construction begins before January 1, 2028. (As background, prior to changes made by this section, the tax credit is available for the production of clean hydrogen by a qualifying facility for which construction begins before 2033.)</p><p>(Sec. 70512) This section terminates the clean electricity production tax credit for (1) wind and solar facilities placed into service after December 31, 2027, and (2) certain wind energy property or solar water heating property if such property is leased to a third party during the tax year. (As background, a tax credit is allowed, other than as provided by this section and subject to limitations, for clean electricity produced by a qualified facility. The tax credit is phased out beginning in the later of 2032 or when greenhouse gas emissions from the production of electricity are reduced to a certain level.) &nbsp;</p><p>This section also disallows the clean electricity production tax credit for certain foreign entities and foreign-influenced entities (e.g., taxpayers that make certain types of payments to certain foreign entities).&nbsp;</p><p>Further, under this section, penalties may be imposed for (1) substantial misstatements of a certain amount related to the supply chain of manufactured products and product components for which the clean electricity production tax credit is claimed, and (2) overstating depreciable assets to claim the clean energy production tax credit. (Under this act, such penalties are also applicable to the clean electricity investment tax credit and the advanced manufacturing production tax credit.)</p><p>(Sec. 70513) This section terminates the clean electricity investment credit for (1) wind and solar property, other than energy storage technology, placed into service after December 31, 2027; and (2) certain wind energy property, solar electric property, and solar water heating property if such property is leased to a third party during the tax year. (As background, a tax credit is allowed, other than as provided by this section and subject to limitations, for certain investments in energy storage technology &nbsp;or a facility that is used for generating electricity with an anticipated greenhouse gas admission rate of not greater than zero.)</p><p>Under this section, the clean electricity production tax credit is not allowed for certain foreign entities and foreign-influenced entities (e.g., taxpayers that make certain types of payments to certain foreign entities).&nbsp;</p><p>This section also sets the clean electricity production tax credit percentage to 30% (which may not be increased) for qualified fuel cell property for which construction begins after 2025. (As background, the clean electricity production tax credit is 6%, but may be increased to 30% if certain requirements are met, and further increased for property that is placed into service in certain locations, that meets certain construction requirements, or for which an allocation is received from the Clean Electricity Low-Income Communities Bonus Credit Amount Program.)</p><p>(Sec. 70514) This section terminates the advanced manufacturing production credit for wind energy components produced and sold after 2027, and for metallurgical coal (i.e., coking coal or coal used to manufacture steel) produced after 2029. This section also phases out the advanced manufacturing production tax credit for other critical minerals produced after 2030, as follows:</p><ul><li>75% of the tax credit otherwise allowed for critical minerals produced in 2031,</li><li>50% of the tax credit otherwise allowed for critical minerals produced in 2032,</li><li>24% of the tax credit otherwise allowed for critical minerals produced in 2033, and</li><li>0% of the tax credit otherwise allowed for critical minerals produced in 2034.</li></ul><p>Under this section, the advanced manufacturing production tax credit is not allowed for certain foreign entities and foreign-influenced entities (e.g., taxpayers that make certain types of payments to certain foreign entities).</p><p>(Sec. 70515) This section provides that the Department of the Treasury may not reallocate amounts that are (1) allocated for the qualified advanced energy projects tax credit, and (2) subsequently revoked. (As background, the Treasury may allocate up to $10 billion [in the form of a tax credit] to taxpayers for approved investments in certain advanced energy projects, subject to certain conditions and limitations. An allocation of the tax credit may be revoked if the project is not completed on time or certain other requirements are not met.)&nbsp;</p><p>Subchapter B--Enhancement of America-First Energy Policy</p><p>This subchapter modifies multiple energy-related federal tax provisions and makes changes to the calculation of the corporate alternative minimum tax.</p><p>Below&nbsp;is a summary of the key provisions in this subchapter.</p><p>(Sec. 70521) This section extends the clean fuel production tax credit through 2029 and</p><ul><li>requires that clean fuels produced from feedstock use feedstock sourced from the Unites States, Canada, or Mexico;</li><li>excludes emissions attributable to an indirect land use change from the calculation of lifecycle emissions estimates (used in part of the calculation of the clean fuel production tax credit); and</li><li>requires the Department of the Treasury to provide distinct emission rates for specific&nbsp;feedstocks used to produce clean fuels, including dairy manure, swine manure, and poultry manure.</li></ul><p>This section also disallows the clean fuel production tax credit for certain foreign entities and foreign-influenced entities (e.g., taxpayers that make certain types of payments to certain foreign entities).</p><p>(Sec. 70522) This section increases the carbon oxide sequestration tax credit to $17 (from $12) per metric ton for qualified carbon dioxide used (1) as a tertiary injectant in a qualified oil or gas natural recovery project and then securely stored or (2) by fixing such carbon dioxide through photosynthesis or chemosynthesis, chemical conversion, or for some other commercial market purpose. (As a result, the same carbon oxide sequestration tax credit applies to carbon oxide captured and sequestered and carbon dioxide captured, used, and then sequestered.)</p><p>This section also disallows the carbon oxide sequestration tax credit for certain foreign entities and foreign-influenced entities (e.g., taxpayers that make certain types of payments to certain foreign entities).</p><p>(Sec. 70523) This section allows corporations to reduce their adjusted financial statement income (for purposes of calculating the corporate alternative minimum tax) to account for certain intangible costs related to oil, gas, or geothermal well drilling and development.</p><p>(Sec. 70525) This section provides for a refund of previously imposed and paid excise taxes upon the transfer of nontaxable, indelibly dyed diesel fuel or kerosene used for agricultural, off-road, or other nontaxable purposes.</p><p>Subchapter C--Other Reforms</p><p>This subchapter eliminates the de minimis exemption for certain imports into the United States and establishes a new civil penalty for using such exemption in a manner that violates U.S. customs laws.</p><p>Below is a summary of the provision in this subchapter.</p><p>(Sec. 70531) This section eliminates the exemption from certain duties, fees, and&nbsp;processes for imports of up to $800 (commonly referred to as the de minimis exemption), effective July 1, 2027.</p><p>Further, this section establishes a civil penalty for entering, introducing, facilitating, or attempting to introduce an article into the United States using the de minimis exemption in a manner that violates U.S. customs laws. The amount of the civil penalty is up to $5,000 for the first violation and up to $10,000 for subsequent violations.</p><p>Chapter 6--Enhancing Deduction and Income Tax Credit Guardrails, and Other Reforms</p><p>This chapter modifies various federal tax deductions and credits.</p><p>Below is a summary of the key provisions in this subchapter.</p><p>(Sec. 70604) This section establishes a 1% excise tax on transfers of payments from one country to another (also known as remittance transfers). The excise tax is imposed on the sender of the remittance transfer and collected and remitted to the Department of the Treasury (quarterly) by the transfer provider.&nbsp;</p><p>Under this section, the excise tax applies only to remittance transfers for which the sender provides cash, a money order, a cashier’s check, or other similar physical instrument to the transfer provider. The excise tax does not apply to remittance transfers if (1) the funds are withdrawn from an account held at certain financial institutions, or (2) funded with a debit card or credit card issued in the United States.</p><p>(Sec. 70606) This section requires an individual to provide a Social Security number to be eligible for the American Opportunity and Lifetime Learning tax credits.</p><p>(Sec. 70607) This section directs the Internal Revenue Service to deliver a report to Congress on tax filing programs. Specifically</p><ul><li>the cost of enhancing and establishing public-private partnerships that provide for free tax filing for up to 70% of all taxpayers (calculated by adjusted gross income),</li><li>the cost to replace any direct e-file programs run by the Internal Revenue Service,</li><li>taxpayer opinions and preferences regarding a taxpayer-funded, government-run tax filing service or a free tax filing service provided by the private sector,</li><li>assessment of the feasibility of providing simple and consistent options across participating tax filing providers, and</li><li>the cost of developing and running a free direct&nbsp;e-file tax return system..</li></ul><p>Subtitle B--Health</p><p>Chapter 1--Medicaid</p><p>Subchapter A--Reducing Fraud and Improving Enrollment Processes</p><p>(Sec. 71101) This section delays until FY2035 implementation of certain provisions of the rule titled<em> Streamlining Medicaid; Medicare Savings Program Eligibility Determination and Enrollment</em>, which was issued by the Centers for Medicare &amp; Medicaid Services (CMS) on September 21, 2023.&nbsp;</p><p>Specifically, the section delays provisions of the rule that (1) specify that individuals who must pay a premium to enroll in Medicare hospital services, reside in a group payer state, and enroll during a general enrollment period may qualify for Medicare Savings Programs (MSPs) as early as the month of their entitlement to Medicare hospital services; (2) require states to use certain data from the Social Security Administration (SSA) to facilitate the enrollment of qualifying individuals in both MSPs and the Low-Income Subsidy (LIS) program under the Medicare prescription drug benefit; and (3) align the definition of family size under MSPs with the definition under the LIS program.</p><p>(MSPs allow individuals to receive Medicare cost-sharing and premium assistance from state Medicaid programs if they meet certain income and resource criteria. The LIS program, also known as the Extra Help program, provides similar assistance with respect to cost-sharing for covered drugs under the Medicare prescription drug benefit.)</p><p>The section provides $1 million for FY2026 for the CMS to implement this section and Sec. 71102 of this act.</p><p>(Sec. 71102) This section delays until FY2035 implementation of certain provisions of the rule titled <em>Medicaid Program; Streamlining the Medicaid, Children's Health Insurance Program, and Basic Health Program Application, Eligibility Determination, Enrollment, and Renewal Processes</em>, which was issued by the&nbsp;CMS on April 2, 2024.</p><p>Specifically, the section delays provisions of the rule that, among other changes, (1) allow state Medicaid programs to verify an individual’s U.S. citizenship and identity through certain systems without additional proof of identity; (2) align certain Medicaid enrollment processes for those whose eligibility is not based on income with those that are based on income; and (3) establish additional timelines for Medicaid eligibility terminations, including when there is a change in an individual’s circumstances.</p><p>(Sec. 71103) This section requires the CMS to establish a centralized system for states to check whether enrollees are simultaneously enrolled in Medicaid or the Children’s Health Insurance Program (CHIP) in multiple states.&nbsp;</p><p>Beginning no later than 2027, states must regularly obtain the addresses of Medicaid and CHIP enrollees from specified authorized sources. Beginning no later than FY2030, states must report on at least a monthly basis the Social Security numbers of enrollees to the CMS' newly established system. The CMS must notify states on at least a monthly basis of individuals who are enrolled in multiple states so that states may take appropriate action.</p><p>The section provides $10 million for FY2026 and $20 million for FY2029 for the CMS to establish and maintain the new system, respectively.</p><p>(Sec. 71104) This section requires state Medicaid programs to check, beginning in 2028, the SSA's Death Master File on at least a quarterly basis to determine whether Medicaid enrollees are deceased.</p><p>(Sec. 71105) This section provides statutory authority for the requirement that state Medicaid programs check, as part of the provider enrollment and reenrollment process, whether providers are deceased through the SSA's Death Master File. Beginning in 2028, the section requires states to continue to check this database on at least a quarterly basis after providers are enrolled.</p><p>(Sec. 71106) This section includes Medicaid payments to individuals for whom there is insufficient information as to their eligibility as erroneous excess payments that may ultimately reduce a state’s federal matching funds. These changes apply beginning in FY2030.</p><p>(Sec. 71107) This section requires state Medicaid programs to redetermine every six months, beginning with the first quarter after December 31, 2026, the eligibility of individuals who are enrolled in Medicaid as part of the Medicaid expansion population under the Patient Protection and Affordable Care Act. (That act allows states to extend Medicaid coverage to all adults under the age of 65 with incomes of up to 138% of the federal poverty level, including"
,,,,,"able-bodied adults without dependent children.)</p><p>The section provides $75 million for FY2026 for the CMS to implement these provisions.</p><p>(Sec. 71108) This section caps home equity limits for Medicaid nursing facility or other long-term care services beginning in 2028.</p><p>Currently, in order to qualify for such services, an individual’s home equity may not exceed certain limits, as set by states in accordance with federal standards and adjusted annually for inflation. For 2025, home equity limits set by states must be between $730,000 and $1,097,000.</p><p>The section caps the maximum home equity limit to $1 million, regardless of inflation. This limit does not apply to homes located on agricultural lots.</p><p>(Sec. 71109) This section generally restricts, beginning in FY2027, federal payment for Medicaid and CHIP to services for individuals who are U.S. residents and are either U.S. citizens, lawful permanent residents, Cuban-Haitian entrants, or Compact of Free Association migrants lawfully residing in the United States. The restrictions do not apply to certain mandatory emergency services provided to individuals who are not lawfully residing in the United States or to optional services provided to certain lawfully residing children and pregnant women.</p><p>Current law authorizes federal payment with respect to additional categories of individuals, including refugees; noncitizens granted parole for at least one year, asylum, or related relief; and Violence Against Women Act (VAWA) self-petitioners. The section excludes these individuals from eligibility.&nbsp;</p><p>The section provides $15 million for FY2026 for the CMS to implement these provisions.</p><p>(Sec. 71110) This section reduces the Medicaid federal matching rate for emergency services provided to individuals who are not lawfully residing in the United States but who would otherwise qualify for Medicaid as part of the Medicaid expansion population in states that have expanded Medicaid. Specifically, the section limits, beginning in FY2027, the Medicaid federal matching rate for emergency services provided to individuals who are not lawfully residing in the United States to the same matching rate as would otherwise apply for such services (rather than the enhanced federal matching rate for states that have expanded Medicaid).</p><p>The section provides $1 million for FY2026 for the CMS to implement these provisions.</p><p>Subchapter B--Preventing Wasteful Spending</p><p>(Sec. 71111) This section delays until FY2035 implementation of certain provisions of the rule titled <em>Medicare and Medicaid Programs; Minimum Staffing Standards for Long-Term Care Facilities and Medicaid Institutional Payment Transparency Reporting</em>, which was issued by the CMS on May 10, 2024.&nbsp;</p><p>Specifically, the section delays provisions of the rule that, among other changes, (1) establish minimum staffing standards for nurses in Medicare and Medicaid long-term care facilities, including requiring a nurse to be onsite 24/7 and requiring a minimum of 3.48 total nurse staffing hours per resident per day; and (2) require state Medicaid programs to report on payments to direct care workers and support staff of nursing facilities and intermediate care facilities for individuals with intellectual disabilities.&nbsp;</p><p>(Sec. 71112) This section shortens the window for retroactive Medicaid coverage. Specifically, the section specifies that, beginning with the first quarter after December 31, 2026, Medicaid coverage may begin retroactively (1) for individuals in the Medicaid expansion population, one month prior to the application filing date; and (2) for all other individuals, two months prior to the application filing date. Additionally, CHIP coverage may retroactively begin two months prior to the application filing date. (Currently, coverage may begin three months prior to the application filing date.)</p><p>The section provides $10 million for FY2026 for the CMS to implement these provisions.</p><p>(Sec. 71113) This section prohibits federal Medicaid payment for one year to nonprofit health care providers that serve predominantly low-income, medically underserved individuals (i.e., essential community providers) if the provider (1) primarily furnishes family planning services, reproductive health, and related care; (2) offers abortions in cases other than that of rape, incest, or life-threatening conditions for the woman; and (3) in FY2023, received federal and state Medicaid payments totaling more than $800,000.</p><p>The section provides $1 million for FY2026 for the CMS to implement these provisions.</p><p>Subchapter C--Stopping Abusive Financing Practices</p><p>(Sec. 71114) This section requires states that had not chosen to expand Medicaid pursuant to the Patient Protection and Affordable Care Act prior to March 11, 2021, to do so by January 1, 2026, in order to receive the corresponding enhanced federal matching rate.</p><p>(Sec. 71115) This section generally limits Medicaid provider taxes beginning in FY2027.</p><p>Under current law, states may impose a provider tax of up to 6% of net patient service revenues to potentially receive additional federal matching funds. The section precludes states that have not expanded Medicaid from increasing the rate of a provider tax beyond that currently in effect in order to qualify for federal matching funds. For states that have expanded Medicaid, a provider tax may not exceed the current rate or a specified rate, whichever is lower; the maximum rate gradually decreases from FY2028-FY2032, with a maximum rate of 3.5% beginning in FY2032 (these limits do not apply to nursing and intermediate care facilities, which are instead limited to current rates). The section additionally precludes states from imposing a new provider tax if there is not already one in effect.</p><p>The section provides $20 million for FY2026 for the CMS to implement these provisions.</p><p>(Sec. 71116) This section provides $7 million per fiscal year for FY2026-FY2033 for the CMS to revise regulations so as to limit state-directed payments for inpatient hospital services, outpatient hospital services, nursing facility services, and qualified practitioner services at an academic medical center under Medicaid managed care contracts to the payment rate for services under Medicare, rather than the average commercial rate. For states that cover the Medicaid expansion population, payment is limited to 100% of the Medicare rate; for other states, payment is limited to 110% of the Medicare rate.</p><p>Subchapter D--Increasing Personal Accountability</p><p>(Sec. 71119) This section requires, beginning not later than the first quarter after December 31, 2026 (or earlier, at the option of the state), individuals who are eligible for Medicaid as part of the Medicaid expansion population to engage in community service, work, or other activities in order to qualify for Medicaid.</p><p>Specifically, the section requires these individuals to, on a monthly basis, (1) work at least 80 hours, (2) complete at least 80 hours of community service, (3) participate in a work program for at least 80 hours, (4) be enrolled at least half-time in an educational program, or (5) engage in any combination thereof for a total of at least 80 hours. Individuals may also qualify if they have a monthly income (or, for seasonal workers, an average monthly income over six months) that is at least as much as the equivalent of minimum wage multiplied by 80 hours.</p><p>Individuals who are applying for Medicaid must demonstrate compliance with these requirements for one to three months (as determined by the state) consecutively and immediately prior to filing an application; individuals who are already enrolled in Medicaid must demonstrate compliance for one month or more (as determined by the state), whether or not consecutive, during the period between the individual’s last eligibility determination and the next scheduled eligibility determination.&nbsp;</p><p>States must verify an individual’s compliance upon a determination or redetermination of eligibility but may also choose to verify compliance more frequently. States may not waive the new requirements. However, states may choose to provide an exception for individuals experiencing short-term hardships (e.g., hospitalization).</p><p>The section excludes certain individuals from these requirements, including those with serious medical conditions or with dependent children aged 13 or younger.&nbsp;</p><p>Upon request, the CMS may exempt a state from fully implementing these requirements until December 31, 2028. States requesting an exemption must demonstrate good faith efforts to comply with the requirements and provide a detailed timeline for implementation.</p><p>The section provides $200 million to states and $200 million to the CMS for FY2026 to implement these requirements.</p><p>(Sec. 71120) This section requires, beginning in FY2029, states to institute cost-sharing requirements for individuals who are eligible for Medicaid as part of the Medicaid expansion population and whose family income exceeds the federal poverty line. Cost sharing may not exceed $35 for an item or service; total cost sharing for all individuals in a family may not exceed 5% of the family’s income.&nbsp;</p><p>The requirements do not apply to (1) services for which cost sharing is already prohibited (e.g., emergency services); (2) primary care, mental health, or substance use disorder services; or (3) services provided by federally qualified health centers, certified community behavioral health clinics, or rural health clinics. States may allow providers to condition the provision of services upon the payment of any required cost sharing.</p><p>The section provides $15 million for FY2026 for the CMS to implement these provisions.</p><p>Subchapter E--Expanding Access to Care</p><p>(Sec. 71121) This section authorizes additional home and community-based services (HCBS) waivers (also known as Section 1915(c) waivers) for state Medicaid programs beginning on July 1, 2028. States may seek waivers to provide HCBS to individuals without the need for certain determinations as to whether an individual requires hospital or institutional care (as is required for current waivers). States must establish other needs-based criteria for such services.</p><p>The section provides $50 million for FY2026 for the CMS to implement these provisions. It also provides $100 million for FY2027 to support state HCBS programs.</p><p>Chapter 2--Medicare</p><p>Subchapter A--Strengthening Eligibility Requirements</p><p>(Sec. 71201) This section generally restricts Medicare eligibility to U.S. citizens, lawful permanent residents, Cuban-Haitian entrants, and Compact of Free Association migrants lawfully residing in the United States. The SSA must identify Medicare enrollees who do not meet these requirements and terminate their enrollment within 18 months of this section’s enactment.</p><p>Current law authorizes additional categories of individuals who are lawfully present in the United States to qualify for Medicare, including refugees; noncitizens granted parole for at least one year, asylum, or related relief; noncitizens with Temporary Protected Status; and noncitizens with deferred action, including Deferred Action for Childhood Arrivals (DACA) recipients. The section excludes these individuals from eligibility.</p><p>(Sec. 71202) This section increases payments under the Medicare physician fee schedule for services furnished between January 1, 2026, and January 1, 2027.</p><p>Subchapter B--Improving Services for Seniors</p><p>(Sec. 71203) This section modifies certain provisions under the Medicare Drug Price Negotiation Program with respect to orphan drugs, including by excluding additional orphan drugs from qualifying for negotiation.</p><p>The Medicare Drug Price Negotiation Program requires the CMS to negotiate the prices of certain prescription drugs under Medicare beginning in 2026. Among other requirements, drugs must have had market approval for at least 7 years (for drug products) or 11 years (for biologics) to qualify for negotiation. The program does not apply to orphan drugs that are approved to treat only one rare disease or condition.</p><p>The section modifies these provisions so as to exclude any period in which a drug was an orphan drug from market approval calculations. It also excludes orphan drugs that are approved to treat more than one rare disease or condition from the program. The changes take effect in 2028.</p><p>Chapter 3--Health Tax</p><p>Subchapter A-- Improving Eligibility Criteria</p><p>This subchapter modifies eligibility and verification requirements for the premium tax credit (which may be used to purchase health insurance on an exchange).</p><p>Below is a summary of the provisions in this subchapter.</p><p>(Sec. 71301) This section limits a lawfully-present alien’s eligibility for the premium tax credit to</p><ul><li>an alien who is lawfully admitted for permanent residence;</li><li>an alien who has been granted the status of Cuban and Haitian entrant; or</li><li>an individual who is lawfully residing in the United States in accordance with the Compacts of Free Association between the United States and Micronesia, the Marshall Islands, and&nbsp;Palau.</li></ul><p>(Sec. 71302) This section repeals the rule that allows certain lawfully-present aliens who have a household income of less than 100% of the federal poverty level and are ineligible for Medicaid (based on the individual’s alien status) to claim the premium tax credit.</p><p>Subchapter B--Preventing Waste, Fraud, and Abuse</p><p>This subchapter requires verification of certain information supplied by individuals for purposes of determining eligibility for the premium tax credit, limits use of the premium tax credit, and expands recapture of excess advance payments of the premium tax credit.</p><p>Below is a summary of the provisions of this subchapter.</p><p>(Sec. 71303) This section requires the verification, beginning in 2028, of certain information for an individual to enroll in a health insurance plan through a health insurance exchange and to generally qualify for the premium tax credit. (Under current law, eligible individuals are allowed a premium tax credit, which applies toward the cost of obtaining health insurance through health insurance exchanges.)</p><p>Specifically, under this section, a health insurance exchange must verify, using applicable enrollment information provided (or verified) by an individual,&nbsp;the following information:</p><ul><li>household income and family size,</li><li>whether the individual is an eligible alien,</li><li>any health coverage status or eligibility for coverage,</li><li>place of residence, and</li><li>any other information required by the Department of the Treasury.</li></ul><p>The verification requirements may be waived for individuals who enroll in a health insurance plan through a health insurance exchange during a special enrollment period due to a change in family size.</p><p>(Sec. 71304) This section provides that the premium tax credit is not allowed for any health insurance plan enrolled in through a health insurance exchange during a special enrollment period provided by such exchange (1) on the basis of the relationship between the individual’s expected household income to the federal poverty level, and (2) not in connection with with the occurrence of an event or change in circumstances specified by the Department of Health and Human Services for such purposes.</p><p>(Sec. 71305) This section eliminates the limit on the recapture of excess advance payments of the premium tax credit and, accordingly, allows the full amount of any such excess payments to be recaptured. (Under current law, individuals with incomes below 400% of the federal poverty level may be required to pay back only a portion of any excess advance payment of the premium tax credit.)</p><p>Subchapter C--Enhancing Choice for Patients</p><p>This subchapter expands health savings account (HSA) eligibility requirements.</p><p>As background, individuals may establish and contribute to an HSA if they are covered under a high-deductible health plan (HDHP) and not covered under a health plan that (1) is not an HDHP and (2) provides coverage for any benefits that is covered under the HDHP (subject to certain exceptions).</p><p>Below is a summary of the provisions in this subchapter.</p><p>(Sec. 71306) This section allows individuals to establish and make tax-deductible contributions to a health savings account (HSA) if covered by a health insurance plan that provides telehealth and other remote care services without requiring a deductible but otherwise meets the requirements of an HDHP.</p><p>(Sec. 71307) This section expands eligibility to make tax-deductible HSA contributions to include individuals who have a bronze-level or catastrophic health insurance plan through a health insurance exchange.&nbsp;(A bronze-level health insurance plan provided through a health insurance exchange may or may not qualify as a HDHP, depending on the specific plan features. Catastrophic health plans provided through a health insurance exchange generally do not meet the requirements of a HDHP.)</p><p>(Sec. 71308) This section expands eligibility to make tax-deductible HSA contributions to include individuals who have a direct primary care service arrangement with a fixed period fee that does not exceed $150 a month (or $300 a month if the arrangement covers more than one individual). The amounts are adjusted annually for inflation. (Some limitations apply.)</p><p>Chapter 4--Protecting Rural Hospitals and Providers</p><p>(Sec. 71401) This section provides $10 billion per fiscal year for FY2026-FY2030 for a program that supports the provision of health care in rural areas.&nbsp;</p><p>Under the program, states may apply for financial allotments to improve the access and quality of care of services in rural areas, such as through enhanced technology, strategic partnerships, and workforce training. States must submit detailed rural health transformation plans and certify that no funds will be used to finance the non-federal share of Medicaid or CHIP. The CMS must approve or deny applications by December 31, 2025; states that receive approval do not need to reapply each year. States are not required to contribute any matching funds with respect to program allotments.</p><p>The CMS must award allotments so that 50% of funds are awarded equally among all approved states. The remaining 50% of funds must be awarded based on certain considerations, including the proportion of rural health facilities in the state compared to the number of such facilities nationwide.</p><p>The section additionally provides $200 million for FY2025 for the CMS to implement the program.&nbsp;</p><p>Subtitle C--Increase in Debt Limit</p><p>(Sec. 72001) This section increases the statutory debt limit by $5 trillion. (The debt limit is the amount of money that the Department of the Treasury may borrow to fund federal operations.)</p><p>Subtitle D--Unemployment</p><p>(Sec. 73001) This section prohibits payments under federal unemployment programs to individuals whose wages are $1 million or more. Such programs must include a method for individuals to certify that their income does not exceed this limit. State agencies that administer such programs must verify income information, to the extent possible, and provide for the recovery of any overpayments.&nbsp;</p><p>TITLE VIII--COMMITTEE ON HEALTH, EDUCATION, LABOR, AND PENSIONS</p><p>This title makes various changes to higher education, particularly to the federal student loan system.</p><p>Subtitle A--Exemption of Certain Assets</p><p>(Sec. 80001) This section exempts the assets of certain family farms, family-owned small businesses, and family-owned commercial fishing businesses from the information reported on the Free Application for Federal Student Aid (FAFSA) form.</p><p>This exemption applies to the net worth of (1) a family farm on which the family resides, (2) a small business with not more than 100 full-time or full-time equivalent employees that is owned and controlled by the family, or (3) a commercial fishing business and related expenses (e.g., fishing vessels and permits) owned and controlled by the family.</p><p>Prior to recent changes made to the FAFSA, the net worth of these family farms and family-owned small businesses were excluded as assets when calculating a student's financial need to determine federal student aid eligibility. Beginning with the 2024-2025 academic year, the net worth of these farms and businesses are treated as an asset and therefore included in the calculation. This section (1) restores the exemption to exclude the net worth of these family farms and family-owned small businesses from the calculation, and (2) expands the exemption to exclude the net worth of family-owned commercial fisheries from the calculation.</p><p>Subtitle B--Loan Limits</p><p>This subtitle makes various changes to federal student loans.&nbsp;</p><p>(Sec. 81001)&nbsp;This section revises the types of federal student loans available to borrowers under the Direct Loan program and the borrowing limits for these loans.&nbsp;&nbsp;</p><p>The section terminates the ability of graduate or professional students to receive Direct PLUS Loans (i.e., Grad PLUS Loans) beginning on July 1, 2026.</p><p>The section revises the annual and aggregate limits an individual may borrow in Direct Loans. In particular, the section establishes the aggregate loan limit for Direct Unsubsidized Loans as $100,000 for a graduate student (in addition to the amount borrowed for undergraduate education) and $200,000 for a professional student (in addition to the amount borrowed for undergraduate education).</p><p>The section also places certain restrictions on Parent PLUS Loans beginning on July 1, 2026. In particular, the section sets an annual loan limit of $20,000 that may be borrowed on behalf of a dependent undergraduate student and a lifetime borrowing limit of $65,000 per dependent undergraduate student.</p><p>The section also institutes new maximum aggregate limits for borrowers beginning on July 1, 2026. For example, the section sets an overall aggregate lifetime borrowing limit of $257,500 for any single borrower across federal loan types (except for Parent PLUS Loans).</p><p>The section provides an exception to the loan limits described in this section (of up to three academic years) for a student who is already enrolled in a program of study and received a loan for the program.</p><p>The section also&nbsp;requires that a student's loan amount for an academic year be prorated based on their enrollment intensity if the student is enrolled on a less-than-full-time basis.</p><p>The section allows institutions of higher education (IHEs) to set lower loan limits&nbsp;if the limit is applied consistently to all students enrolled in the program.</p><p>Subtitle C--Loan Repayment</p><p>This subtitle revises loan repayment options for federal student loans.</p><p>(Sec. 82001) This section terminates all current student loan repayment plans for new loans disbursed on or after July 1, 2026.</p><p>The Department of Education (ED) may only offer borrowers two options for repayment of federal student loans: a standard repayment plan (with the length of the repayment term determined by the total amount borrowed) and an income-based repayment plan (to be known as the Repayment Assistance Plan, or RAP). Consequently, borrowers with new loans made on or after July 1, 2026, are limited to these two repayment plans.</p><p>Beginning on July 1, 2028, a borrower with a loan that is in a repayment status in accordance with, or an administrative forbearance associated with, an income-contingent repayment plan must begin repaying the loan under a new repayment plan. This applies to current borrowers who are on the following repayment plans: (1) the Saving on a Valuable Education (SAVE) plan, (2) the Pay as You Earn (PAYE) plan, or (3) the Income-Contingent Repayment (ICR) plan. If a borrower does not select a plan, ED must enroll the borrower in either the RAP or the standard repayment plan.</p><p>(Sec. 82002) This section eliminates economic hardship and unemployment deferments for borrowers who receive a federal student loan on or after July 1, 2027. A borrower who receives a loan on or after July 1, 2027, may only be eligible for a discretionary forbearance for no more than 9 months during a 24-month period.</p><p>(Sec. 82003) This section allows borrowers to rehabilitate a defaulted loan twice (currently, only once). However, beginning on July 1, 2027, the borrower must pay a minimum payment amount of $10.</p><p>(Sec. 82004) This section allows payments under the new RAP to count as qualifying payments for purposes of the Public Service Loan Forgiveness (PSLF) program.</p><p>(Sec. 82005) This section provides funding to ED for administrative costs, including for the costs of student loan servicing.</p><p>Subtitle D--Pell Grants</p><p>This subtitle makes changes to Pell Grants.</p><p>(Sec. 83001) This section requires foreign income that is exempt from taxation or foreign income for which an individual receives a foreign tax credit to be included in the adjusted gross income calculation for purposes of calculating eligibility for Pell Grants.</p><p>Students with a student aid index (SAI) that equals or exceeds twice the amount of the total maximum Pell Grant are ineligible for Pell Grants, regardless of their adjusted gross income.&nbsp;(The SAI is a formula-based index number that represents a student's level of financial need. It is calculated using information that the student provides on the FAFSA form.)</p><p>The section’s changes take effect beginning on July 1, 2026.</p><p>(Sec. 83002) This section requires ED to award Workforce Pell Grants to students enrolled in eligible workforce programs. Eligible programs are those that provide at least 150 clock hours (but less than 600 clock hours) of instruction during a minimum of 8 weeks (but less than 15 weeks).</p><p>The section’s changes take effect beginning on July 1, 2026.</p><p>(Sec. 83003) This section provides additional funding of&nbsp;$10.5 billion for Pell Grants for FY2026.</p><p>(Sec. 83004) This section makes a student ineligible for Pell Grants if the student receives grant aid from nonfederal sources (e.g., states, IHEs, or private sources) in an amount that equals or exceeds the student's cost of attendance.</p><p>The section's changes take effect beginning on July 1, 2026.</p><p>Subtitle E--Accountability</p><p>(Sec. 84001) This section requires IHEs participating in federal student loan programs to comply with median earning requirements of students. Specifically, the section prohibits an IHE from using federal funds for student enrollment in low-earning outcome programs. Low-earning outcome programs are educational programs in which the graduating cohort of students earn less as working adults compared to those with lesser degrees (e.g., a high school diploma instead of a bachelor's degree).</p><p>If an educational program does not meet the median earning requirements, the IHE must promptly notify each student enrolled in the program.</p><p>ED must establish a process for an IHE with an educational program that has lost eligibility for federal funds to be able to apply to regain eligibility for such funds.</p><p>IHEs must comply with these requirements beginning on July 1, 2026.</p><p>Subtitle F--Regulatory Relief</p><p>(Sec. 85001) This section delays until July 1, 2035, ED regulations pertaining to borrower defense to repayment. (Borrower defense to repayment is a legal ground for discharging Direct Loans if a school engaged in certain misconduct.) For loans that first originated before July 1, 2035, the section restores those regulations that were in effect on July 1, 2020. (Among other elements, the regulations in effect on July 1, 2020, require borrowers to meet a strict standard of misrepresentation to be eligible for a borrower defense discharge.)</p><p>(Sec. 85002) This section delays until July 1, 2035, ED regulations pertaining to closed school discharges. (Under closed school discharge regulations, a borrower's liability to repay a federal student loan is discharged if the borrower&nbsp;does not complete the program of study for which the loan was made because the school the borrower attended has closed.) For loans that first originated before July 1, 2035, the section restores those regulations that were in effect prior to changes made in November 2022. (Prior to the 2022 regulations, two different sets of standards and procedures were applied to closed school discharges, depending on when a loan was disbursed.)</p><p>Subtitle G--Garden of Heroes</p><p>(Sec. 86001) This section provides $40 million for FY2025 to the National Endowment for the Humanities (1) to establish and maintain a statuary park named the National Garden of American Heroes; (2) to procure statues for the National Garden of American Heroes; and (3) for events, celebrations, and activities related to the 250th anniversary of America’s founding.</p><p>Subtitle H--Office of Refugee Resettlement</p><p>(Sec. 87001) This section provides $300 million for FY2025 to the Office of Refugee Resettlement for specified activities, such as background checks and home studies of potential sponsors of unaccompanied children.</p><p>TITLE IX--COMMITTEE ON HOMELAND SECURITY AND GOVERNMENTAL AFFAIRS&nbsp;</p><p>Subtitle A--Homeland Security Provisions&nbsp;</p><p>This subtitle provides funding for border security.</p><p>(Sec. 90001) This section provides over $46 billion in funding through FY2029 to U.S. Customs and Border Protection (CBP) for construction, installation, or improvement to barriers; access roads; detection technology; and other work to prepare the ground at or near the U.S. border.&nbsp;</p><p>(Sec. 90002) This section provides over $12 billion in funding through FY2029 for CBP personnel, bonuses, facilities, and fleet vehicles.</p><p>(Sec. 90003) This section provides $45 billion in funding through FY2029 to the U.S. Immigration and Customs Enforcement (ICE) for increased capacity in detention facilities for the purposes of detaining adults and families who are non-U.S. nationals (aliens under federal law).</p><p>(Sec. 90004) This section provides over $6 billion in funding through FY2029 for CBP inspection and surveillance equipment, screenings (including of unaccompanied children), rapid air and marine response capabilities, vetting, and activities to prevent drug trafficking.</p><p>(Sec. 90005) This section provides funding to the Federal Emergency Management Agency (FEMA)&nbsp;to be administered through the State Homeland Security Grant Program. Specifically, it provides through FY2029&nbsp;(1) $500 million&nbsp;to assist state and local authorities to detect, identify, track, or monitor unmanned aircraft systems; (2) $625 million for security, planning, and other costs related to the 2026 FIFA World Cup; (3) $1 billion for security, planning, and other costs related to the 2028 Olympics; and (4) $450 million for the Operation Stonegarden grant program, which provides support for enhanced cooperation and coordination between federal, state, local, and tribal governments to improve border security.</p><p>The section also establishes a $10 billion fund available through FY2034 in the Department of Homeland Security (DHS) to reimburse states and units of local government for costs associated with border security actions taken on or after January 20, 2021. Specifically, DHS shall provide grants for (1) barriers along the southern U.S. border, (2) the detection and interception of certain individuals and illicit drugs, and (3) the relocation of non-U.S. nationals (aliens under federal law) from small population centers to other domestic locations. &nbsp;</p><p>(Sec. 90006) This section provides $300 million in funding through FY2029 to FEMA to reimburse state and local law enforcement for extraordinary costs associated with protecting a residence of the President.&nbsp;</p><p>(Sec. 90007) This section provides $10 billion in funding through FY2029 to DHS for reimbursement of costs incurred for activities in support of safeguarding U.S. borders.</p><p>Subtitle B--Governmental Affairs Provisions</p><p>This subtitle revises the Federal Employees Health Benefits (FEHB) Program.</p><p><em>FEHB Protection Act of 2025</em></p><p>(Sec. 90101) This"
,,,,,"section requires the Office of Personnel Management (OPM) to issue regulations and implement a process to verify (1) the veracity of any qualifying life event through which an enrollee in the FEHB Program seeks to add a family member for coverage under the program; and (2) that, when an enrollee seeks to add a family member to the FEHB program, the individual added is a qualifying family member.</p><p>The section also requires OPM to conduct a comprehensive audit regarding family members enrolled in the FEHB program. In conducting this audit, OPM must review marriage certificates, birth certificates, and other appropriate documents to determine eligibility.</p><p>OPM must develop a process to disenroll or remove an individual who is not eligible to participate in the FEHB program. &nbsp;</p><p>The section allows for $66 million of the Employees Health Benefits Fund to be available to OPM FY2026 through FY2035 to carry out eligibility verification requirements and audit activities.</p><p>(Sec. 90102) This section provides $88 million in FY2026 funding for the Pandemic Response Accountability Committee to support oversight of the coronavirus response and of funds provided pertaining to the coronavirus pandemic. The section extends the committee to September 30, 2034 (currently, the committee terminates on September 30, 2025).</p><p>(Sec. 90103) This section provides $100 million in funding through FY2029 to the Office of Management and Budget for purposes of finding budget and accounting efficiencies in the executive branch.</p><p>TITLE X--COMMITTEE ON THE JUDICIARY</p><p>Subtitle A--Immigration and Law Enforcement Matters</p><p>Part I--Immigration Fees</p><p>This part establishes additional or increased fees for various immigration programs and procedures.</p><p>(Sec. 100002) This section establishes a fee of at least $100 for applications for asylum.&nbsp;</p><p>(Sec. 100003) This section establishes a fee of at least $550 for asylees, parolees, or individuals granted temporary protected status who are applying for initial employment authorization.</p><p>(Sec. 100004) This section establishes a fee of at least $1,000 for&nbsp;non-U.S. nationals (aliens under federal law) paroled into the United States. This section provides exceptions on a case-by-case basis, such as in situations involving a life-threatening medical emergency.</p><p>(Sec. 100005) This section establishes a fee of at least $250 for applications for special immigrant juvenile status.</p><p>(Sec. 100006) This section increases the maximum fee for applications for temporary protected status to $500.</p><p>(Sec. 100007) This section establishes a fee of at least $250 for individuals issued a nonimmigrant visa.&nbsp;This fee may be reimbursed to individuals who comply with conditions of the visa.</p><p>(Sec. 100008) This section establishes a fee of at least $24 for applications for&nbsp;nonimmigrants to be admitted to the United States (i.e., an I-94 Arrival-Departure Record).</p><p>(Sec. 100009) This section establishes a fee of at least $100 per calendar year that an individual’s asylum application remains pending.</p><p>(Sec. 100010) This section establishes a fee of at least $275 for parolees who are seeking a renewal or extension of employment authorization.</p><p>(Sec. 100011) This section establishes a fee of at least $275 for asylees who are seeking a renewal or extension of employment authorization.</p><p>(Sec. 100012) This section establishes a fee of at least $275 for individuals with temporary protected status who are seeking a renewal or extension of employment authorization.</p><p>(Sec. 100013) This section establishes various fees for specified judicial and adjudicative filings, including at least</p><ul><li>$1,500 for filing in immigrant court an application to adjust an individual’s status to a lawful permanent resident,</li><li>$1,050 for filing in immigration court an application for waiver of grounds of inadmissibility,</li><li>$500 for filing in immigration court an application for temporary protected status,</li><li>$900 for filing an appeal of a decision of an immigration judge or a DHS officer,</li><li>$1,325 for a practitioner filing an appeal in a disciplinary case,</li><li>$900 for filing a motion to reopen or reconsider the decision of an immigration judge or the Board of Immigration Appeals,</li><li>$600 for filing in immigration court an application for a suspension of deportation,</li><li>$600 for filing in immigration court an application for cancellation of the removal of a lawful permanent resident, and</li><li>$1,500 for filing in immigration court an application for cancellation of removal and adjustment of status for any non-U.S. national (alien under federal law).</li></ul><p>(Sec. 100014) This section extends to October 31, 2034, the fee charged for the use of an automated electronic system for travel authorization. The system collects information to determine the eligibility of an alien to travel to the United States. This section also sets minimums for the fee.</p><p>(Sec. 100015) This section establishes a fee of at least $30 for individuals who enroll in the electronic visa update system.</p><p>(Sec. 100016) This section establishes a fee of at least $5000 for individuals who are ordered removed in absentia and are subsequently arrested by ICE.</p><p>(Sec. 100017) This section establishes a fee of at least $5000 for individuals who are inadmissible and apprehended between ports of entry.</p><p>(Sec. 100018) This section makes the imposition of an application fee for asylum mandatory rather than discretionary as under current law. The section also removes the limit on this fee and discontinues installment payments for this fee.&nbsp;</p><p>Part II--Immigration and Law Enforcement Funding</p><p>(Sec. 100051) This section provides over $2 billion in funding through FY2029 to DHS for&nbsp;</p><ul><li>immigration and enforcement activities;</li><li>the removal of individuals, including specified unaccompanied children, individuals who have not been admitted or paroled, or individuals who are inadmissible on security grounds;</li><li>criminal and gang checks for unaccompanied children who are 12 years of age or older;&nbsp;<br/>personnel;</li><li>the collection of fingerprints and DNA from individuals without a valid visa;</li><li>state and local participation in homeland security efforts; and</li><li>information technology.</li></ul><p>(Sec. 100052) This section provides over $29 billion in funding through FY2029 for ICE for hiring and training, certain bonuses, recruitment and onboarding, transportation for departure or removal operations, information technology, facilities, fleets, the care and custody of certain detained families, supporting agreements under which immigration officer functions are performed by states, and hiring for the Victims of Immigration Crime Engagement Office and the Office of the Principal Legal Advisor of&nbsp;DHS.&nbsp;</p><p>(Sec. 100053) This section provides $750 million in funding through FY2029 for training and facilities at DHS Federal Law Enforcement Training Centers.</p><p>(Sec. 100054) This section provides over $3 billion in funding through FY2029 to the Department of Justice for the Executive Office of Immigration Review, to counter drug trafficking, prosecution of immigration matters, staffing for matters concerning non-party or other injunctive relief against the federal government, specified grants related to crime and immigration enforcement, staffing for matters prioritizing certain lawsuit settlements, and providing compensation to states and localities for incarcerating certain non-U.S. national criminals.</p><p>(Sec. 100055) This section provides $3.5 billion in funding through FY2028 to reimburse states and units of local government for costs associated with locating and apprehending certain criminals, in addition to other activities taken on or after January 20, 2021.</p><p>(Sec. 100056) This section provides $5 billion in funding through FY2029 for the Bureau of Prisons for salaries, benefits, and facilities.&nbsp;</p><p>(Sec. 100057) This section provides over $1 billion in funding through FY2029 for the U.S. Secret Service for personnel, bonuses, training facilities, programming, and technology.</p><p>Subtitle B--Judiciary Matters</p><p>(Sec. 100101) This section provides funding for the Administrative Office of the U.S. Courts for the purpose of analysis and reporting regarding the state of the dockets of the courts, including metrics regarding judicial orders for non-party relief (i.e., orders that apply to those not before the court) against the federal government.</p><p>(Sec. 100102) This section provides funding for the Federal Judicial Center for the purpose of carrying out continuing education and training for personnel of the judicial branch, including training on non-party relief against the federal government.</p><p>Subtitle C--Radiation Exposure Compensation Matters</p><p>This subtitle reestablishes and expands a program to compensate individuals who were exposed to radiation during certain nuclear testing or uranium mining and who subsequently developed medical conditions, particularly cancer. This program compensated individuals who were present in a designated geographic area during a period of nuclear testing and certain individuals employed in uranium mining.</p><p>(Sec. 100201) This section extends through 2028 the fund that supports this program.</p><p>(Sec. 100202) This section (1) increases the amount of compensation awarded to new eligible claimants, and (2) expands the designated areas to include Idaho and New Mexico and additional areas in Nevada and Utah.</p><p>(Sec. 100203) This section makes more individuals who worked in uranium mining eligible for the program.</p><p>(Sec. 100204) This section expands this program to compensate individuals located in specified areas of Missouri, Tennessee, Alaska, or Kentucky associated with waste from the Manhattan Project and who subsequently developed specified types of cancer.</p><p>(Sec. 100205) This section extends through 2027 the statute of limitations for filing claims (the program expired in 2024).</p>"
"S. 2882",https://www.congress.gov/bill/119th-congress/senate-bill/2882,"119th Congress (2025-2026)","Continuing Appropriations and Extensions and Other Matters Act, 2026","Failed Senate","<p><strong>Continuing Appropriations and Extensions and Other Matters Act, 2026</strong></p><p>This bill provides continuing FY2026 appropriations for federal agencies, permanently extends the expanded premium tax credit for purchasing health insurance, provides additional funding for Medicaid and security for federal officials, and extends various expiring programs.</p><p>Specifically, the bill provides continuing FY2026 appropriations to federal agencies through the earlier of October 31, 2025, or the enactment of the applicable appropriations act. It is known as a continuing resolution (CR) and prevents a government shutdown that would otherwise occur if the FY2026 appropriations bills have not been enacted when FY2026 begins on October 1, 2025.</p><p>The&nbsp;CR funds most programs and activities at the FY2025 levels with several exceptions that provide funding flexibility and additional appropriations for various programs. For example, the CR provides additional funding for the Corporation for Public Broadcasting and security for federal officials.</p><p>In addition, the CR</p><ul><li>permanently extends provisions that expanded the premium tax credit, which generally reduces premiums for health insurance purchased through a health insurance exchange;</li><li>repeals health care provisions that were included in the One Big Beautiful Bill Act, including&nbsp;provisions that reduced Medicaid funding;&nbsp;</li><li>authorizes the District of Columbia to spend local funds at the rates included in its FY2026 local budget;</li><li>extends the availability of certain funds that are being withheld by the Office of Management and&nbsp;Budget (OMB); and</li><li>limits the authority of&nbsp;OMB to withhold appropriations.</li></ul><p>Finally, the bill extends several expiring programs and authorities, including programs related to health care, veterans, homeland security, and agriculture. &nbsp;</p>"
"S. 2682",https://www.congress.gov/bill/119th-congress/senate-bill/2682,"119th Congress (2025-2026)","Captain Paul W. 'Bud' Bucha VA Medical Center Act of 2025","Passed Senate",
"S. 2480",https://www.congress.gov/bill/119th-congress/senate-bill/2480,"119th Congress (2025-2026)","Telecom Cybersecurity Transparency Act","Passed Senate",
"S. 2403",https://www.congress.gov/bill/119th-congress/senate-bill/2403,"119th Congress (2025-2026)","Retire through Ownership Act","Passed Senate",
"S. 2392",https://www.congress.gov/bill/119th-congress/senate-bill/2392,"119th Congress (2025-2026)","Veterans’ Compensation Cost-of-Living Adjustment Act of 2025","Passed House","<p><strong>Veterans' Compensation Cost-of-Living Adjustment Act of 2025</strong><strong></strong></p><p>This bill requires the Department of Veterans Affairs (VA) to increase the amounts payable for wartime disability compensation, additional compensation for dependents, the clothing allowance for certain disabled veterans, and dependency and indemnity compensation for surviving spouses and children. Specifically, the VA must increase the amounts by the same percentage as the cost-of-living increase in benefits for Social Security recipients that is effective on December 1, 2025. The bill requires the VA to publish the amounts payable, as increased, in the Federal Register.</p><p>The VA is authorized to make a similar adjustment to the rates of disability compensation payable to persons who have not received compensation for service-connected disability or death.</p>"
"S. 2296",https://www.congress.gov/bill/119th-congress/senate-bill/2296,"119th Congress (2025-2026)","National Defense Authorization Act for Fiscal Year 2026","Passed Senate","<p><strong>National Defense Authorization Act for Fiscal Year 2026</strong></p><p>This bill sets forth policies and authorities for FY2026 for&nbsp;Department of Defense (DOD) programs and activities, military construction, and the national security programs of the Department of Energy (DOE). It also authorizes the Defense Nuclear Facilities Safety Board for FY2026. The bill authorizes appropriations but it does not provide budget authority, which is provided by appropriations legislation.</p><p>Among other elements, the bill</p><ul><li>authorizes the procurement of various items, including aircraft, ships, and missiles;</li><li>authorizes active duty and reserve component personnel strength levels;</li><li>authorizes specified military construction projects and extends the authorization of certain projects from previous fiscal years;</li><li>requires DOD to develop a strategy on the national security implications of emerging&nbsp;biotechnologies;</li><li>requires the Navy to implement certain processes to improve the material condition and combat readiness of Navy surface ships maintained and repaired at private shipyards;&nbsp;</li><li>extends the Pacific Deterrence Initiative (an initiative to enhance U.S. deterrence and defense posture, assure allies and partners, and increase capability and readiness in the Indo-Pacific region) through FY2026; and</li><li>repeals various statutory provisions related to diversity, equity, and inclusion within DOD, including&nbsp;a provision establishing the position of Chief Diversity Officer of DOD.</li></ul><p>For additional information on the National Defense Authorization Act (NDAA) see</p><ul><li><a href=""https://www.congress.gov/crs-product/IF10516"">In Focus IF10516, Defense Primer: Navigating the NDAA</a>, and</li><li><a href=""https://www.congress.gov/crs-product/IF10515"">In Focus IF10515, Defense Primer: The NDAA Process</a>.</li></ul>"
"S. 2283",https://www.congress.gov/bill/119th-congress/senate-bill/2283,"119th Congress (2025-2026)","A bill to designate the facility of the United States Postal Service located at 201 West Oklahoma Avenue in Guthrie, Oklahoma, as the ""Oscar J. Upham Post Office"".","Passed Senate",
"S. 2144",https://www.congress.gov/bill/119th-congress/senate-bill/2144,"119th Congress (2025-2026)","A bill to improve the safety and security of Members of Congress, immediate family members of Members of Congress, and congressional staff.","Passed Senate",
"S. 1872",https://www.congress.gov/bill/119th-congress/senate-bill/1872,"119th Congress (2025-2026)","Critical Infrastructure Manufacturing Feasibility Act","Passed Senate",
"S. 1728",https://www.congress.gov/bill/119th-congress/senate-bill/1728,"119th Congress (2025-2026)","Employee Ownership Representation Act of 2025","Passed Senate","<p><strong>Employee Ownership Representation Act of 2025</strong></p><p>This bill expands the membership of the Advisory Council on Employee Welfare and Pension Benefit Plans to include two representatives of employee ownership organizations.</p><p>The advisory council generally advises and makes recommendations to the Department of Labor about the department's functions under the Employee Retirement Income Security Act of 1974 (ERISA).</p>"
"S. 1659",https://www.congress.gov/bill/119th-congress/senate-bill/1659,"119th Congress (2025-2026)","Bankruptcy Administration Improvement Act of 2025","Passed Senate",
"S. 1596",https://www.congress.gov/bill/119th-congress/senate-bill/1596,"119th Congress (2025-2026)","Jocelyn Nungaray National Wildlife Refuge Act","Became Law","<p><strong>Jocelyn Nungaray National Wildlife Refuge Act</strong></p><p>This bill renames the Anahuac National Wildlife Refuge located in Anahuac, Texas, as the Jocelyn Nungaray National Wildlife Refuge.</p>"
"S. 1595",https://www.congress.gov/bill/119th-congress/senate-bill/1595,"119th Congress (2025-2026)","Improving Police CARE Act","Passed Senate",
"S. 1582",https://www.congress.gov/bill/119th-congress/senate-bill/1582,"119th Congress (2025-2026)","GENIUS Act","Became Law","<p><strong>Guiding and Establishing National Innovation for U.S. Stablecoins Act or the GENIUS Act</strong></p><p>This bill establishes a regulatory framework for payment&nbsp;stablecoins (digital assets which an issuer must redeem for a fixed value).</p><p>Under the bill, only permitted issuers may issue a payment stablecoin for use by U.S. persons, subject to certain exceptions and safe harbors. Permitted issuers must be a subsidiary of an insured depository institution, a federal-qualified nonbank payment stablecoin issuer, or a state-qualified payment stablecoin issuer. Permitted issuers must be regulated by the appropriate federal or state&nbsp;regulator. Permitted issuers may choose federal or state regulation; however, state regulation is&nbsp;limited to those with&nbsp;a&nbsp;stablecoin issuance of $10 billion or less.</p><p>Permitted issuers must maintain reserves backing the&nbsp;stablecoin on a one-to-one basis using  U.S. currency or other similarly liquid assets, as specified. Permitted issuers must also publicly disclose their redemption policy and publish monthly&nbsp;the details of their reserves.</p><p>The bill specifies requirements for (1) reusing reserves; (2) providing safekeeping services for&nbsp;stablecoins; and (3) supervisory, examination, and enforcement authority over federal-qualified issuers.</p><p>The bill allows foreign issuers of stablecoins to offer, sell, or make available in the United States stablecoins using digital asset service providers, subject to requirements, including  a determination by the&nbsp;Department of Treasury that they are subject to comparable foreign regulations.</p><p>Under the bill, permitted payment stablecoins are not considered securities under securities law. However, permitted issuers&nbsp;are&nbsp;subject to the Bank Secrecy Act for anti-money laundering and related purposes.</p>"
"S. 1467",https://www.congress.gov/bill/119th-congress/senate-bill/1467,"119th Congress (2025-2026)","Homebuyers Privacy Protection Act","Passed Senate",
"S. 1440",https://www.congress.gov/bill/119th-congress/senate-bill/1440,"119th Congress (2025-2026)","Uniformed Services Leave Parity Act","Passed Senate",
"S. 1333",https://www.congress.gov/bill/119th-congress/senate-bill/1333,"119th Congress (2025-2026)","Strengthening Child Exploitation Enforcement Act","Passed Senate",
"S. 1155",https://www.congress.gov/bill/119th-congress/senate-bill/1155,"119th Congress (2025-2026)","A bill to amend the Trafficking Victims Protection Act of 2000 to make technical corrections.","Passed Senate",
"S. 1136",https://www.congress.gov/bill/119th-congress/senate-bill/1136,"119th Congress (2025-2026)","DETERRENCE Act","Passed Senate",
"S. 1112",https://www.congress.gov/bill/119th-congress/senate-bill/1112,"119th Congress (2025-2026)","Big Bend National Park Boundary Adjustment Act","Passed Senate",
"S. 1077",https://www.congress.gov/bill/119th-congress/senate-bill/1077,"119th Congress (2025-2026)","District of Columbia Local Funds Act, 2025","Passed Senate","<p><strong>District of Columbia Local Funds Act, 2025</strong></p><p>This bill appropriates FY2025 local funds to the District of Columbia for programs and activities included in the District's Fiscal Year 2025 Local Budget Act of 2024.&nbsp;</p><p>Under current law, Congress is required to approve the District's annual budget. This bill approves the budget and allows the District to spend local funds for programs and activities that are included in the budget at the rates specified in the budget.&nbsp;</p>"
"S. 1071",https://www.congress.gov/bill/119th-congress/senate-bill/1071,"119th Congress (2025-2026)","A bill to require the Secretary of Veterans Affairs to disinter the remains of Fernando V. Cota from Fort Sam Houston National Cemetery, Texas, and for other purposes.","Passed Senate",
"S. 1051",https://www.congress.gov/bill/119th-congress/senate-bill/1051,"119th Congress (2025-2026)","Historic Greenwood District—Black Wall Street National Monument Establishment Act","Passed Senate",
"S. 1038",https://www.congress.gov/bill/119th-congress/senate-bill/1038,"119th Congress (2025-2026)","TRACE Act","Passed Senate",
"S. 1020",https://www.congress.gov/bill/119th-congress/senate-bill/1020,"119th Congress (2025-2026)","A bill to require the Federal Energy Regulatory Commission to extend the time period during which licensees are required to commence construction of certain hydropower projects.","Passed Senate",
"S. 1003",https://www.congress.gov/bill/119th-congress/senate-bill/1003,"119th Congress (2025-2026)","Lulu’s Law","Passed Senate","<p><strong>Lulu’s Law</strong></p><p>This bill requires the Federal Communications Commission to issue an order explicitly permitting the transmission of wireless emergency alerts to mobile phones in the event of a shark attack.&nbsp;</p><p>(Under current regulations, authorized government authorities are permitted to send wireless emergency alerts regarding public safety emergencies, including severe weather, missing children, and other threats to life or property.)</p>"
"S. 960",https://www.congress.gov/bill/119th-congress/senate-bill/960,"119th Congress (2025-2026)","Justice for Murder Victims Act","Passed Senate",
"S. 911",https://www.congress.gov/bill/119th-congress/senate-bill/911,"119th Congress (2025-2026)","Chief Herbert D. Proffitt Act of 2025","Passed Senate",
"S. 778",https://www.congress.gov/bill/119th-congress/senate-bill/778,"119th Congress (2025-2026)","Lactation Spaces for Veteran Moms Act","Passed Senate","<p><strong>Lactation Spaces for Veteran Moms Act</strong></p> <p>This bill requires the Department of Veterans Affairs to ensure that each of its medical centers contains a hygienic lactation space that is not a bathroom and meets other specifications (e.g., must be easy to locate). </p>"
"S. 759",https://www.congress.gov/bill/119th-congress/senate-bill/759,"119th Congress (2025-2026)","Modernizing Access to Our Public Oceans Act","Passed Senate",
"S. 725",https://www.congress.gov/bill/119th-congress/senate-bill/725,"119th Congress (2025-2026)","Enhancing First Response Act","Passed Senate","<p><strong>Enhancing First Response Act</strong></p><p>This bill requires the Federal Communications Commission (FCC) to report on certain activations of the Disaster Information Reporting System (DIRS). DIRS is a reporting system that&nbsp;is activated during severe weather and other events impacting communications service and enables communications providers to report outages and other degradations to service.</p><p>If the system was activated for at least seven days, the FCC must issue a preliminary report that includes information about the number, duration, and nature of all associated outages. The FCC must also hold at least one public field hearing in the area affected by the event, and it must issue a final report that includes recommendations for improving the resiliency of affected networks or recovery efforts.</p><p>Separately, the FCC must publish a general report on (1) the volume and nature of 9-1-1 outages that are not required to be reported under current outage notification rules, and (2) the value to public safety agencies of the inclusion of visual information in outage notifications from communications providers.</p><p>The bill also requires the Office of Management and Budget, by 30 days after the bill's enactment, to categorize public safety telecommunicators as a protective service occupation under the Standard Occupational Classification System.</p><p>Finally, the Office of the&nbsp;Inspector General of the FCC is directed&nbsp;to publish a report on the implementation of Kari’s Law, which requires multiline telephone systems to be preconfigured to allow users to dial 9-1-1 directly from any phone without dialing any additional code or prefix.</p>"
"S. 616",https://www.congress.gov/bill/119th-congress/senate-bill/616,"119th Congress (2025-2026)","Foundation of the Federal Bar Association Charter Amendments Act of 2025","Passed Senate",
"S. 524",https://www.congress.gov/bill/119th-congress/senate-bill/524,"119th Congress (2025-2026)","Coast Guard Authorization Act of 2025","Passed Senate",
"S. 503",https://www.congress.gov/bill/119th-congress/senate-bill/503,"119th Congress (2025-2026)","NET Act","Passed Senate","<p><strong>Network Equipment Transparency Act or the NET Act</strong></p><p>This bill requires the Federal Communications Commission (FCC) to report biennially on the impact of network equipment availability on the deployment of advanced telecommunications capabilities (i.e., broadband). This assessment must be included in the FCC’s reports on the state of the communications marketplace, which are submitted to Congress and published publicly every other year.&nbsp;</p>"
"S. 433",https://www.congress.gov/bill/119th-congress/senate-bill/433,"119th Congress (2025-2026)","National Manufacturing Advisory Council Act","Passed Senate",
"S. 423",https://www.congress.gov/bill/119th-congress/senate-bill/423,"119th Congress (2025-2026)","PRO Veterans Act of 2025","Became Law","<p><strong>Protecting Regular Order for Veterans Act of 2025 or the PRO Veterans Act of 2025</strong></p><p>This bill requires the Department of Veterans Affairs (VA) to provide quarterly budget briefings to Congress and prohibits the VA from providing specified pay incentives to senior level employees.</p><p>First, the bill requires VA to provide quarterly budget briefings to Congress, which must include information on&nbsp;any budget shortfalls the VA may be experiencing. The VA must present its plans to address or mitigate shortfalls during such briefings.</p><p>Next, the bill prohibits the VA from providing certain senior level employees with a critical skill incentive, which is generally a payment bonus for employees possessing a high-demand skill or skill that is at a shortage. Specifically, the VA may not provide such an incentive to an employee in a Senior Executive Service position or other comparable position at the central office of the VA (e.g., the Veterans Health Administration), regardless of the actual location where the employee performs the functions of the position.</p><p>The bill also provides that an incentive may be provided to senior-level employees on an individual basis and upon approval by specified officers (e.g., the Under Secretary for Health). Additionally, senior-level employees whose positions are primarily at the central office of the VA but perform some portion of the job function&nbsp;at other VA facilities are exempt from the prohibition.</p><p>The VA must report to Congress annually regarding senior-level employees who were provided a critical skill incentive.</p>"
"S. 356",https://www.congress.gov/bill/119th-congress/senate-bill/356,"119th Congress (2025-2026)","Secure Rural Schools Reauthorization Act of 2025","Passed Senate",
"S. 331",https://www.congress.gov/bill/119th-congress/senate-bill/331,"119th Congress (2025-2026)","HALT Fentanyl Act","Became Law","<p><strong>Halt All Lethal Trafficking of Fentanyl Act or the HALT Fentanyl Act</strong></p><p>This bill permanently places fentanyl-related substances as a class into schedule I of the Controlled Substances Act. A schedule I controlled substance is a drug, substance, or chemical that has a high potential for abuse; has no currently accepted medical value; and is subject to regulatory controls and administrative, civil, and criminal penalties under the Controlled Substances Act.</p><p>Under the bill, offenses involving fentanyl-related substances are triggered by the same quantity thresholds and subject to the same penalties as offenses involving fentanyl analogues (e.g., offenses involving 100 grams or more trigger a 10-year mandatory minimum prison term).</p><p>Additionally, the bill establishes a new, alternative registration process for certain schedule I research.</p><p>The bill also makes several other changes to registration requirements for conducting research with controlled substances, including</p><ul><li>permitting a single registration for related research sites in certain circumstances,</li><li>waiving the requirement for a new inspection in certain situations, and</li><li>allowing a registered researcher to perform certain manufacturing activities with small quantities of a substance without obtaining a manufacturing registration.</li></ul><p>Finally, the bill expresses the sense that Congress agrees with the interpretation of the Controlled Substances Act in <em>United States v. McCray</em>, a 2018 case decided by the U.S. District Court for the Western District of New York. In that case, the court held that butyryl fentanyl, a controlled substance, can be considered an analogue of fentanyl even though, under the Controlled Substances Act, the term <em>controlled substance analogue</em> specifically excludes a controlled substance.</p>"
"S. 318",https://www.congress.gov/bill/119th-congress/senate-bill/318,"119th Congress (2025-2026)","ANCHOR Act","Passed Senate","<p><strong>Accelerating Networking, Cyberinfrastructure, and Hardware for Oceanic Research Act or the ANCHOR Act&nbsp;</strong></p><p>This bill requires the National Science Foundation (NSF) to develop a plan to improve the cybersecurity and telecommunications capabilities of the U.S. Academic Research Fleet (ARF).</p><p>ARF is comprised of U.S.-flagged vessels that provide at-sea laboratories where oceanographic scientists, educators, and students research and learn about marine science.&nbsp;</p><p>The bill requires the plan to include assessments of</p><ul><li>telecommunications and networking needs of ARF, consistent with typical scientific missions;</li><li>cybersecurity needs appropriate for the ownership of ARF vessels and their typical research functions;</li><li>the costs necessary to meet these needs; and</li><li>the time required to implement necessary upgrades.</li></ul><p>The plan must also include (1) a spending plan for the NSF, the Office of Naval Research, nonfederal&nbsp;owners of ARF vessels,&nbsp;and users of the vessels to cover identified costs; and (2) a proposal regarding the adoption of common solutions or&nbsp;consortial licensing agreements, or the centralization of cybersecurity, telecommunications, or data management at a single facility.&nbsp;</p><p>Among other factors specified in the bill, the&nbsp;NSF must consider the network capabilities necessary to meet mission needs (e.g., to upload data to shoreside servers), international standards and guidance for information security, and requirements for controlled unclassified or classified information.&nbsp;</p><p>The plan must be provided to Congress within one year of the bill's enactment.</p>"
"S. 307",https://www.congress.gov/bill/119th-congress/senate-bill/307,"119th Congress (2025-2026)","Prison Staff Safety Enhancement Act","Passed Senate","<p><strong>Prison Staff Safety Enhancement Act</strong></p><p>This bill establishes requirements for the Department of Justice (DOJ) and component agencies to assess and respond to incidents of sexual harassment and sexual assault by incarcerated individuals against Bureau of Prisons (BOP) staff.</p><p>Specifically, the&nbsp;bill requires DOJ&nbsp;to adopt national standards for the prevention, reduction, and punishment of sexual harassment and sexual assault by incarcerated individuals against correctional officers or other employees of the BOP.</p><p>Additionally, the bill requires the BOP to fully implement the recommendations of the DOJ Inspector General&nbsp;contained in the report titled <em>Evaluation of the Federal Bureau of Prisons’ Efforts to Address Sexual Harassment and Sexual Assault Committed by Inmates Toward Staff</em>.</p>"
"S. 306",https://www.congress.gov/bill/119th-congress/senate-bill/306,"119th Congress (2025-2026)","Fire Ready Nation Act of 2025","Passed Senate","<p><strong>Fire Ready Nation Act of 2025</strong></p><p>This bill provides statutory authority for  existing wildfire response services of the&nbsp;National Oceanic and Atmospheric Administration (NOAA), and establishes new programs and collaborative efforts to improve fire forecasting and readiness.&nbsp;&nbsp;</p><p>Specifically, in addition to other efforts, the bill directs&nbsp;NOAA to&nbsp;</p><ul><li>establish a coordinated fire weather services program to support readiness for and responsiveness to wildfires, fire weather, smoke, post-fire flooding and debris, and related hazards;</li><li>develop a digital presence to promote access to and use of the services, tools, data, and information produced by the fire weather services program;</li><li>establish a fire weather test bed to facilitate the evaluation and implementation of new capabilities, including through research and development on the use of uncrewed aircraft systems (commonly known as drones) to improve data collection;</li><li>conduct an annual assessment after the close of fire weather season to investigate data gaps and update systems as needed;</li><li>evaluate and update, as appropriate, the Automated Surface Observing System (the primary surface weather network in the United States) and the system used to rate the risk of wildfire; and</li><li>establish an Incident Meteorologist Service within the National Weather Service to provide on-site support before, during, and after significant weather-related events.</li></ul><p>The bill also exempts&nbsp;federal wildland firefighters, fire management response officials, and accompanying incident meteorologists and management teams from certain premium pay limitations.&nbsp;</p><p>Finally, the bill directs the Government Accountability Office to evaluate and report on the implementation of the fire weather services program, among other topics.&nbsp;</p>"
"S. 284",https://www.congress.gov/bill/119th-congress/senate-bill/284,"119th Congress (2025-2026)","Congressional Award Program Reauthorization Act","Passed Senate","<p><strong>Congressional Award Program Reauthorization Act</strong></p><p>This bill reauthorizes through FY2028 the board that administers the Congressional Award Program, which promotes and recognizes service, initiative, and achievement in America's youth. The reauthorization is effective as if enacted on October 1, 2023. The bill also removes a requirement for program medals to consist of gold-plate over bronze, rhodium over bronze, or bronze.</p>"
"S. 283",https://www.congress.gov/bill/119th-congress/senate-bill/283,"119th Congress (2025-2026)","Illegal Red Snapper and Tuna Enforcement Act","Passed Senate",
"S. 282",https://www.congress.gov/bill/119th-congress/senate-bill/282,"119th Congress (2025-2026)","Katahdin Woods and Waters National Monument Access Act","Passed Senate",
"S. 269",https://www.congress.gov/bill/119th-congress/senate-bill/269,"119th Congress (2025-2026)","Ending Improper Payments to Deceased People Act","Passed Senate","<p><strong>Ending Improper Payments to Deceased People Act</strong></p><p>This bill permanently allows the Department of the Treasury to access certain death records maintained by the Social Security Administration (SSA) in order to facilitate the identification&nbsp;and prevention of improper payments (e.g., payments&nbsp;to deceased individuals).&nbsp;</p><p>Current law requires the SSA to share its Death Master File with the Do Not Pay system maintained by Treasury for three years.&nbsp;The bill makes this requirement permanent.</p>"
"S. 260",https://www.congress.gov/bill/119th-congress/senate-bill/260,"119th Congress (2025-2026)","Bottles and Breastfeeding Equipment Screening Enhancement Act","Passed House","<p><strong>Bottles and Breastfeeding Equipment Screening Enhancement Act</strong></p><p>This bill directs the Transportation Security Administration to issue or update guidance to minimize the risk for contamination of breast milk, baby formula, purified deionized water for infants, juice, and related products that are subject to re-screening or additional screening, including by ensuring adherence to hygienic standards. Related products include ice packs, freezer packs, frozen gel packs, and other accessories required to cool breast milk, baby formula, and juice.</p><p>In addition, the bill directs the Department of Homeland Security Office of Inspector General to audit compliance with these requirements and submit a report to Congress.</p>"
"S. 259",https://www.congress.gov/bill/119th-congress/senate-bill/259,"119th Congress (2025-2026)","Foreign Adversary Communications Transparency Act","Passed Senate","<p><strong>Foreign Adversary Communications Transparency Act</strong></p><p>This bill requires the Federal Communications Commission (FCC) to annually publish a list of entities that hold a license or other authorization granted by the FCC and have ties to specified foreign countries.</p><p>With respect to entities holding cable landing licenses (for the placement and operation of submarine communications cables) or other licenses granted via competitive auction, the FCC must publish a list of all such entities (1) in which a covered entity holds a specified voting or equity interest, or (2) that have been determined by a national security agency to be subject to the control of a covered entity.&nbsp;</p><p>With respect to entities holding all other categories of FCC licenses or other&nbsp;authorizations, the FCC must first issue rules facilitating the collection of information on such licensees’ ownership structure. After that information is obtained, the FCC must add to the published list any such entity in which a covered entity holds a specified voting or equity interest.&nbsp;</p><p>Under the bill, a <em>covered entity</em> is defined as an entity organized in China, Iran, North Korea, or Russia; a subsidiary of such an entity; or the government of China, Iran, North Korea, or Russia.</p>"
"S. 257",https://www.congress.gov/bill/119th-congress/senate-bill/257,"119th Congress (2025-2026)","Promoting Resilient Supply Chains Act of 2025","Passed Senate","<p><strong>Promoting Resilient Supply Chains Act of 2025</strong></p><p>This bill requires the Industry and Analysis office of the International Trade Administration of the Department of Commerce to monitor and respond to disruptions in critical industries and supply chains.</p><p>Specifically, the office must (1) establish the Supply Chain Resilience Working Group; (2) assess,&nbsp;map, and model critical supply chains; (3) identify high-priority supply chain gaps and vulnerabilities in critical industries; (4) identify and evaluate the effect of potential supply chain disruptions on market stability; and (5) collaborate with other governmental bodies and key international partners to identify opportunities to reduce supply chain gaps and vulnerabilities.</p><p>Additionally, the office, in consultation with the working group and specified nongovernmental entities, must&nbsp;make recommendations and implement a strategy to improve the security and resiliency of manufacturing capacity and supply chains for critical industries (including critical industries for emerging technologies).</p><p>The bill includes various reporting requirements.</p>"
"S. 254",https://www.congress.gov/bill/119th-congress/senate-bill/254,"119th Congress (2025-2026)","ARTIST Act","Passed Senate","<p><strong>Alaska’s Right To Ivory Sales and Tradition Act or the ARTIST Act</strong></p><p>This bill prohibits states from imposing bans on marine mammal products produced by Alaska Natives.</p><p>Specifically, states may not prohibit the importation, sale, transfer, trade, barter, or possession of marine mammal ivory, marine mammal bone, or baleen legally produced by an Alaska Native as an authentic Alaska Native article of handicrafts and clothing.</p>"
"S. 216",https://www.congress.gov/bill/119th-congress/senate-bill/216,"119th Congress (2025-2026)","Save Our Seas 2.0 Amendments Act","Passed Senate",
"S. 201",https://www.congress.gov/bill/119th-congress/senate-bill/201,"119th Congress (2025-2026)","ACES Act of 2025","Became Law","<p><strong>ACES Act</strong></p><p>This bill requires the Department of Veterans Affairs to enter into an agreement with the National Academies of Sciences, Engineering, and Medicine to study and report on the prevalence and mortality of cancers among veterans who served on active duty as aircrew members and regularly flew in fixed-wing aircraft.</p>"
"S. 195",https://www.congress.gov/bill/119th-congress/senate-bill/195,"119th Congress (2025-2026)","American Music Tourism Act of 2025","Passed Senate","<p><strong>American Music Tourism Act of 2025</strong></p><p>This bill directs the National Travel and Tourism Office (NTTO) of the Department of Commerce to promote tourism to music-related and sports attractions.</p><p>The bill requires NTTO to promote domestic and international travel and tourism to&nbsp;U.S. music festivals, concert venues, and other music-related attractions and locations. The bill also expands NTTO's current mandate to facilitate sports and recreation events and activities to include the&nbsp;promotion of international travel and tourism to such activities in the United States.</p><p>NTTO must report its activities and findings to Congress within one year after the bill's enactment and, thereafter, every two years.&nbsp;</p>"
"S. 160",https://www.congress.gov/bill/119th-congress/senate-bill/160,"119th Congress (2025-2026)","Aerial Firefighting Enhancement Act of 2025","Became Law","<p><strong>Aerial Firefighting Enhancement Act of 2025</strong></p><p>This bill reauthorizes the Department of Defense to sell its excess aircraft and aircraft parts that are acceptable for commercial sale for wildfire suppression purposes. Such authority begins October 1, 2025, and ends October 1, 2035.</p><p>The bill also provides that such aircraft may be used to deliver water by air in order to suppress wildfire (the previous authority only provided for the delivery of fire retardant).</p><p>The bill removes the previous limitation on providing international wildfire suppression assistance with such purchased aircraft.</p>"
"S. 154",https://www.congress.gov/bill/119th-congress/senate-bill/154,"119th Congress (2025-2026)","Colorado River Basin System Conservation Extension Act","Passed Senate","<p><strong>Colorado River Basin System Conservation Extension Act</strong></p><p>This bill extends through FY2026 the Bureau of Reclamation's pilot projects&nbsp;to increase water levels in the Upper Colorado River Basin and Lake Mead due to drought conditions.</p>"
"S. 146",https://www.congress.gov/bill/119th-congress/senate-bill/146,"119th Congress (2025-2026)","TAKE IT DOWN Act","Became Law","<p><strong>Tools to Address Known Exploitation by Immobilizing Technological Deepfakes on Websites and Networks Act or the TAKE IT DOWN Act</strong></p><p>This bill generally prohibits the nonconsensual online publication of intimate visual depictions of individuals, both authentic and computer-generated, and requires&nbsp;certain&nbsp;online platforms to promptly remove such depictions upon&nbsp;receiving&nbsp;notice of their existence.&nbsp;</p><p>Specifically, the bill prohibits the online publication of intimate visual depictions of</p><ul><li>an adult subject where publication is intended to cause or does cause harm to the subject, and where the depiction was published without the subject’s consent or, in the case of an authentic depiction, was created or obtained under circumstances where the adult had a reasonable expectation of privacy; or</li><li>a minor subject where publication is intended to abuse or harass the minor or to arouse or gratify the sexual desire of any person.&nbsp;</li></ul><p>Violators are subject to mandatory restitution and&nbsp;criminal penalties, including  prison, a fine, or both. Threats to publish intimate visual depictions of a subject are similarly prohibited under the bill and subject to criminal penalties. &nbsp;</p><p>Separately, covered platforms must establish a process through which subjects of intimate visual depictions may notify the platform of the existence of, and request removal of, an intimate visual depiction including the subject that was published without the subject’s consent. Covered platforms must remove such depictions within 48 hours of notification. Under the bill,&nbsp;<em>covered platforms</em> are defined as public websites, online services, or applications that primarily provide a forum for user-generated content.</p>"
"S. 129",https://www.congress.gov/bill/119th-congress/senate-bill/129,"119th Congress (2025-2026)","No Tax on Tips Act","Passed Senate","<p><strong>No Tax on Tips Act</strong></p><p>This bill establishes a new tax deduction of up to $25,000 for tips, subject to limitations. The bill also expands the business tax credit for the portion of payroll taxes an employer pays on certain tips to include payroll taxes paid on tips received in connection with certain beauty services.</p><p>Under the bill, the new tax deduction for tips is limited to cash tips (1) received by an employee during the course of employment in an occupation that customarily receives tips, and (2) reported by the employee to the employer for purposes of withholding payroll taxes. (Under current law, an employee is required to report tips exceeding $20 per month to their employer.)</p><p>Further, an employee with compensation exceeding a specified threshold ($160,000&nbsp;in 2025 and adjusted annually for inflation) in the prior tax year may not claim the new tax deduction for tips.</p><p>Finally, the bill expands the business tax credit for the portion of payroll taxes that an employer pays on certain tips to include payroll taxes paid on tips received in connection with barbering and hair care, nail care, esthetics, and body and spa treatments. (Under current law, an employer is allowed a business tax credit for the amount of payroll taxes paid on certain tips received by an employee in connection with providing, delivering, or serving food or beverages.)&nbsp;&nbsp;</p>"
"S. 99",https://www.congress.gov/bill/119th-congress/senate-bill/99,"119th Congress (2025-2026)","Strengthening Support for American Manufacturing Act","Passed Senate","<p><strong>Strengthening Support for American Manufacturing Act</strong></p><p>This bill requires the Department of Commerce to contract with the National Academy of Public Administration to study and report on the offices and bureaus of the department that are relevant to critical supply chain resilience and manufacturing and industrial innovation.</p><p>The report must evaluate the purpose, statutory authority, effectiveness, efficiency, and limitations of each such office and bureau and provide recommendations to improve their effectiveness, efficiency, and impact.</p>"
"S. 98",https://www.congress.gov/bill/119th-congress/senate-bill/98,"119th Congress (2025-2026)","Rural Broadband Protection Act of 2025","Passed Senate","<p><strong>Rural Broadband Protection Act of 2025</strong></p><p>This bill requires the Federal Communications Commission (FCC) to establish a process to vet applicants for certain funding programs that support affordable broadband deployment in high-cost areas, including rural communities.</p><p>Specifically, the FCC must conduct a rulemaking to develop a vetting process for applicants seeking funding under high-cost universal service programs for the deployment of a broadband-capable network and the provision of supported services over the network. The FCC must require applications for such funding to document each applicant’s technical, financial, and operational capabilities related to the proposed deployment, as well as a reasonable business plan.&nbsp;</p><p>The FCC must evaluate applications against reasonable and well-established standards and must consider each applicant’s history of compliance with the requirements of other government broadband funding programs. After the rulemaking is finalized, funds may only be awarded to applicants that satisfy the standards established therein.&nbsp;</p><p>Finally, the FCC must set financial penalties for applicants that default in some manner during the evaluation process before they are authorized to begin receiving support. &nbsp;</p>"
"S. 97",https://www.congress.gov/bill/119th-congress/senate-bill/97,"119th Congress (2025-2026)","Securing Semiconductor Supply Chains Act","Passed Senate","<p><strong>Securing Semiconductor Supply Chains Act</strong></p><p>This bill requires the SelectUSA program to solicit comments from state economic development organizations regarding federal efforts to increase foreign direct investment in semiconductor-related manufacturing and production. SelectUSA must then report to Congress on such comments and the strategies that SelectUSA may employ to increase such investment and to secure the U.S. semiconductor supply chain.</p><p>SelectUSA is a Department of Commerce program established to coordinate federal efforts to attract and retain business investment in the United States.</p>"
"S. 93",https://www.congress.gov/bill/119th-congress/senate-bill/93,"119th Congress (2025-2026)","Harmful Algal Bloom and Hypoxia Research and Control Amendments Act of 2025","Passed Senate","<p><strong>Harmful Algal Bloom and Hypoxia Research and Control Amendments Act of 2025</strong></p><p>This bill extends through FY2030 and modifies the Harmful Algal Bloom and&nbsp;Hypoxia Research and Control Act to address algal blooms and hypoxia (deficiency of oxygen) in U.S. marine, estuarine, and freshwater systems. Harmful algal blooms are high concentrations of algae that may create nuisance or toxic conditions that are harmful to humans, animals, aquatic ecosystems, and the economy.</p><p>The bill directs the Inter-Agency Task Force on Harmful Algal Blooms and Hypoxia to submit to Congress an action strategy for harmful algal blooms at least once every five years. The bill also expands the task force's membership&nbsp;to include the Department of Energy.</p><p>The bill also expands the duties of the National Oceanic and Atmospheric Administration (NOAA) under the National Harmful Algal Bloom and Hypoxia program. NOAA must also carry out a variety of activities related to monitoring, predicting, preventing, mitigating, and responding to marine, coastal, and Great Lakes harmful algal bloom and hypoxia events. For example, NOAA must establish&nbsp;(1) a national network of observing systems for monitoring, detecting, and forecasting harmful algal blooms; and (2) a national-level incubator program to increase the number of strategies, technologies, and measures available to prevent, mitigate, and control harmful algal blooms.</p><p>Additionally, the Environmental Protection Agency must develop and enhance operational freshwater harmful algal bloom monitoring, observing, and forecasting programs in lakes, rivers, and reservoirs and carry out other activities related to researching freshwater harmful algal blooms and hypoxia events.</p>"
"S. 32",https://www.congress.gov/bill/119th-congress/senate-bill/32,"119th Congress (2025-2026)",LACA,"Passed Senate","<p><strong>Local Access to Courts Act or LACA</strong></p><p>This bill adds College Station to the list of places where court must be held in the Galveston Division of the Southern District of Texas.&nbsp;</p><p>Additionally, the bill adds El Centro to the list of places where court must be held in the Southern District of California.&nbsp;</p><p>&nbsp;</p>"
"S. 5",https://www.congress.gov/bill/119th-congress/senate-bill/5,"119th Congress (2025-2026)","Laken Riley Act","Became Law","<p><strong>Laken Riley Act</strong></p><p>This bill requires the Department of Homeland Security (DHS) to detain certain non-U.S. nationals (<em>aliens</em> under federal law) who have been arrested for burglary, theft, larceny, or shoplifting. The bill also authorizes states to sue the federal government for decisions or alleged failures related to immigration enforcement.</p><p>Under this bill, DHS must detain an individual who (1) is unlawfully present in the United States or did not possess the necessary documents when applying for admission; and (2) has been charged with, arrested for, convicted of, or admits to having committed acts that constitute the essential elements of burglary, theft, larceny, or shoplifting.</p><p>The bill also authorizes state governments to sue for injunctive relief over certain immigration-related decisions or alleged failures by the federal government if the decision or failure caused the state or its residents harm, including financial harm of more than $100. Specifically, the state government may sue the federal government over a</p><ul><li>decision to release a non-U.S. national from custody;</li><li>failure to fulfill requirements relating to inspecting individuals seeking admission into the United States, including requirements related to asylum interviews;</li><li>failure to fulfill a requirement to stop issuing visas to nationals of a country that unreasonably denies or delays acceptance of nationals of that country;</li><li>violation of limitations on immigration parole, such as the requirement that parole be granted only on a case-by-case basis; or</li><li>failure to detain an individual who has been ordered removed from the United States.</li></ul>"
